number_of_previous_reports,verified_report_count,transaction_price,reference_market_price,price_deviation_percentage,imei_status,seller_report_frequency,information_completeness,risk_label
6.0,1.0,51274.92,38989.36676640429,31.51,3.0,4.442591231819197,0.37590716009061953,2
3.0,1.0,21531.2,23870.51158840706,9.8,1.0,1.7099371958133103,0.4395546935218473,1
7.0,0.0,123152.36,126778.21416514658,2.86,4.0,5.185578852051284,0.8624265181025839,2
4.0,0.0,114958.82,105052.37648093054,9.43,2.0,3.3771676781920053,0.7565890925622003,2
1.0,1.0,48715.71,55226.96534898203,11.79,0.0,0.3151628300846798,0.9599890436762695,1
8.0,1.0,50309.09,65626.2610422147,23.34,4.0,5.172035799883622,0.8747478475560246,2
5.0,1.0,105105.28,84496.56366826792,24.39,3.0,4.198930293776363,0.5815541582336806,2
5.0,0.0,85537.54,104148.96190327607,17.87,3.0,4.204191879150077,0.8503443052984603,2
0.0,0.0,97385.87,84149.20412679837,15.73,0.0,0.06316566403452212,0.703500434724182,1
3.0,0.0,141050.39,83585.41769633365,68.75,1.0,1.6147769647350891,0.500410757977481,2
3.0,0.0,26800.58,31989.23414915706,16.22,1.0,1.768765140801252,0.9825625193350174,1
7.0,1.0,129259.03,174462.1794685152,25.91,4.0,5.3909135761392495,0.9499436953478895,2
4.0,1.0,140425.62,125739.27553783791,11.68,2.0,3.2095241422146104,0.37853891765472025,1
5.0,1.0,24611.59,37759.415074382254,34.82,3.0,4.191676399792979,0.8875950371645551,2
3.0,2.0,90155.88,90536.1365468078,0.42,1.0,1.8252580767652586,0.3543807038321419,1
0.0,0.0,111371.94,89176.02328561364,24.89,0.0,0.07862693194010645,0.9501734356403337,1
4.0,1.0,128884.1,124117.96691293332,3.84,2.0,3.1903751622085514,0.736916229969429,1
0.0,0.0,75800.76,125685.227391373,39.69,0.0,0.10406811809849692,0.416607571113132,1
5.0,0.0,97388.98,132592.20602615486,26.55,3.0,4.325823117163957,0.8720837050655563,2
5.0,2.0,142302.12,142601.58089532342,0.21,2.0,3.056182007458039,0.6610472885344552,1
5.0,1.0,34625.22,29637.268764513123,16.83,3.0,4.223911409801222,0.3416849122762967,2
2.0,2.0,64701.5,67935.21810883429,4.76,1.0,1.7980910285462042,0.8588991693542136,1
8.0,2.0,17126.69,13296.08564280775,28.81,4.0,5.41683772143912,0.8518367322924305,2
7.0,2.0,85972.64,96381.88729527275,10.8,4.0,5.3622756382130525,0.6374419627951029,2
5.0,2.0,44211.32,91591.7147877546,51.73,3.0,4.4714315605069315,0.8117767665459839,2
1.0,0.0,228843.6,149522.11673410094,53.05,0.0,0.3399392036264727,0.3281038303091474,2
3.0,0.0,44695.75,41752.21985549362,7.05,1.0,1.67459481745009,0.5226746177703362,1
0.0,0.0,147947.73,129983.94685384707,13.82,0.0,0.115861941257211,0.7712556677926937,1
0.0,0.0,88610.1,68271.89760672892,29.79,0.0,0.02829120182942013,0.4614240078672922,1
5.0,0.0,58059.1,82564.13021384284,29.68,2.0,3.138793808354983,0.6152879657699223,2
5.0,2.0,98558.55,146664.5038505763,32.8,3.0,4.0684243444233505,0.9523627311523071,2
8.0,0.0,16183.21,23594.129228979313,31.41,4.0,5.184612388870841,0.8787262450011277,2
3.0,2.0,69982.43,75128.74889692088,6.85,1.0,1.8512890696263027,0.6905975833638941,1
2.0,0.0,79577.12,84351.41372653385,5.66,1.0,1.8460170121065729,0.7037014316051542,1
3.0,1.0,145583.59,145992.36925181706,0.28,1.0,1.659083214681971,0.9209042121120672,1
0.0,0.0,76396.74,47852.63886343312,59.65,0.0,0.25427618530804397,0.9041413714718964,2
1.0,1.0,180964.07,190008.468801188,4.76,0.0,0.10838578490089956,0.36180771406807777,1
2.0,2.0,161994.84,199574.77103089006,18.83,1.0,1.7514883592670092,0.6259041663484959,1
0.0,0.0,203596.5,165592.9267558105,22.95,0.0,0.25504093811505707,0.43359755750000845,1
5.0,2.0,50289.37,66945.37527807034,24.88,2.0,3.150648419459201,0.358253829961488,2
3.0,1.0,116504.05,136134.66427384238,14.42,1.0,1.629733898120295,0.5046768560742472,1
5.0,2.0,28349.56,25798.12602260728,9.89,3.0,4.4897872319908405,0.7274506637417153,2
6.0,1.0,241248.84,175543.06998423702,37.43,3.0,4.268561755549377,0.8560592245995711,2
2.0,2.0,123995.95,108038.645539452,14.77,1.0,1.781038315788658,0.9387334586680167,1
5.0,2.0,50369.68,43523.44160075929,15.73,3.0,4.003897045184031,0.5960692943517258,2
5.0,0.0,94687.85,72209.14631672349,31.13,3.0,4.090920390817725,0.5956261513177663,2
2.0,1.0,248011.06,162141.12145271522,52.96,1.0,1.6783109809100114,0.4072767834944421,2
1.0,1.0,249530.75,175343.08581113882,42.31,0.0,0.4829903712593843,0.43638889867847,1
5.0,0.0,98186.35,108745.54351754046,9.71,2.0,3.087620867143529,0.37174642349056986,2
1.0,1.0,120052.89,101259.1850590279,18.56,0.0,0.15164485566343383,0.9831303824253497,1
0.0,0.0,159218.37,152639.60184511926,4.31,0.0,0.4950784968924896,0.38931820549080465,1
1.0,1.0,167543.75,166976.02827852542,0.34,0.0,0.24055432116794806,0.8296497154086866,0
5.0,2.0,146234.62,155320.8943552059,5.85,3.0,4.159203887735114,0.5224350031167476,2
5.0,0.0,104374.65,83041.32954449946,25.69,2.0,3.31717946024341,0.6760034596292183,2
6.0,2.0,95622.49,131965.89470577068,27.54,3.0,4.248151142258222,0.9108971484729844,2
6.0,0.0,127892.93,172898.38257147625,26.03,3.0,4.478724545820729,0.9553172160319401,2
3.0,1.0,48780.04,38834.520469009716,25.61,1.0,1.5415975239960227,0.4681612232060892,1
4.0,2.0,76200.46,83745.970171843,9.01,2.0,3.3952739602588307,0.9378885823520586,1
1.0,0.0,14382.93,20757.587936300293,30.71,0.0,0.1395431892314925,0.47643670407942595,1
1.0,0.0,86625.68,87686.68428060599,1.21,0.0,0.4033346654951158,0.8633580418410749,0
4.0,1.0,150244.83,156733.5959445433,4.14,2.0,3.4238601702914333,0.31067526380094157,1
3.0,1.0,56761.2,47435.40425086162,19.66,1.0,1.9246114290116991,0.6746620333883311,1
4.0,0.0,137628.71,112958.5587136329,21.84,2.0,3.433347849444211,0.8080688806633711,2
5.0,1.0,17203.86,16951.289350147155,1.49,3.0,4.3590637533915455,0.8872572782287693,2
5.0,0.0,132580.43,180553.49823901505,26.57,2.0,3.07120207335743,0.8887902204762872,2
5.0,0.0,173891.98,165800.89203108576,4.88,2.0,3.0259512967493887,0.5092074833940679,1
4.0,0.0,110295.57,109637.74643954252,0.6,2.0,3.170382621890429,0.8972047266366927,1
3.0,0.0,123824.73,144099.52923467048,14.07,1.0,1.7475349293055387,0.5265529194274909,1
1.0,1.0,29797.61,29744.071325083194,0.18,0.0,0.1513104503697763,0.4636371574841771,0
2.0,2.0,200971.85,170589.8043155004,17.81,1.0,1.871103466962798,0.30103128880414637,1
0.0,0.0,130901.2,145899.69090363657,10.28,0.0,0.36122173888396236,0.4650006785933833,1
2.0,2.0,28543.73,32793.8053777653,12.96,1.0,1.9859622505568721,0.38290717665257895,1
8.0,1.0,236225.42,196330.96417256774,20.32,4.0,5.200286545249705,0.7724556218192971,2
0.0,0.0,11570.29,14280.784399224867,18.98,0.0,0.3928638304048817,0.40135133943262014,1
1.0,0.0,110651.59,129417.06389262697,14.5,0.0,0.37059998537015343,0.7097684624211961,1
1.0,0.0,51710.11,42633.44938075518,21.29,0.0,0.4943747586211468,0.3885274318076558,1
1.0,1.0,148888.17,146658.95335171197,1.52,0.0,0.3868076256046824,0.7930929730032916,0
4.0,0.0,32265.2,23377.188254068005,38.02,2.0,3.1417872653510313,0.4998818511535067,2
4.0,2.0,32739.71,25409.16774019206,28.85,2.0,3.007636199563867,0.5160874713293735,2
6.0,1.0,134977.14,98595.43070699513,36.9,3.0,4.484083077239389,0.7482697205805386,2
5.0,1.0,168217.2,198861.79842636344,15.41,2.0,3.3580345219223737,0.957261726597098,2
2.0,1.0,40887.4,62538.08555642373,34.62,1.0,1.9063033139679242,0.9941207349698824,1
6.0,2.0,170070.04,126380.3505437393,34.57,3.0,4.396622077214376,0.5500845280966081,2
1.0,0.0,91667.67,108533.82413110475,15.54,0.0,0.36788054499658457,0.962428601251827,1
1.0,1.0,170172.73,170002.72583358313,0.1,0.0,0.37573723429208766,0.7286250278115012,0
0.0,0.0,57058.67,64832.02546398043,11.99,0.0,0.4647290923869343,0.9345280032448882,1
6.0,2.0,104276.44,115439.43233518238,9.67,3.0,4.457055640964237,0.3194965037130083,2
3.0,2.0,162159.13,190618.46786998436,14.93,1.0,1.6896133729199914,0.32322099629354833,1
1.0,1.0,103390.04,73191.30358385094,41.26,0.0,0.015480761816423938,0.35220178439285976,1
4.0,1.0,110679.33,93487.0604489344,18.39,2.0,3.0193407967480335,0.8630751013536639,2
1.0,1.0,237992.56,178874.52975569756,33.05,0.0,0.22331918226173436,0.3965695345751832,1
4.0,1.0,58613.0,73174.78287454699,19.9,2.0,3.4174897649502034,0.4236095081478447,2
3.0,2.0,86765.5,82328.01528042495,5.39,1.0,1.9238056133077608,0.7097799313903719,1
2.0,1.0,33233.8,67782.57368676267,50.97,1.0,1.7021947906149621,0.9702121034482691,2
2.0,1.0,185368.48,163810.96131176385,13.16,1.0,1.6508058126739837,0.6969787409563077,1
4.0,0.0,147270.92,186773.52438317818,21.15,2.0,3.253300722215773,0.8128170606085605,2
2.0,0.0,165049.11,129908.78732671207,27.05,1.0,1.9162716034349687,0.43141398444312484,1
0.0,0.0,145231.94,128489.72493933397,13.03,0.0,0.318248059838584,0.9399218372040503,0
0.0,0.0,68483.19,84100.68774550327,18.57,0.0,0.06990290682976741,0.3391136539963384,1
8.0,1.0,14664.43,12371.912418584368,18.53,4.0,5.181116971829279,0.4979733058176625,2
7.0,2.0,49234.16,43048.14377647892,14.37,4.0,5.277712957595769,0.6176069339305816,2
5.0,1.0,24606.0,38013.28737214455,35.27,2.0,3.269131215643586,0.4583205083222852,2
0.0,0.0,22985.42,32017.58053447698,28.21,0.0,0.41531701004435373,0.7646325698790742,1
8.0,1.0,49129.02,134268.9900501451,63.41,4.0,5.466085881920328,0.7751547032425983,2
5.0,0.0,30563.44,35906.30095102155,14.88,3.0,4.050231547087628,0.4483006130307669,2
6.0,2.0,27991.17,26270.450981976654,6.55,3.0,4.112203795172944,0.3060138881123091,2
2.0,2.0,86039.45,82690.48624675306,4.05,1.0,1.6960784553197108,0.3520220735934566,1
0.0,0.0,81552.53,57314.305963900726,42.29,0.0,0.14819904072551393,0.30029951951909295,1
1.0,0.0,27361.15,37713.50367081763,27.45,0.0,0.20414524747922141,0.933775600848149,1
8.0,0.0,33251.46,37764.29635612792,11.95,4.0,5.020360614307616,0.7351659866554296,2
2.0,1.0,68543.04,58679.0842887255,16.81,1.0,1.5330066350814076,0.39690469275913637,1
1.0,0.0,108697.41,112001.45504144787,2.95,0.0,0.4191807389685372,0.3647590455389082,0
2.0,2.0,176512.33,154038.16401733775,14.59,1.0,1.5512908920559436,0.8723164051349859,1
4.0,0.0,269636.0,172027.5622179065,56.74,2.0,3.4120375559973746,0.8677277170434317,2
0.0,0.0,153533.24,152769.39145038155,0.5,0.0,0.15325600090151753,0.9491657481499942,0
8.0,1.0,165439.17,129360.51934379245,27.89,4.0,5.1546116849444275,0.41149143687813106,2
5.0,0.0,220306.77,182448.66972870182,20.75,3.0,4.050373514063404,0.6655923321116654,2
5.0,2.0,63216.37,108749.99251950762,41.87,3.0,4.00663169074175,0.38503323969170433,2
2.0,0.0,141820.56,130337.79976220136,8.81,1.0,1.6776443042226927,0.8569476953422175,1
5.0,2.0,52977.67,88207.904563055,39.94,2.0,3.4176784531469915,0.5887393486650013,2
4.0,2.0,71935.85,72202.99816734175,0.37,2.0,3.459977732269031,0.7870778896043683,1
5.0,1.0,58778.01,73025.23809763815,19.51,2.0,3.0307927780651647,0.3212195775615006,2
1.0,1.0,56835.17,38180.28352533562,48.86,0.0,0.015454031902804366,0.8445516979642602,1
3.0,1.0,91326.11,161353.55362803175,43.4,1.0,1.5794003100651668,0.4606403993253303,2
1.0,0.0,23277.82,20519.93602337332,13.44,0.0,0.3831449043428479,0.889963050464665,1
2.0,0.0,81615.13,138190.1963152588,40.94,1.0,1.6024413830117374,0.43010093874280075,2
2.0,2.0,213365.99,174247.4366390368,22.45,1.0,1.615405187197233,0.8530680663164898,1
1.0,1.0,85469.41,104511.38592721977,18.22,0.0,0.44447134894564466,0.393874012175935,1
0.0,0.0,29697.79,23338.14854989454,27.25,0.0,0.43747451937926735,0.7643920668219412,1
4.0,0.0,74645.82,91399.31771100927,18.33,2.0,3.3351446097100843,0.8454811076466371,2
0.0,0.0,85381.86,75213.05454764646,13.52,0.0,0.08200689024073948,0.5703629957785181,1
8.0,2.0,180249.31,197252.47066689184,8.62,4.0,5.190574594825786,0.47103282973322685,2
5.0,0.0,162301.17,141340.38830759944,14.83,2.0,3.1180887030795525,0.5411693162504434,2
2.0,1.0,118808.45,147058.3629174948,19.21,1.0,1.8359227909215643,0.5076141612894656,1
5.0,2.0,110426.47,108007.11460282389,2.24,2.0,3.3899655270903137,0.7431466412484735,1
1.0,0.0,125647.64,144788.70834399833,13.22,0.0,0.07106686100877779,0.3311932211360362,1
8.0,0.0,119833.91,147288.48557721195,18.64,4.0,5.44897791645351,0.32900546980943224,2
3.0,0.0,23740.86,22608.18734175992,5.01,1.0,1.7314129535919183,0.5014408058979638,1
6.0,1.0,54162.18,52295.23965068137,3.57,3.0,4.397502927247475,0.4938813531856796,2
0.0,0.0,7960.65,12463.835531488352,36.13,0.0,0.025818804270981155,0.4239491667219989,1
3.0,1.0,90855.27,106863.40712642866,14.98,1.0,1.6802905935097188,0.801770462612102,1
2.0,2.0,178254.19,176401.97241884505,1.05,1.0,1.5073904738486625,0.31663404663815553,1
7.0,0.0,112806.05,125815.3615921124,10.34,4.0,5.359242365717825,0.946964338573304,2
5.0,0.0,138589.02,105039.43028346478,31.94,2.0,3.039725485115593,0.8302407785241313,2
3.0,1.0,252311.77,185933.5110460216,35.7,1.0,1.6691428955132221,0.582070391479405,2
0.0,0.0,60280.06,42721.51709413324,41.1,0.0,0.3908743403194033,0.9012540939543374,1
3.0,0.0,24310.2,24174.818549960284,0.56,1.0,1.874483239216457,0.732707462175552,1
4.0,0.0,169655.62,184288.08991784637,7.94,2.0,3.3201448101864215,0.6991606931196136,1
2.0,0.0,163593.51,181528.53343457452,9.88,1.0,1.8470103194206944,0.5191125026622466,1
0.0,0.0,81510.82,139764.7723804604,41.68,0.0,0.32561566255178637,0.7641732715330523,1
6.0,0.0,54755.95,56736.04079824987,3.49,3.0,4.320637979503415,0.3977862977591536,2
7.0,1.0,210514.32,194255.16469383045,8.37,4.0,5.1748273200207,0.6674295060648374,2
0.0,0.0,181696.62,155415.80684272706,16.91,0.0,0.014082852038427796,0.38127704251774946,1
5.0,1.0,131206.99,138039.97088108712,4.95,2.0,3.22091292490789,0.6116028588776045,1
0.0,0.0,81047.91,52353.151562935076,54.81,0.0,0.022729825795172354,0.7313898467915247,2
5.0,1.0,66061.47,107486.94261029197,38.54,2.0,3.234433697561821,0.40885240627730385,2
0.0,0.0,80982.98,166289.48584642998,51.3,0.0,0.2320394883648783,0.4554837284543253,2
4.0,0.0,126080.4,173449.44269913435,27.31,2.0,3.08936076863191,0.8692804075819536,2
6.0,0.0,75043.25,116671.72200224092,35.68,3.0,4.3921308151845935,0.4789990070639245,2
5.0,2.0,134859.58,109330.8303066602,23.35,3.0,4.352104670955216,0.36688924064793094,2
0.0,0.0,149060.66,142559.9273784517,4.56,0.0,0.2797697703504721,0.5314830848896956,0
7.0,0.0,127617.69,110367.28041936984,15.63,4.0,5.462954290060844,0.9545979582149362,2
0.0,0.0,107678.07,89359.39723247557,20.5,0.0,0.14359355660510542,0.785647793098581,1
0.0,0.0,15787.6,26229.61217063385,39.81,0.0,0.13101611073249675,0.7028040241754059,1
4.0,0.0,34591.08,33949.438385960224,1.89,2.0,3.0917179077761947,0.8882937350484335,1
3.0,1.0,172245.25,154452.3389581268,11.52,1.0,1.77221989389085,0.762131075022305,1
5.0,1.0,15668.68,14686.172278610933,6.69,3.0,4.1026785913492905,0.8678018141640331,2
5.0,0.0,23221.74,19937.954901545643,16.47,3.0,4.434447789200809,0.7600099015354872,2
2.0,2.0,253671.22,181882.27983641933,39.47,1.0,1.652154885241902,0.9049804741195431,2
8.0,0.0,139044.14,143759.45155639012,3.28,4.0,5.24546550511803,0.7368057228607278,2
1.0,1.0,15470.52,10800.417163687764,43.24,0.0,0.2647553824650812,0.4854124085512182,1
5.0,2.0,58694.07,69288.24112742582,15.29,2.0,3.1538232737177494,0.3287826999958394,2
0.0,0.0,125419.68,155030.5075131535,19.1,0.0,0.3692098105348441,0.37372417284404114,1
8.0,1.0,78417.36,89344.15199567856,12.23,4.0,5.346036468116878,0.6587120499325465,2
0.0,0.0,72609.57,99071.58634304121,26.71,0.0,0.3804055141106223,0.980237866416485,1
1.0,0.0,102370.51,97171.82159875052,5.35,0.0,0.302960234895497,0.8316231803573064,1
2.0,2.0,48492.67,48405.536619217724,0.18,1.0,1.7300911461299389,0.8428098691445578,1
7.0,1.0,178433.2,147064.37320066956,21.33,4.0,5.224458548271258,0.7646509853628726,2
8.0,0.0,26924.58,29571.202799060233,8.95,4.0,5.358267280809232,0.9324416928472452,2
5.0,2.0,110271.13,106377.7100538675,3.66,3.0,4.188517620527758,0.8148215236794467,2
7.0,2.0,41526.13,42291.60721727874,1.81,4.0,5.218629890556093,0.48085438760982696,2
7.0,0.0,19163.42,18841.23381965964,1.71,4.0,5.081835559611017,0.6496375996195303,2
5.0,0.0,36378.97,37216.33804496197,2.25,2.0,3.33981522816069,0.5830400974218082,1
3.0,0.0,159075.18,175173.63789923093,9.19,1.0,1.5384623746173967,0.4157735726761218,1
6.0,0.0,41946.67,43468.056308287625,3.5,3.0,4.495256080440241,0.45566394531848825,2
5.0,1.0,73015.46,62890.149712346596,16.1,2.0,3.071868788584808,0.49960975176289135,2
2.0,0.0,60307.3,36238.00976187718,66.42,1.0,1.6914891980592133,0.42155056549460035,2
0.0,0.0,202511.75,149753.56931497416,35.23,0.0,0.11889031644914066,0.45211587946501197,1
5.0,0.0,80799.65,94635.3417787353,14.62,3.0,4.14532906299192,0.941475352716646,2
0.0,0.0,213217.0,189290.65734256347,12.64,0.0,0.1612266246520323,0.5402674457465414,1
7.0,2.0,66735.0,136221.67062710144,51.01,4.0,5.359168319527189,0.8792616827083808,2
0.0,0.0,74345.85,110963.95189248663,33.0,0.0,0.08837463657722444,0.3450729610293227,1
0.0,0.0,149111.8,134759.8770093519,10.65,0.0,0.13192827108966998,0.9872665727149814,1
6.0,0.0,16582.84,17680.82280983619,6.21,3.0,4.050603045135222,0.8353542189027474,2
0.0,0.0,206523.61,190625.4494244512,8.34,0.0,0.16572999935703836,0.9347012469515266,1
1.0,1.0,132460.47,191721.62597927713,30.91,0.0,0.470620871680261,0.6681379601056947,1
4.0,0.0,43476.74,62466.57502555063,30.4,2.0,3.1900544913416686,0.7441765427402365,2
8.0,1.0,114795.45,129376.1417211954,11.27,4.0,5.388669152023266,0.5525733205374869,2
1.0,1.0,50709.55,48363.896386576176,4.85,0.0,0.23085196900004706,0.602421854681684,1
3.0,0.0,167152.79,114019.64097408719,46.6,1.0,1.7247998421560158,0.8255199700299902,2
5.0,1.0,160329.91,156449.95543363472,2.48,3.0,4.4119854720017075,0.33497804799923364,2
7.0,1.0,225996.5,188566.1277130245,19.85,4.0,5.013409726786887,0.3255859347797111,2
5.0,2.0,77920.64,74451.21542047766,4.66,2.0,3.43244324960474,0.912444733409951,1
1.0,0.0,201492.02,141765.9999781247,42.13,0.0,0.242604225800093,0.3770053480346258,1
0.0,0.0,131333.69,146121.1517259641,10.12,0.0,0.17556359259202958,0.8047209645379112,1
1.0,1.0,29957.32,52018.27222130083,42.41,0.0,0.45341747547945044,0.4396799581082607,1
0.0,0.0,124711.06,129516.10498374452,3.71,0.0,0.16992967588676772,0.5563462204929686,1
4.0,2.0,93283.13,134530.04494567757,30.66,2.0,3.488848677543098,0.5054848736085853,2
0.0,0.0,188133.52,155174.46020574652,21.24,0.0,0.46817824964147736,0.6432348429092739,1
5.0,1.0,142252.87,199989.97891636138,28.87,2.0,3.133961606108371,0.8786630406107652,2
5.0,2.0,20237.84,17644.15019103131,14.7,2.0,3.1703013599118406,0.9128738635934075,2
4.0,2.0,62354.18,48437.95829873603,28.73,2.0,3.406083773008526,0.45543116763572117,2
1.0,0.0,22918.35,37564.90206475073,38.99,0.0,0.09780504113236321,0.5363539494116426,1
6.0,2.0,46943.44,39342.46995993348,19.32,3.0,4.365975782035761,0.8858418014318044,2
5.0,0.0,132393.57,96307.24551817335,37.47,3.0,4.0645755735042615,0.36274450135485903,2
6.0,0.0,112097.74,176921.9457564581,36.64,3.0,4.102802763372983,0.3818277869747019,2
1.0,0.0,113022.93,95257.42112287346,18.65,0.0,0.2502529047943339,0.6357069937817068,1
1.0,1.0,153904.77,137011.27558853853,12.33,0.0,0.3729408634082115,0.8531010492783824,1
7.0,2.0,62569.83,81534.83708074164,23.26,4.0,5.369714321775591,0.5351833267594189,2
3.0,1.0,81601.08,70736.02990911188,15.36,1.0,1.8044611361233727,0.34860233664317625,1
2.0,1.0,128703.88,168504.68511751803,23.62,1.0,1.636056336947953,0.9775072830445339,1
2.0,0.0,103768.07,134554.02692249973,22.88,1.0,1.7076889320717097,0.9572379255799737,1
5.0,1.0,80787.29,76670.10473568185,5.37,2.0,3.12310713329208,0.7563309914160206,1
8.0,1.0,177628.66,183690.44963696133,3.3,4.0,5.138508712520398,0.7773134891782703,2
1.0,1.0,118508.45,104717.1973723525,13.17,0.0,0.16161201034928308,0.953586745946492,1
8.0,0.0,42298.09,45772.20198686481,7.59,4.0,5.299423855516761,0.7507043903138455,2
1.0,0.0,88036.97,101812.15386885943,13.53,0.0,0.1037974442755829,0.8518887005190989,1
5.0,2.0,131145.06,138192.8932073604,5.1,2.0,3.021284759592049,0.6244611080587927,1
4.0,1.0,96555.01,79751.39195867084,21.07,2.0,3.3462273258995814,0.4596018187041795,2
1.0,1.0,239604.91,170319.09989232474,40.68,0.0,0.010903200302910143,0.8827725062527016,1
0.0,0.0,114947.91,111297.35631515917,3.28,0.0,0.4853924089295342,0.7790673506346322,0
2.0,2.0,64664.45,98875.3081875486,34.6,1.0,1.6751427551233353,0.5026935199049976,2
8.0,1.0,185137.51,173155.17042010653,6.92,4.0,5.003290686159591,0.7362928858125813,2
5.0,1.0,138164.66,97954.38322856907,41.05,2.0,3.44229265570726,0.8715387875011655,2
7.0,2.0,99253.37,88737.92695165513,11.85,4.0,5.299902266668414,0.48924165843639594,2
6.0,0.0,30650.77,29706.115113364234,3.18,3.0,4.408696147420503,0.837706476105335,2
3.0,1.0,63958.49,78873.4569828234,18.91,1.0,1.7175123578179827,0.35064037229427525,1
5.0,2.0,129602.69,85439.17710698553,51.69,3.0,4.177090941506966,0.7374641768986487,2
1.0,1.0,50101.77,44318.24065265306,13.05,0.0,0.3275947215239651,0.9992535376430072,1
0.0,0.0,132772.04,121686.40832550186,9.11,0.0,0.20300043744556423,0.9064623161792649,0
6.0,0.0,10295.61,37329.99340456606,72.42,3.0,4.278104299010461,0.9129606366029779,2
6.0,0.0,39680.3,52501.05983473929,24.42,3.0,4.138911439057372,0.7762500069867913,2
1.0,1.0,148697.86,116607.47728777672,27.52,0.0,0.16632270336538751,0.6228309893170916,1
5.0,1.0,76426.37,61106.87729770004,25.07,2.0,3.0410953816108606,0.7740508723715449,2
5.0,0.0,119225.12,131536.97892438713,9.36,2.0,3.390685993359183,0.524834635978491,1
8.0,2.0,110063.45,141197.49525493386,22.05,4.0,5.174425413486949,0.6869379761932665,2
4.0,0.0,70862.97,67245.17801526355,5.38,2.0,3.487499572715562,0.6777759373145154,1
2.0,1.0,30296.25,26603.65948437679,13.88,1.0,1.6298794120593958,0.6806112456464477,1
2.0,2.0,111122.22,102995.84842749448,7.89,1.0,1.737526340134763,0.5883913133163052,1
3.0,0.0,28452.57,27650.699817445256,2.9,1.0,1.6527661002691956,0.5469612812529149,1
5.0,0.0,124952.94,107894.77948953494,15.81,2.0,3.346962687457837,0.5312481600477724,2
7.0,0.0,101234.07,147981.39000450243,31.59,4.0,5.4041829598102105,0.4573116007956311,2
2.0,1.0,79223.7,127862.66037945265,38.04,1.0,1.7435053652589387,0.606983071456494,2
1.0,0.0,62336.91,95170.85183028334,34.5,0.0,0.18346377870310598,0.38242195754483566,1
1.0,1.0,209063.86,189713.12410053404,10.2,0.0,0.37237565953192314,0.9311014796246566,1
5.0,0.0,36324.72,29331.974285612392,23.84,3.0,4.095727522032012,0.34877865979953293,2
6.0,2.0,233762.62,177200.28631326693,31.92,3.0,4.299733169106066,0.8861931003239967,2
1.0,1.0,184059.82,162024.4858018286,13.6,0.0,0.3668122301364598,0.46887388585506645,1
1.0,0.0,97118.83,89750.33026927107,8.21,0.0,0.13463480568953634,0.8972534256345432,1
5.0,0.0,45229.45,39044.76266113574,15.84,2.0,3.3278496700570095,0.8041863363230599,2
1.0,0.0,43829.69,39614.68929775184,10.64,0.0,0.36761307254346304,0.9446825848834419,1
6.0,0.0,134913.77,185143.0945411315,27.13,3.0,4.058708314742036,0.9091630819004917,2
3.0,0.0,63026.9,54403.886212869416,15.85,1.0,1.661953742169585,0.7907612664978865,1
1.0,1.0,236777.44,176081.98451768744,34.47,0.0,0.20315302396709417,0.4061751761643133,1
7.0,0.0,148700.41,105626.0917867549,40.78,4.0,5.387978698529949,0.6843317238632413,2
0.0,0.0,115037.49,97729.58097819965,17.71,0.0,0.28375256645627,0.537879637537816,1
0.0,0.0,171829.96,127707.14084092593,34.55,0.0,0.22478073656845526,0.920042944948297,1
1.0,0.0,48350.15,50857.42574971425,4.93,0.0,0.15938622433544802,0.9105599458383493,0
0.0,0.0,42505.69,91390.42807134186,53.49,0.0,0.0020306836124418526,0.5198262166790976,2
1.0,0.0,229213.42,188312.04337293666,21.72,0.0,0.010110045481793506,0.7701897054945963,1
0.0,0.0,56086.79,55268.816505962466,1.48,0.0,0.12022311286812931,0.5367993789400494,0
0.0,0.0,250515.53,185100.87618715284,35.34,0.0,0.058345302917546304,0.7747333467739235,1
0.0,0.0,168209.6,198899.84235574395,15.43,0.0,0.059793298513887705,0.7297097310755793,1
5.0,2.0,32177.03,19862.365734344385,62.0,2.0,3.301369812033223,0.6576635667164554,2
4.0,1.0,131290.28,110962.03329236059,18.32,2.0,3.3027276616100973,0.9148842098473391,2
3.0,0.0,32095.13,42645.66694180083,24.74,1.0,1.5223860547186714,0.472235185977573,2
3.0,2.0,167332.18,128125.70863176868,30.6,1.0,1.7969676259002068,0.8582266650092429,1
5.0,0.0,138807.18,198013.10221082636,29.9,2.0,3.072909297016851,0.782655406080605,2
7.0,0.0,171531.33,180407.3701294591,4.92,4.0,5.18861286740362,0.49688750883948685,2
8.0,1.0,188767.04,185721.20770520717,1.64,4.0,5.494841929833791,0.5951800282276292,2
1.0,1.0,37447.52,50536.46452929888,25.9,0.0,0.26100268161022444,0.3483099193661564,1
0.0,0.0,130403.78,113040.72378896728,15.36,0.0,0.017094006681172558,0.7183036603922999,1
0.0,0.0,60860.72,54617.89311504062,11.43,0.0,0.17382910083960412,0.9215236621828575,1
1.0,0.0,162693.09,180890.69443975374,10.06,0.0,0.33544907941838303,0.3824728963786147,1
5.0,2.0,32247.47,46319.25868410684,30.38,2.0,3.112298942317545,0.39239892200418763,2
2.0,0.0,78759.53,39252.193357747965,100.65,1.0,1.9822246184792882,0.6321967967203652,2
0.0,0.0,14438.22,12310.900025663566,17.28,0.0,0.21264684894545777,0.4968610728404862,1
2.0,1.0,43460.3,44570.09341645812,2.49,1.0,1.5105436533713552,0.4938502379896594,1
5.0,0.0,60999.77,46054.94090236124,32.45,2.0,3.2702830823064795,0.747069093881766,2
0.0,0.0,28664.0,24723.135629866214,15.94,0.0,0.3380948121762685,0.5871794642250024,1
5.0,2.0,184208.91,174870.8096485002,5.34,3.0,4.227995588525868,0.891253291222531,2
0.0,0.0,137048.3,158199.58365226357,13.37,0.0,0.4640854198869331,0.6002342845205085,1
7.0,1.0,58584.89,58351.48449597879,0.4,4.0,5.450966083732803,0.7306928371487498,2
0.0,0.0,88223.93,158818.9636291285,44.45,0.0,0.06948003657637891,0.5785239652078347,1
5.0,2.0,62083.39,90211.26389139167,31.18,3.0,4.039974083672228,0.47921644801880775,2
8.0,0.0,163595.61,157348.85877615504,3.97,4.0,5.156154498715395,0.6299324745197273,2
8.0,2.0,92932.77,71371.45384868298,30.21,4.0,5.304066331133844,0.8043362982636784,2
5.0,2.0,78076.16,117284.30303269665,33.43,3.0,4.30079765715767,0.9669663984728285,2
5.0,2.0,81491.18,82506.00297129202,1.23,3.0,4.135821549862512,0.32951677813391855,2
4.0,2.0,65364.57,45658.40523445913,43.16,2.0,3.4755502733885004,0.6722788633766851,2
6.0,2.0,99672.02,121270.24796038015,17.81,3.0,4.153665858357767,0.745176206430153,2
0.0,0.0,113516.38,152657.85199579172,25.64,0.0,0.40209971805057815,0.360004368717197,1
4.0,0.0,60241.05,153090.35367288828,60.65,2.0,3.415990090292351,0.8804197167456498,2
5.0,2.0,61682.05,77694.98948065628,20.61,2.0,3.0492175094636713,0.49316639906063464,2
7.0,0.0,111551.36,108555.23599710732,2.76,4.0,5.116276456090426,0.9124383621704721,2
2.0,1.0,183597.59,155117.9337311664,18.36,1.0,1.6075957539751218,0.6868248732251512,1
2.0,2.0,17730.84,20354.54295929226,12.89,1.0,1.9598256583873999,0.4064552493773662,1
4.0,0.0,28579.81,23658.78332716346,20.8,2.0,3.1755524619694677,0.8174546231533633,2
1.0,1.0,96295.81,81482.3205946947,18.18,0.0,0.4182356666957536,0.4100599518340378,1
1.0,1.0,58602.62,52459.60419550369,11.71,0.0,0.23900900108863748,0.8042649071938084,1
2.0,0.0,92183.01,81182.74371454187,13.55,1.0,1.7286095220970101,0.8657387535725762,1
2.0,0.0,35542.34,27813.085173328476,27.79,1.0,1.951710678796622,0.7028704015896465,1
0.0,0.0,81070.52,122481.52582830463,33.81,0.0,0.22045070359721353,0.4897647121952,1
3.0,1.0,111646.02,137630.69613892733,18.88,1.0,1.8724259586154632,0.6061364345517875,1
2.0,1.0,150325.32,160449.6964998422,6.31,1.0,1.7121887508951836,0.6696143184797043,1
2.0,0.0,102791.35,133599.3582343121,23.06,1.0,1.5509348682881563,0.766046769805976,1
3.0,0.0,96667.55,85312.4650511544,13.31,1.0,1.526547397248724,0.7437478767868317,1
4.0,0.0,150334.25,187636.36271539296,19.88,2.0,3.104120088489349,0.5802970305537942,2
0.0,0.0,97652.43,148003.0830453182,34.02,0.0,0.36113401811355195,0.8307164572223356,1
7.0,2.0,152235.2,110259.43670708736,38.07,4.0,5.186824860050248,0.8399914554548531,2
8.0,0.0,64728.04,49301.57758376252,31.29,4.0,5.227053790693763,0.787431839358097,2
3.0,2.0,89301.19,133305.24747988099,33.01,1.0,1.550938199258774,0.490508292944819,2
3.0,0.0,148748.68,122426.89976633165,21.5,1.0,1.8115187998940296,0.6285774007002637,1
4.0,1.0,115781.48,139832.69979813384,17.2,2.0,3.401724105200976,0.6029299015003093,2
6.0,2.0,126081.47,158413.70540857723,20.41,3.0,4.312341622002181,0.8717545651614058,2
5.0,1.0,193512.05,183859.42760586255,5.25,2.0,3.492307040912653,0.8657259866541371,1
5.0,0.0,251946.61,190320.7523580477,32.38,3.0,4.0081706957562355,0.906256633238046,2
4.0,1.0,98546.89,129735.24540386329,24.04,2.0,3.0078349136252607,0.4618230469614441,2
4.0,0.0,224728.95,193531.64679313524,16.12,2.0,3.25000280155752,0.823918196891168,1
1.0,1.0,212898.79,183170.25581010783,16.23,0.0,0.13320402943852838,0.9092794460729925,1
5.0,2.0,13251.07,10496.727832892,26.24,3.0,4.343255202675502,0.41654351874435347,2
0.0,0.0,108983.42,131147.3185867415,16.9,0.0,0.3966050767765662,0.3279559424374307,1
5.0,1.0,38921.1,43909.18786847208,11.36,2.0,3.0512179543915,0.3738559839191458,2
7.0,1.0,41138.91,66086.6043471147,37.75,4.0,5.4586691013731174,0.7243416636913067,2
1.0,1.0,57058.53,66525.03794976187,14.23,0.0,0.014961468903050557,0.5951535093189094,1
4.0,1.0,74859.77,101794.63153105041,26.46,2.0,3.344201963897248,0.436535954749523,2
0.0,0.0,13503.88,12064.57381873962,11.93,0.0,0.19225038312864456,0.6698125002297799,1
6.0,1.0,41374.99,54801.31752468474,24.5,3.0,4.333719606404941,0.849865759992249,2
1.0,0.0,20531.5,15532.98182236896,32.18,0.0,0.04881816080544826,0.8990723764878856,1
7.0,2.0,137667.75,133606.1274866552,3.04,4.0,5.468540159719394,0.8262046879568472,2
1.0,1.0,177228.68,178964.6399516383,0.97,0.0,0.4687041699200092,0.9198579763615291,0
8.0,2.0,187425.43,199579.8453680671,6.09,4.0,5.259700407088056,0.7229297791028755,2
5.0,1.0,105795.87,95225.80943859852,11.1,3.0,4.254792267032572,0.8859515765482149,2
5.0,1.0,68851.9,59426.81095588903,15.86,2.0,3.3174040939068523,0.5920309646537794,2
5.0,1.0,155207.69,172089.68337883154,9.81,3.0,4.290034475273769,0.8967350323603809,2
6.0,1.0,32892.42,31500.11833268983,4.42,3.0,4.271773283413756,0.9270692321719123,2
7.0,2.0,159225.52,195105.40640066675,18.39,4.0,5.294595574442966,0.7804856425028867,2
0.0,0.0,105820.93,145819.11639645844,27.43,0.0,0.4293150860893347,0.6017324132545601,1
5.0,2.0,114989.93,105747.5864198087,8.74,2.0,3.305533389790392,0.4971717390727522,2
1.0,1.0,35587.81,28363.602091604334,25.47,0.0,0.09791717739837236,0.5276256310632962,1
4.0,0.0,14108.56,13457.227784856566,4.84,2.0,3.456956020189604,0.39264857145140997,1
1.0,1.0,162907.47,113461.11752156843,43.58,0.0,0.10798030929142288,0.333013263682554,1
4.0,1.0,87851.64,88631.59641360406,0.88,2.0,3.0825808473955125,0.5900926322686786,1
5.0,2.0,161668.98,170106.253928787,4.96,2.0,3.4985289145319305,0.3298680798906322,2
3.0,1.0,150998.7,132038.04114175303,14.36,1.0,1.606708347226514,0.916411618688759,1
5.0,1.0,128534.6,92060.30583418207,39.62,2.0,3.0500466793297036,0.7549706631558544,2
6.0,2.0,68241.39,52941.34141922683,28.9,3.0,4.28100360543465,0.8905670723590884,2
6.0,1.0,83394.13,101280.21967428116,17.66,3.0,4.4135968718374965,0.6110916625244486,2
3.0,2.0,18571.21,40968.91296936975,54.67,1.0,1.530375359931651,0.4567670605727449,2
5.0,1.0,173554.44,136732.4058699052,26.93,2.0,3.2450520876091367,0.5031951802544721,2
7.0,0.0,126076.72,125088.5237684944,0.79,4.0,5.034251170228495,0.8983131844368997,2
1.0,0.0,117444.07,163913.55994397853,28.35,0.0,0.21434555894464147,0.38532526134371037,1
1.0,1.0,127897.86,95410.56172603248,34.05,0.0,0.1719800643851625,0.7887860839315184,1
0.0,0.0,69420.08,62943.22127523051,10.29,0.0,0.06856470906652823,0.4579831697991267,1
5.0,1.0,139895.5,168915.11825479355,17.18,2.0,3.4655105117151077,0.5472189161152409,2
3.0,2.0,166707.42,141289.4454773781,17.99,1.0,1.817443489726182,0.3021327270796012,1
5.0,1.0,156047.56,144274.74117127652,8.16,3.0,4.421528150289103,0.6353621385310466,2
4.0,1.0,113160.67,110336.06856720566,2.56,2.0,3.452972264590755,0.3898469719982011,1
2.0,2.0,155034.26,176435.93682850586,12.13,1.0,1.9650926654942438,0.9017531857287453,1
8.0,0.0,69763.35,53278.86641959182,30.94,4.0,5.374057308184689,0.3684095433045768,2
6.0,0.0,71595.04,86321.48481705491,17.06,3.0,4.153474157617099,0.47525797614895526,2
1.0,1.0,154848.95,161284.1886163165,3.99,0.0,0.41446630942767676,0.31035888411932167,0
3.0,0.0,33538.23,35262.571374049425,4.89,1.0,1.760091455741035,0.995014164756155,1
2.0,2.0,238622.39,163540.8036730808,45.91,1.0,1.6358269609133853,0.7490064095682062,2
1.0,0.0,72519.79,76993.09193885965,5.81,0.0,0.19288690499695987,0.7505037747026895,1
0.0,0.0,20192.35,33845.70281576972,40.34,0.0,0.1506117653865543,0.6632025939846562,1
7.0,2.0,22421.89,25038.40225169352,10.45,4.0,5.233102020001514,0.9076388494446941,2
2.0,1.0,146963.52,170175.4565632095,13.64,1.0,1.8906675690604562,0.40093165939106673,1
3.0,2.0,152993.53,157936.95366887076,3.13,1.0,1.7424336709212667,0.8549962995262343,1
5.0,1.0,45095.9,64727.85562400812,30.33,3.0,4.133929289045491,0.8649864331663835,2
4.0,0.0,46220.64,32108.81595512086,43.95,2.0,3.0437015373395155,0.32528985058592763,2
7.0,2.0,72215.23,56974.54094716643,26.75,4.0,5.4278780435647995,0.3928738644484607,2
5.0,0.0,58804.91,50467.65078179839,16.52,3.0,4.208684303388172,0.6830042306108324,2
3.0,0.0,156744.6,149280.57382151767,5.0,1.0,1.720961272687309,0.3631340643102491,1
3.0,2.0,43303.25,50956.986027814324,15.02,1.0,1.8818607851162859,0.497656358353907,1
8.0,0.0,29271.96,51058.71913584877,42.67,4.0,5.424863247932405,0.5825711769930114,2
6.0,1.0,13866.16,16130.945174782526,14.04,3.0,4.255572453987336,0.41005229113923575,2
8.0,1.0,140642.79,123403.34077880843,13.97,4.0,5.3161839169042935,0.7929026816687341,2
1.0,1.0,101945.57,140906.11416866037,27.65,0.0,0.11957835026949176,0.6465429316717466,1
7.0,0.0,155334.14,134163.18910013593,15.78,4.0,5.467533972783013,0.7478715085827522,2
5.0,0.0,113206.26,118033.83966965492,4.09,2.0,3.283960634030871,0.6320096702937925,1
1.0,1.0,130978.15,193554.2402797587,32.33,0.0,0.35980244524759647,0.5887390777818137,1
5.0,1.0,125603.91,99820.31731364675,25.83,2.0,3.0571065271762854,0.6446723374416943,2
4.0,2.0,171206.08,173425.9365430346,1.28,2.0,3.318460476178858,0.9296603376230916,1
0.0,0.0,144954.14,132741.88297169437,9.2,0.0,0.18447489120176658,0.5772271798050582,1
3.0,0.0,37052.44,25990.76873068884,42.56,1.0,1.725031487589245,0.7495838177696095,2
6.0,2.0,184291.67,163916.80758545696,12.43,3.0,4.341081016171201,0.8837737613502554,2
0.0,0.0,145833.65,121033.82292106547,20.49,0.0,0.3981637716042224,0.7347613551601724,1
3.0,2.0,177090.82,134169.87527183257,31.99,1.0,1.674682619167516,0.4582450664712689,1
2.0,2.0,40349.81,44243.21276853186,8.8,1.0,1.9366184261173154,0.3853717777552011,1
3.0,0.0,66964.83,93123.1178870479,28.09,1.0,1.6094951520958476,0.7136139907537572,1
7.0,1.0,180679.57,177310.670131114,1.9,4.0,5.281449116631309,0.8091767041029851,2
5.0,1.0,39263.42,50931.92668639991,22.91,3.0,4.07563274016737,0.8381160051369818,2
1.0,1.0,6844.2,10023.732242066795,31.72,0.0,0.1446248861971935,0.7856615382288381,1
8.0,0.0,58920.76,58926.65530232026,0.01,4.0,5.44770573469863,0.3024179573999893,2
7.0,1.0,106522.86,102633.06534351828,3.79,4.0,5.005778388037477,0.8416882063928555,2
0.0,0.0,190617.17,166042.82822736504,14.8,0.0,0.45780559432272344,0.7232358826011256,1
6.0,0.0,99010.28,132225.2711089367,25.12,3.0,4.16420101695693,0.9917269677020539,2
0.0,0.0,244125.75,184622.05910186341,32.23,0.0,0.34789770993854197,0.8352110962329236,1
8.0,0.0,86698.75,96557.24200929976,10.21,4.0,5.045859147217084,0.601145012539487,2
5.0,2.0,107416.56,84254.89236183709,27.49,2.0,3.320635731168321,0.7733049714175437,2
5.0,2.0,39127.86,53969.46115318552,27.5,2.0,3.454730639882594,0.7311550144416414,2
0.0,0.0,62191.42,51431.872062429786,20.92,0.0,0.2776009626999915,0.53617543473366,1
7.0,1.0,169537.61,149860.88043153146,13.13,4.0,5.1810607491417375,0.6734704011047691,2
1.0,0.0,33189.82,25268.233378608733,31.35,0.0,0.3967888100480969,0.443066685637471,1
0.0,0.0,47428.89,56115.58111827164,15.48,0.0,0.3563627121857964,0.3614811203879692,1
1.0,1.0,218602.61,178320.09931262463,22.59,0.0,0.05884628046096824,0.8131171103968577,1
5.0,0.0,66493.95,119614.95543893405,44.41,3.0,4.332850768438318,0.568890085979034,2
1.0,0.0,23121.54,18851.64572298313,22.65,0.0,0.3323279230424398,0.8289993256327268,1
7.0,2.0,128679.81,143808.45918265925,10.52,4.0,5.3759605836798485,0.6418359120404484,2
5.0,1.0,121572.48,106269.64987309212,14.4,2.0,3.158153432570128,0.8668525623227128,2
1.0,0.0,230788.87,172359.12822462295,33.9,0.0,0.200638990820398,0.8177261751637288,1
0.0,0.0,116171.21,139662.43578283995,16.82,0.0,0.48001902826790593,0.8348916788051925,1
0.0,0.0,10560.72,10844.85171577984,2.62,0.0,0.2867284603888964,0.6005320415564332,0
4.0,1.0,54642.55,49090.42656323492,11.31,2.0,3.2542524885490725,0.9728254818226785,2
5.0,1.0,57573.18,59013.10310733955,2.44,3.0,4.493424846101049,0.5836782070346304,2
0.0,0.0,152316.43,143424.1349407135,6.2,0.0,0.11477881594802786,0.8552006307776048,0
5.0,1.0,104677.01,106769.6937573179,1.96,3.0,4.1989684550294095,0.64271216378079,2
1.0,1.0,145797.61,152015.024447321,4.09,0.0,0.3799417807978945,0.4645599645203239,1
6.0,0.0,115395.68,107444.76776885788,7.4,3.0,4.356550290643022,0.7402397556927646,2
7.0,0.0,79899.92,72203.07603235418,10.66,4.0,5.483350321537941,0.6283765943544759,2
5.0,0.0,27973.18,29695.52287465098,5.8,3.0,4.327150170401542,0.4848489036131267,2
4.0,1.0,43517.43,48498.19874705989,10.27,2.0,3.156547486624343,0.5677721757904901,2
6.0,1.0,81875.26,86148.21526567952,4.96,3.0,4.198825983527337,0.41195613636385753,2
0.0,0.0,148589.42,114776.31855453794,29.46,0.0,0.04485646200839494,0.9909317903206145,1
0.0,0.0,235369.88,188341.1066062183,24.97,0.0,0.46186012916103986,0.7502286045459052,1
0.0,0.0,61084.85,55546.833642635225,9.97,0.0,0.06433401137309619,0.4214813929554603,1
5.0,0.0,186795.14,136556.13849486993,36.79,2.0,3.2728518620382236,0.8352118353216453,2
5.0,1.0,37498.44,38983.723183727314,3.81,3.0,4.200697562308734,0.7213149482363104,2
5.0,1.0,160596.68,145613.09316524348,10.29,2.0,3.067111806516369,0.8057858439150849,1
7.0,1.0,12836.65,12154.766657356015,5.61,4.0,5.146496126812399,0.7091404613892517,2
0.0,0.0,96364.43,134624.79048662697,28.42,0.0,0.31678450795206253,0.3423270535704832,1
5.0,2.0,54430.27,41011.35477575963,32.72,3.0,4.0156257455554325,0.4422678123070797,2
0.0,0.0,46324.24,44261.64481235643,4.66,0.0,0.4829947666756464,0.8381210321525385,0
1.0,0.0,96741.83,116192.45032976968,16.74,0.0,0.4545478089850253,0.8280452324728629,1
5.0,1.0,84719.58,81328.19372265536,4.17,3.0,4.042300723163251,0.8277127319205744,2
7.0,0.0,112668.4,99547.97860465889,13.18,4.0,5.434176774176945,0.3106503021988686,2
4.0,0.0,91211.97,68688.887685689,32.79,2.0,3.1642856092741236,0.863605553951027,2
1.0,1.0,181486.11,191158.7394103818,5.06,0.0,0.0337522242628871,0.6073897363477113,1
4.0,1.0,67755.38,65224.65901555887,3.88,2.0,3.153056417145948,0.7855630159403568,1
1.0,1.0,129191.63,112989.01069974499,14.34,0.0,0.4044437471086425,0.49045577479184577,1
8.0,0.0,204242.62,172327.55555276058,18.52,4.0,5.332915726083961,0.8386700457739182,2
6.0,2.0,142786.16,136194.35432955602,4.84,3.0,4.119279800335194,0.9875972381673737,2
1.0,1.0,76220.69,71327.61992652692,6.86,0.0,0.35958823828512093,0.4774771254895235,1
1.0,0.0,70299.86,114962.96983969568,38.85,0.0,0.35391055725526954,0.8489383482918156,1
0.0,0.0,24139.76,25768.31398421821,6.32,0.0,0.37143068175347194,0.7234653171202419,0
8.0,0.0,112384.46,113680.41651446151,1.14,4.0,5.27032833383187,0.49116707184797237,2
3.0,1.0,94952.75,91963.92678717297,3.25,1.0,1.9094728260603515,0.5060499306814525,1
5.0,1.0,155378.07,154007.40434395437,0.89,3.0,4.320681108978457,0.8121463702758598,2
4.0,1.0,182188.92,171101.54019548226,6.48,2.0,3.062699604872196,0.49904218501730674,2
5.0,1.0,63949.18,47927.139113013414,33.43,2.0,3.4051279938776675,0.3334554970312167,2
1.0,1.0,33009.36,25491.822037544982,29.49,0.0,0.16188405252223326,0.9117722098951397,1
8.0,2.0,77006.23,84205.82643651876,8.55,4.0,5.352517359098647,0.7122644775956058,2
2.0,1.0,92903.43,111488.57755810393,16.67,1.0,1.837565853045903,0.8309315430341382,1
4.0,2.0,71784.97,81592.37017985429,12.02,2.0,3.167956260518355,0.7222566170295226,2
5.0,2.0,114555.5,129426.6224896352,11.49,2.0,3.080841829244341,0.6615202049763803,2
4.0,2.0,179094.91,106073.74314662427,68.84,2.0,3.347479043970179,0.8389876668307878,2
8.0,0.0,216810.64,187958.94658636706,15.35,4.0,5.424511676539705,0.32250943058212705,2
1.0,1.0,62967.69,87784.31343072267,28.27,0.0,0.41911565846726756,0.5183205412465448,1
4.0,1.0,27645.65,25673.89286023066,7.68,2.0,3.313252420933183,0.7392281078805676,1
3.0,0.0,50647.0,67367.65401688064,24.82,1.0,1.6137036348673923,0.9607822863720326,1
2.0,0.0,115285.41,125119.83384901646,7.86,1.0,1.6581049836514756,0.5755555061832099,1
0.0,0.0,69083.54,58644.76873534636,17.8,0.0,0.3773138404696883,0.9827036336841357,1
0.0,0.0,67322.47,61107.80584307042,10.17,0.0,0.2054269648534639,0.828697303425469,0
1.0,1.0,67007.28,74518.77196424667,10.08,0.0,0.36624870923409025,0.6394275144731627,1
3.0,2.0,143632.23,151766.93818272048,5.36,1.0,1.6547249962965629,0.600410884136161,1
2.0,0.0,170988.85,188625.3145158527,9.35,1.0,1.5031591232683659,0.39060976325529706,1
5.0,2.0,73125.84,76571.5604310782,4.5,2.0,3.3017450323281623,0.7306358984310157,1
5.0,1.0,38605.18,47142.72755449346,18.11,2.0,3.3004581775527004,0.3366475672667469,2
3.0,1.0,108822.42,89921.02091174958,21.02,1.0,1.8137773413899982,0.6003520277929424,1
3.0,2.0,57514.2,76849.54166612896,25.16,1.0,1.6340928178842409,0.4663961339080559,1
1.0,1.0,235863.5,198104.73368340344,19.06,0.0,0.40553547515579447,0.969400267694263,1
5.0,0.0,82168.41,98134.96911841858,16.27,2.0,3.243733419415183,0.5542847689162952,2
3.0,0.0,122765.56,139063.83703425416,11.72,1.0,1.8811939544924234,0.6424776094456208,1
0.0,0.0,174805.99,183619.73266252212,4.8,0.0,0.30554673218813233,0.5628451710676401,0
2.0,0.0,78826.91,129521.69969913785,39.14,1.0,1.7080354074011603,0.39604686146231094,2
2.0,0.0,51385.5,57381.91023477224,10.45,1.0,1.839813423320306,0.5468074321744891,1
1.0,1.0,119802.18,125407.91811332325,4.47,0.0,0.2874886780060278,0.8452991874288911,0
5.0,0.0,99448.15,86356.50385237206,15.16,2.0,3.2553555666989435,0.734836973098711,2
5.0,0.0,109965.33,90246.47519337334,21.85,2.0,3.3242802629596535,0.6061905020474159,2
5.0,1.0,192503.17,196071.67046037695,1.82,3.0,4.042969488183465,0.8743994687972192,2
4.0,0.0,67123.58,62932.292583022,6.66,2.0,3.4551305446777145,0.30290412397662353,1
4.0,0.0,111831.73,99097.67783087905,12.85,2.0,3.16754102304118,0.8786205602192851,2
3.0,2.0,44811.92,40374.73868284805,10.99,1.0,1.6123464817935147,0.3416749078332624,1
5.0,1.0,56134.1,43923.39775024287,27.8,3.0,4.385898178838089,0.9091903362377232,2
4.0,2.0,143311.48,124662.04057630844,14.96,2.0,3.115610943546259,0.9633004328029333,2
3.0,1.0,174314.31,152692.9845490158,14.16,1.0,1.9978848116005299,0.8734186493974887,1
4.0,1.0,120636.48,130927.37598720059,7.86,2.0,3.2102462707817216,0.3137156393940313,1
3.0,0.0,97903.29,72563.95960156445,34.92,1.0,1.6483122043315717,0.6683455751493114,2
5.0,1.0,18559.15,21327.45278735376,12.98,2.0,3.031032536313037,0.8801573979260133,2
5.0,0.0,64239.8,99350.1338082515,35.34,3.0,4.02090208868191,0.6815114534663729,2
7.0,2.0,122423.6,105811.23408785315,15.7,4.0,5.047570280570184,0.5519556942319991,2
7.0,0.0,136589.27,156423.80551236554,12.68,4.0,5.002516414406056,0.629486798713544,2
4.0,0.0,131931.49,131655.0168354714,0.21,2.0,3.16354498970297,0.35648573761896685,1
4.0,1.0,118734.67,175539.1392441875,32.36,2.0,3.155227200050403,0.6474195513921077,2
5.0,1.0,153908.48,158766.74695206742,3.06,3.0,4.215045872719295,0.3194927795322215,2
2.0,0.0,61092.74,79516.7789240799,23.17,1.0,1.616461461620549,0.7508808134813492,1
6.0,1.0,156367.69,130122.07046969267,20.17,3.0,4.0313705789720595,0.5733165771564308,2
2.0,0.0,175055.68,151984.44059647407,15.18,1.0,1.5355812639764743,0.4339400863657551,1
1.0,1.0,213615.76,191807.27014282154,11.37,0.0,0.09107318765259148,0.3121680307681162,1
1.0,1.0,79426.31,90246.9108982267,11.99,0.0,0.15829476343455734,0.9454833099605968,1
5.0,2.0,52137.46,133173.57853911584,60.85,3.0,4.073996025107756,0.6894233189587211,2
1.0,1.0,41973.1,84606.12870351049,50.39,0.0,0.18255891180721467,0.7528673699540458,1
0.0,0.0,130347.6,150187.35398525954,13.21,0.0,0.4611100766810991,0.8455504001638885,1
3.0,2.0,151351.55,183278.7025490059,17.42,1.0,1.6308015047648083,0.7386132955258686,1
0.0,0.0,191281.98,184652.94298671925,3.59,0.0,0.08419965850632344,0.5891728234591604,0
3.0,2.0,21365.76,39846.6283036269,46.38,1.0,1.832388126501116,0.73931174212308,2
6.0,1.0,40549.45,48778.35354796698,16.87,3.0,4.24544051898035,0.47676160580051696,2
1.0,1.0,131756.0,153436.59565006176,14.13,0.0,0.023627007904628572,0.6929461436975964,1
5.0,0.0,112226.58,129891.87832905637,13.6,3.0,4.393903665583195,0.4439111109113134,2
8.0,0.0,172016.6,181970.38450244142,5.47,4.0,5.357671485926888,0.9421959635971007,2
3.0,2.0,73764.62,69622.10628895173,5.95,1.0,1.9886491808701705,0.6566973751895762,1
1.0,1.0,204270.66,171123.95411778995,19.37,0.0,0.46915330978114783,0.4636881965784362,1
5.0,0.0,170153.57,139917.41282693337,21.61,2.0,3.292124146812622,0.7477427681075379,2
0.0,0.0,33132.39,47136.698929753904,29.71,0.0,0.3430106467903063,0.36322372244374107,1
2.0,0.0,14927.28,34033.93010917146,56.14,1.0,1.7047534119934136,0.6038133130274727,2
8.0,1.0,63219.45,143517.48438163544,55.95,4.0,5.444233593264523,0.9061752332601054,2
8.0,2.0,23735.73,40107.68741761092,40.82,4.0,5.276404412599674,0.8375009520645373,2
6.0,2.0,212240.71,160922.51755119817,31.89,3.0,4.162775663167523,0.7924076681105423,2
3.0,1.0,113403.66,115848.05762419027,2.11,1.0,1.5047457459547913,0.6294223398507685,1
5.0,1.0,129941.08,100604.74186793006,29.16,2.0,3.2932248824885,0.6128153825271914,2
6.0,2.0,60854.1,62350.51682506973,2.4,3.0,4.262716945257448,0.3079167393004038,2
2.0,0.0,120442.79,196930.66303572335,38.84,1.0,1.9059385889315517,0.7200265627832048,2
4.0,0.0,202533.93,147211.75107300002,37.58,2.0,3.0935023131533184,0.7039058319039619,2
0.0,0.0,202372.31,157832.09296132662,28.22,0.0,0.4077006339236706,0.303695314668983,1
1.0,1.0,157272.31,156055.07625641426,0.78,0.0,0.007641805127781787,0.39593047739242837,0
5.0,1.0,158013.91,120962.95966355335,30.63,2.0,3.2936566888498664,0.3087053091147606,2
1.0,0.0,160902.41,188542.7799721868,14.66,0.0,0.19842620062244054,0.4772252621711726,1
0.0,0.0,65868.44,120926.0856427086,45.53,0.0,0.16576026067119587,0.30269718538617313,1
6.0,0.0,134520.15,108808.6611697884,23.63,3.0,4.216647983583361,0.5921584807604323,2
8.0,2.0,37153.39,62004.984060344774,40.08,4.0,5.111795743099536,0.6334751849330535,2
5.0,1.0,58974.74,63529.824769917956,7.17,2.0,3.091712826549988,0.6059571624618574,1
5.0,0.0,118371.27,150007.94213658827,21.09,3.0,4.402553442000725,0.4395724439439884,2
7.0,0.0,99861.0,73605.81011152505,35.67,4.0,5.113879150115324,0.6664914609054235,2
0.0,0.0,157302.96,148455.0415778688,5.96,0.0,0.368485997248183,0.8698662351553528,1
3.0,1.0,206944.88,191014.28417481674,8.34,1.0,1.8556802722213162,0.5038506753937666,1
3.0,2.0,113050.05,93468.41298796418,20.95,1.0,1.5167002078535012,0.5188028040263045,1
1.0,0.0,19462.8,28491.872147131973,31.69,0.0,0.4405362100937726,0.6799780897717747,1
5.0,0.0,162510.51,136643.83145259286,18.93,3.0,4.39467756504669,0.46362807473090756,2
2.0,0.0,4760.36,11809.376022142269,59.69,1.0,1.898033624711692,0.5364504292482264,2
3.0,1.0,72410.97,159530.6690417364,54.61,1.0,1.9045955261095133,0.6167060569323364,2
0.0,0.0,159262.5,109874.0922373565,44.95,0.0,0.2912766145375319,0.5704116815934621,1
1.0,1.0,49370.83,103049.11876164444,52.09,0.0,0.4966904334438811,0.8727626126471675,2
7.0,0.0,115451.91,118194.01050976058,2.32,4.0,5.089576070238728,0.8942954924096227,2
1.0,1.0,130389.85,108117.62334759602,20.6,0.0,0.03616796547083739,0.5820149324396067,1
1.0,1.0,66182.46,71517.6816412443,7.46,0.0,0.352083736189711,0.6134505849070435,1
1.0,0.0,77352.19,63486.69283905596,21.84,0.0,0.1469686186978431,0.9698258883412216,1
2.0,2.0,77473.14,88906.51751854009,12.86,1.0,1.8041166119650263,0.6521612583448938,1
5.0,1.0,190726.71,180032.76356395768,5.94,2.0,3.195850806469421,0.9951224359587512,1
3.0,0.0,35606.08,35720.38735969017,0.32,1.0,1.6667620792505018,0.8339619408813461,1
1.0,1.0,81901.76,71705.27337045083,14.22,0.0,0.4466243122974362,0.4849625546054456,1
0.0,0.0,52656.71,46537.081310386835,13.15,0.0,0.07102172930596595,0.460364865719033,1
6.0,2.0,84474.29,91156.02558010256,7.33,3.0,4.094492827196825,0.41134514160858415,2
4.0,0.0,26728.64,35364.699633402524,24.42,2.0,3.33392042643504,0.8643020083422324,2
4.0,2.0,137102.34,154551.16664142412,11.29,2.0,3.391300506382565,0.5148034295230117,2
5.0,1.0,26162.03,29658.804591069194,11.79,2.0,3.416107245992461,0.7730547571522339,2
6.0,1.0,132062.28,136399.79778728145,3.18,3.0,4.115574858171126,0.6780953046795475,2
0.0,0.0,39805.68,60864.96172511446,34.6,0.0,0.44105670914472694,0.8781981120346827,1
2.0,2.0,95528.02,99716.09940295592,4.2,1.0,1.8047753282122776,0.8255722035486561,1
5.0,2.0,59037.19,47997.712726332866,23.0,2.0,3.411609209457022,0.34462424705183226,2
3.0,0.0,215379.14,148742.49910038663,44.8,1.0,1.5342609701016099,0.5368993265836087,2
5.0,1.0,212536.72,190172.43796098162,11.76,3.0,4.178447167992711,0.6640690984983133,2
3.0,2.0,52491.31,52131.60460466923,0.69,1.0,1.7624319922453344,0.8625472385780288,1
6.0,1.0,282979.56,191099.1094654374,48.08,3.0,4.288478516291143,0.7998192765220355,2
8.0,0.0,36619.03,71802.02219217246,49.0,4.0,5.049535777036853,0.6845827654678477,2
4.0,2.0,118786.34,115990.9617398613,2.41,2.0,3.269329122301088,0.8658627383652153,1
8.0,0.0,91111.47,143302.09070625945,36.42,4.0,5.332743216546512,0.6044499332767987,2
5.0,1.0,57256.16,47861.03705238679,19.63,2.0,3.1807975428823365,0.33896170174810714,2
8.0,1.0,99532.82,94505.14811219925,5.32,4.0,5.250369622140315,0.9093750100306333,2
3.0,2.0,20989.87,22887.221326169514,8.29,1.0,1.64628321082203,0.6686153463275366,1
2.0,1.0,135873.72,142440.2174453238,4.61,1.0,1.9352501359359926,0.8658821611547918,1
4.0,2.0,54260.99,89157.0627476509,39.14,2.0,3.2996033033450134,0.5744572025675709,2
0.0,0.0,159300.32,179412.46120152227,11.21,0.0,0.27563694806794786,0.7119865763156391,1
2.0,2.0,41461.26,62058.45882889621,33.19,1.0,1.972178712938855,0.5317651038240162,2
7.0,2.0,168790.67,185484.2516215461,9.0,4.0,5.332465761830054,0.586702482111771,2
4.0,2.0,29986.34,36797.57048974055,18.51,2.0,3.139911720769714,0.403178755178105,2
1.0,1.0,118255.38,125323.62854263782,5.64,0.0,0.3208765405969746,0.8191224968372786,0
3.0,2.0,88330.09,68483.554175714,28.98,1.0,1.9808117283266107,0.4961990141988558,2
1.0,1.0,39153.8,44538.5060811246,12.09,0.0,0.011779127963649272,0.5112118011154646,1
1.0,0.0,25160.72,27848.062626641444,9.65,0.0,0.3132955035054971,0.5479322737904696,1
7.0,0.0,157166.74,134572.08617745107,16.79,4.0,5.078417480443225,0.6024882814780409,2
2.0,2.0,61073.36,54301.907319256636,12.47,1.0,1.9082297555331946,0.703314738414955,1
2.0,0.0,84859.89,118834.73829349906,28.59,1.0,1.8203422648206284,0.7779646421868265,1
4.0,2.0,158322.71,196089.55733870278,19.26,2.0,3.468494746484783,0.7729826560369419,2
0.0,0.0,61656.83,70032.745853111,11.96,0.0,0.33478893104871493,0.5965766411498057,1
1.0,1.0,11817.31,16639.412766178473,28.98,0.0,0.008609446578822344,0.6373234673068109,1
6.0,2.0,40783.08,37136.2967353199,9.82,3.0,4.255176922200417,0.3982243625690984,2
5.0,0.0,27509.14,32671.181788122445,15.8,2.0,3.451834031808078,0.6650542578887931,2
7.0,1.0,93622.6,98023.8701689948,4.49,4.0,5.116151502085665,0.913939691518292,2
5.0,2.0,123307.66,151483.60823551918,18.6,2.0,3.0414482020899425,0.6223149168829842,2
3.0,2.0,68148.36,66324.4332985531,2.75,1.0,1.859943934610921,0.9566095151695442,1
5.0,0.0,22030.26,37710.12646033021,41.58,3.0,4.25125428346956,0.40904847795083543,2
7.0,2.0,98519.42,131745.68560249612,25.22,4.0,5.02379763069735,0.8158366213961281,2
6.0,1.0,68696.45,67224.23968135606,2.19,3.0,4.1399576162197125,0.7955922372656603,2
7.0,2.0,142828.71,119282.3663693242,19.74,4.0,5.1633743238215475,0.7770702675029357,2
6.0,1.0,155070.85,187419.44633782285,17.26,3.0,4.333930738993751,0.7640000395522017,2
7.0,1.0,77989.22,65355.92143603997,19.33,4.0,5.235800110355383,0.31561579150380686,2
0.0,0.0,131929.7,107373.40675239103,22.87,0.0,0.2435951632805426,0.8194855764364735,1
6.0,1.0,136546.66,163294.2635899311,16.38,3.0,4.4033018497972884,0.6497789923550296,2
2.0,2.0,152146.57,141426.44137454935,7.58,1.0,1.6392085492507316,0.666930332789993,1
4.0,2.0,117014.86,152780.8532080453,23.41,2.0,3.3362863707876547,0.33561084814783815,2
4.0,0.0,149795.43,156788.18122265904,4.46,2.0,3.1837786524143623,0.4318667898188359,1
7.0,0.0,141394.3,112584.04386346818,25.59,4.0,5.209185023773302,0.9377048352942117,2
8.0,2.0,123685.72,111851.80050143036,10.58,4.0,5.277951206585381,0.5208698357424131,2
0.0,0.0,136034.61,146589.020285205,7.2,0.0,0.34782340240114606,0.5757161544307996,0
5.0,2.0,129224.45,142553.1713215756,9.35,3.0,4.4725976304496875,0.4324424634362066,2
6.0,0.0,129333.19,137310.95616564018,5.81,3.0,4.134505581279137,0.7425335474995979,2
3.0,1.0,57972.6,82605.59150710609,29.82,1.0,1.5518726098210376,0.8184906130647791,2
0.0,0.0,165146.15,167423.10266492658,1.36,0.0,0.21439596133630184,0.94488328901061,0
1.0,1.0,47590.68,54878.548980468964,13.28,0.0,0.2733579994088364,0.693444529654217,1
5.0,2.0,39129.84,39589.07360701533,1.16,3.0,4.114001802019612,0.492941476570951,2
3.0,0.0,77938.94,75580.8216319833,3.12,1.0,1.945247886982376,0.34967432039611857,1
8.0,0.0,83318.35,58227.93567694163,43.09,4.0,5.399423507939779,0.4862766066204428,2
3.0,2.0,176860.48,136004.67731859972,30.04,1.0,1.7468319567210968,0.7328551796096519,2
7.0,0.0,52820.91,53893.39171849257,1.99,4.0,5.225031966517794,0.9818724980324176,2
2.0,2.0,141954.76,134733.0692866651,5.36,1.0,1.5203706283523062,0.3554384724383111,1
6.0,2.0,126380.75,107512.3310197498,17.55,3.0,4.268444866388138,0.5718565066607308,2
1.0,0.0,40648.82,38965.51293429933,4.32,0.0,0.29787354771194363,0.7670649965900209,0
4.0,0.0,63663.36,59095.29018299435,7.73,2.0,3.445815890726225,0.7021996609434823,1
5.0,2.0,85916.54,109128.08901761234,21.27,3.0,4.250549032873241,0.756184822238049,2
7.0,0.0,177252.03,149290.00774550263,18.73,4.0,5.078688711339065,0.6242459301831256,2
6.0,1.0,109423.5,85667.81239318843,27.73,3.0,4.090028450611674,0.4869256938065885,2
0.0,0.0,40993.23,54238.2020138276,24.42,0.0,0.07993370926171545,0.637926584948917,1
3.0,1.0,67531.5,66064.85972781987,2.22,1.0,1.9692674370277805,0.5670752909558145,1
1.0,1.0,21146.84,28072.265961945403,24.67,0.0,0.3966946286802036,0.7965082719999854,1
1.0,1.0,9840.94,14778.405207144282,33.41,0.0,0.4123830631600268,0.4201373756581518,1
4.0,2.0,123602.14,194894.5692794023,36.58,2.0,3.420216759405227,0.6473035530802218,2
6.0,1.0,26451.74,28317.887529523923,6.59,3.0,4.047817321294962,0.971343791333265,2
6.0,1.0,39705.3,33728.59557102351,17.72,3.0,4.351088428090806,0.6722557703945424,2
7.0,1.0,141807.95,175483.17616513208,19.19,4.0,5.3521683562610125,0.46604663234956645,2
6.0,2.0,88592.57,136065.99478665902,34.89,3.0,4.112410853965373,0.9550952070604861,2
6.0,0.0,75954.39,92853.78093661199,18.2,3.0,4.245332885119619,0.47091017079802094,2
1.0,0.0,177561.51,133314.44708791142,33.19,0.0,0.33121544205924236,0.8258260965955795,1
1.0,1.0,281939.79,187647.11647077795,50.25,0.0,0.44866821845631527,0.37667188205106195,2
4.0,2.0,21187.61,28881.68917278413,26.64,2.0,3.055212755464992,0.8964627268637333,2
8.0,2.0,49131.83,56305.09516331312,12.74,4.0,5.446096577003318,0.4264022113236715,2
1.0,0.0,128809.23,173457.07665944076,25.74,0.0,0.46120748329691963,0.5759256276944483,1
4.0,0.0,138341.31,158321.47560721033,12.62,2.0,3.4618049174120236,0.9759342342235593,2
5.0,1.0,185064.73,198908.77709586624,6.96,2.0,3.002417446052589,0.7055763093942582,1
0.0,0.0,75388.2,69642.67486371657,8.25,0.0,0.11049938637740941,0.4847971551475816,0
3.0,1.0,224761.75,189528.4154563236,18.59,1.0,1.8456226180126856,0.3004390182733784,1
8.0,0.0,85963.48,75300.8779460508,14.16,4.0,5.160869890494139,0.3047524563660665,2
4.0,2.0,105170.62,145867.7063252437,27.9,2.0,3.0305416457579315,0.49221137601463966,2
0.0,0.0,194871.25,177721.16004810142,9.65,0.0,0.3814710402746354,0.6687983551079686,1
7.0,2.0,36790.2,42448.59809908873,13.33,4.0,5.014296096232544,0.6394238880522408,2
3.0,1.0,50862.45,49071.34445668806,3.65,1.0,1.7230106639660718,0.9453171419002095,1
7.0,0.0,160806.47,120382.14312614586,33.58,4.0,5.473788045377745,0.8348658803888211,2
1.0,1.0,181057.29,170326.70630674768,6.3,0.0,0.2201164131820424,0.9473149451538738,0
4.0,0.0,20532.84,25000.411692201218,17.87,2.0,3.455943642701403,0.6582447318239395,2
3.0,0.0,145659.75,171667.35385362167,15.15,1.0,1.7045021229646102,0.6126664885015708,1
1.0,1.0,60372.38,75192.90061356834,19.71,0.0,0.17334305455097976,0.696261807984263,1
7.0,1.0,112649.23,87183.05665477534,29.21,4.0,5.0536914012995116,0.5605022613970516,2
1.0,0.0,74864.45,74573.60818063565,0.39,0.0,0.1790454545135996,0.4475680439360159,0
1.0,1.0,157480.86,183181.1818754606,14.03,0.0,0.16849324501090324,0.8856623909274466,1
2.0,0.0,38381.32,34850.92205073942,10.13,1.0,1.9232755929884924,0.7763721084928279,1
5.0,1.0,103865.8,119112.15142350522,12.8,3.0,4.4599575871079935,0.5279606645576582,2
6.0,1.0,35299.07,38140.53531890042,7.45,3.0,4.0109650428766646,0.6123968672303016,2
7.0,1.0,256457.21,186432.97971801987,37.56,4.0,5.0491282052735,0.45781348433979463,2
0.0,0.0,169897.39,161606.94957176768,5.13,0.0,0.3216142335450916,0.693987339662077,0
3.0,2.0,76647.66,54425.66210960479,40.83,1.0,1.7423714440452471,0.5508507002279457,2
1.0,1.0,69960.03,66577.87093674918,5.08,0.0,0.148439317523548,0.9129027222277553,1
4.0,1.0,124639.24,82487.91231290872,51.1,2.0,3.129953529858164,0.6698540583195244,2
7.0,0.0,115035.41,87029.35830613293,32.18,4.0,5.1123372947593095,0.5882114463921906,2
5.0,1.0,164071.96,165295.14314009048,0.74,3.0,4.262725434629068,0.8247338347112771,2
5.0,1.0,123898.33,117261.33750874616,5.66,2.0,3.00873996824358,0.9335709033288355,1
2.0,1.0,93501.82,91310.36982942832,2.4,1.0,1.869442188234479,0.8721933683380498,1
8.0,1.0,153823.84,146694.48481790704,4.86,4.0,5.150194003945366,0.6464419666373111,2
3.0,0.0,69350.94,96994.32650532325,28.5,1.0,1.7134157256177853,0.5495103359211619,1
1.0,1.0,35094.15,34365.60320811019,2.12,0.0,0.2635260989210293,0.7634905401986015,0
3.0,2.0,20708.9,30422.945011210388,31.93,1.0,1.6056798013638245,0.8718076304438005,2
1.0,1.0,69816.98,71931.76916108263,2.94,0.0,0.44185132371185104,0.9850477041355521,0
0.0,0.0,113647.63,124545.3451468827,8.75,0.0,0.3410466275891336,0.6200758651711153,1
0.0,0.0,29660.65,35619.85225316454,16.73,0.0,0.43514817103483316,0.76776810058107,1
2.0,2.0,62496.56,114525.4924325074,45.43,1.0,1.7377253026321173,0.5051722772467835,2
5.0,0.0,57007.37,61225.83251365936,6.89,2.0,3.216230228994705,0.36122430751731915,1
3.0,2.0,69145.54,142128.54896557544,51.35,1.0,1.6185712842545708,0.4771404094707201,2
2.0,1.0,13608.52,15369.913223510423,11.46,1.0,1.7724201806037296,0.31014309393635453,1
7.0,1.0,116132.4,99114.45198130887,17.17,4.0,5.296581786658953,0.6565993192207071,2
6.0,1.0,21988.98,19930.188312704195,10.33,3.0,4.209961688520918,0.561209278828346,2
5.0,0.0,68348.61,72796.4773023109,6.11,2.0,3.0726912801563193,0.7747923669037138,1
0.0,0.0,9768.7,12959.277414507033,24.62,0.0,0.13655223114780157,0.7307198240221859,1
8.0,1.0,148911.23,99128.76450980695,50.22,4.0,5.007125754758683,0.4175065041110918,2
1.0,1.0,213665.7,155733.01501082222,37.2,0.0,0.15956938390895709,0.7716751161372513,1
3.0,2.0,34887.92,29041.80717172947,20.13,1.0,1.7903794883121034,0.4311801572578643,1
7.0,1.0,148375.02,149692.31147886516,0.88,4.0,5.477855548918503,0.3041672009744165,2
5.0,2.0,114656.85,120997.10074754292,5.24,2.0,3.0889483981947143,0.9791348640716255,1
6.0,1.0,85928.15,105875.00189584382,18.84,3.0,4.02773226526374,0.318889532932843,2
5.0,1.0,168754.28,123901.81983324591,36.2,2.0,3.148155643935731,0.5392243536945396,2
4.0,2.0,53025.23,73820.45502854715,28.17,2.0,3.0783988490843015,0.7462578686654271,2
1.0,1.0,143152.46,144964.51521597497,1.25,0.0,0.3477594984470281,0.5592621760109713,0
1.0,1.0,146592.54,158136.50996494672,7.3,0.0,0.0028745822633328144,0.5668464083189897,1
2.0,2.0,215861.23,157862.5344615067,36.74,1.0,1.9904335461364397,0.8059092783187065,2
1.0,1.0,61766.5,61197.3599848008,0.93,0.0,0.4278333376311754,0.721507754123771,0
7.0,2.0,123556.64,134242.33184107198,7.96,4.0,5.245335296037689,0.6628642123935604,2
1.0,0.0,49320.3,38138.187891602516,29.32,0.0,0.46047110990345347,0.9204217137186417,1
5.0,2.0,94497.73,104129.72658329074,9.25,2.0,3.3140296663286386,0.3756795522260459,2
6.0,1.0,11341.62,10499.55941130834,8.02,3.0,4.496882438344585,0.6288372794798048,2
5.0,1.0,39567.78,46781.48421158481,15.42,3.0,4.139153100704734,0.46734671976528674,2
2.0,2.0,160157.31,130029.48200819507,23.17,1.0,1.9984530713087567,0.3257654937171874,1
3.0,0.0,259913.1,176128.68598859457,47.57,1.0,1.5901236460610362,0.9853235915276057,2
7.0,2.0,9727.22,19315.37673134462,49.64,4.0,5.17670918381952,0.8138187790813907,2
5.0,1.0,116032.13,116125.0305131227,0.08,2.0,3.467662040170047,0.45132986119395035,1
6.0,1.0,127843.56,130987.2538199558,2.4,3.0,4.185271142626859,0.5817039786084184,2
8.0,0.0,206075.58,187154.2864247218,10.11,4.0,5.104918188534933,0.45821697062778555,2
6.0,1.0,152591.42,134477.32098254174,13.47,3.0,4.0297435527366146,0.7793987001886609,2
0.0,0.0,22788.47,29576.21346944029,22.95,0.0,0.07447910486105347,0.5453129500072883,1
5.0,0.0,37813.22,37881.40608345129,0.18,2.0,3.177611720160593,0.9439038073062447,1
0.0,0.0,145234.97,130795.18448852957,11.04,0.0,0.21061602623435444,0.4452886534056761,1
5.0,2.0,70733.03,50967.73858501421,38.78,2.0,3.27122556721012,0.5448783290277381,2
8.0,1.0,171262.78,186378.04022668477,8.11,4.0,5.40679399726359,0.9522701402304905,2
5.0,1.0,182470.99,184930.56814931837,1.33,2.0,3.006707424909192,0.9192765278714559,1
2.0,1.0,72502.22,190244.61342987054,61.89,1.0,1.9205580656152885,0.5052191021881385,2
1.0,0.0,62463.31,65660.99548431674,4.87,0.0,0.2886246715115546,0.6381480743810185,0
8.0,1.0,125895.84,146220.48251246012,13.9,4.0,5.378239029142251,0.9185934884171545,2
1.0,1.0,113999.46,135972.6423176214,16.16,0.0,0.37848961035376216,0.7694441924722184,1
1.0,1.0,13698.45,16764.7184541767,18.29,0.0,0.4516013396536428,0.7460957769333003,1
1.0,1.0,56080.25,60457.36450579314,7.24,0.0,0.04669010441717408,0.7623909990653728,0
1.0,0.0,51676.03,49285.678639098995,4.85,0.0,0.28575764417820243,0.9446867939560653,0
3.0,2.0,78434.25,80453.63433028459,2.51,1.0,1.9545147641974103,0.6620216884970654,1
5.0,2.0,218595.76,191080.20614359275,14.4,2.0,3.3596031570191096,0.4272459023932509,2
3.0,2.0,184556.39,170664.31140208428,8.14,1.0,1.548292455748269,0.6309066277148351,1
0.0,0.0,32401.93,65750.67235997261,50.72,0.0,0.30698215543987845,0.8102218112659056,1
0.0,0.0,144216.69,110705.99090887139,30.27,0.0,0.3999404546004723,0.6444940198264597,1
2.0,1.0,42994.24,46530.56310146576,7.6,1.0,1.6374308931528494,0.519283907051713,1
1.0,0.0,76132.92,62712.45853622827,21.4,0.0,0.3162466175083569,0.766430938367675,1
5.0,0.0,17493.83,22350.617312828057,21.73,2.0,3.4202061106970723,0.615160826987682,2
0.0,0.0,140694.63,132095.23517419896,6.51,0.0,0.2619334779540773,0.9739741829256607,0
2.0,1.0,166766.09,134814.9471543025,23.7,1.0,1.5970936004227128,0.5464983856425621,1
3.0,0.0,106363.88,169315.30795265426,37.18,1.0,1.774841061058372,0.802240846540168,2
2.0,2.0,209431.97,175594.84455117828,19.27,1.0,1.7940019665774742,0.6885503929439221,1
0.0,0.0,45297.01,40411.28584680733,12.09,0.0,0.2014263861170299,0.35429534137959673,1
0.0,0.0,233615.02,151177.77977096758,54.53,0.0,0.3398083122637986,0.6288305422396954,2
8.0,0.0,34736.62,35594.450237193145,2.41,4.0,5.216666447344197,0.3204146195158104,2
0.0,0.0,117928.32,81005.85223170408,45.58,0.0,0.438702543827237,0.8528821921744985,1
4.0,0.0,113533.06,107951.94859625203,5.17,2.0,3.395812733756091,0.8141710596590785,1
3.0,2.0,18206.23,19399.283676544444,6.15,1.0,1.9023859329245751,0.33535828655793526,1
2.0,0.0,36745.52,39785.10519363632,7.64,1.0,1.7630383526366427,0.6497862995170975,1
2.0,2.0,47019.82,61512.05899810725,23.56,1.0,1.5981739102953352,0.9730776237900773,1
6.0,2.0,22614.35,34233.04263049597,33.94,3.0,4.3622109095541655,0.4992471461588453,2
6.0,0.0,235997.67,187478.2917192033,25.88,3.0,4.034460675789716,0.9330123081291799,2
0.0,0.0,70487.82,64780.6457365521,8.81,0.0,0.2587874680764936,0.4057648618370514,1
2.0,0.0,81147.68,105222.61625669361,22.88,1.0,1.5264895407407586,0.3046217176456353,1
0.0,0.0,192882.84,199341.50520588038,3.24,0.0,0.26420934367850585,0.6713649696582058,0
3.0,0.0,103154.37,117662.10861693634,12.33,1.0,1.8429610845644526,0.4674703155743294,1
5.0,2.0,110441.89,88184.19724849609,25.24,2.0,3.2095991232096495,0.915456941438282,2
0.0,0.0,135160.91,186660.55712561417,27.59,0.0,0.2084515832771603,0.7717454031256508,1
3.0,0.0,58150.24,52274.57351965562,11.24,1.0,1.56139692513708,0.7808232476658845,1
8.0,0.0,46447.12,44105.14075935451,5.31,4.0,5.15092480264918,0.7712962819520014,2
0.0,0.0,77968.85,111719.23011774887,30.21,0.0,0.2221368602925033,0.7752703694447753,1
2.0,1.0,111604.17,91187.33018796412,22.39,1.0,1.931781069315113,0.8229803995202132,1
6.0,1.0,166431.6,161427.35468993834,3.1,3.0,4.448989951169538,0.7689213573209552,2
1.0,1.0,18123.96,17981.907847829778,0.79,0.0,0.4767900510037927,0.8839926929009101,0
1.0,0.0,158152.73,127367.90663813178,24.17,0.0,0.05013184856334019,0.6906854959172984,1
0.0,0.0,119068.84,145029.03715059653,17.9,0.0,0.1481054056344438,0.5454817567032386,1
7.0,1.0,246503.26,194664.18455655372,26.63,4.0,5.231456459376674,0.6267930201789266,2
0.0,0.0,33405.32,37695.00804556874,11.38,0.0,0.32087191219502614,0.6081645224224312,1
0.0,0.0,84719.35,56786.21155479885,49.19,0.0,0.3513992447997467,0.5327544133795664,1
0.0,0.0,139830.38,187164.21399815602,25.29,0.0,0.39300814430945824,0.590827685751528,1
0.0,0.0,190276.41,129819.4806418271,46.57,0.0,0.24793690503007693,0.5694907262455593,1
5.0,0.0,19034.95,17229.316219747212,10.48,2.0,3.2782921333134474,0.3777981965037565,2
1.0,0.0,35825.56,24695.360428598004,45.07,0.0,0.4802853445257724,0.8813866107416151,1
5.0,2.0,157975.76,159233.706519257,0.79,2.0,3.120014139894848,0.8295260118622514,1
5.0,1.0,69525.67,117820.15470671898,40.99,2.0,3.4018798714420875,0.5362771124918215,2
5.0,0.0,166561.21,117428.94150758605,41.84,3.0,4.355909017178727,0.9615924273439864,2
1.0,0.0,257168.75,177174.47222914422,45.15,0.0,0.07004491836405308,0.9645537784644269,1
7.0,0.0,59971.93,55808.60468053337,7.46,4.0,5.463245846359052,0.8997038071634527,2
5.0,2.0,50489.01,40481.8865461838,24.72,2.0,3.427678078063224,0.3205609872023162,2
1.0,1.0,164394.81,126623.1300481953,29.83,0.0,0.3897523264483631,0.5598525959203942,1
5.0,1.0,172614.83,177660.38855423784,2.84,3.0,4.06338679187678,0.6201355967403328,2
8.0,0.0,78945.73,60397.62248684745,30.71,4.0,5.069835265546425,0.8031013977306574,2
1.0,1.0,160348.87,139445.92931035688,14.99,0.0,0.3415992290992872,0.7443686341053342,1
7.0,0.0,31987.4,38952.01605307209,17.88,4.0,5.053635007589549,0.7748650295125632,2
2.0,1.0,35141.23,42662.652207538296,17.63,1.0,1.5566578029514146,0.837049389661106,1
5.0,1.0,282970.74,181286.91099392012,56.09,2.0,3.2001397334770547,0.9639048003483777,2
7.0,2.0,26313.16,32413.349032211318,18.82,4.0,5.002688944387811,0.6860558570750364,2
3.0,0.0,11612.77,14625.651964486988,20.6,1.0,1.8607417014079974,0.9328297251430844,1
5.0,0.0,160320.56,157238.685141049,1.96,3.0,4.270103496587414,0.8703732195515506,2
3.0,0.0,82875.87,78876.81421978427,5.07,1.0,1.5390870746073255,0.536546973818731,1
5.0,1.0,82343.2,85365.12491840486,3.54,3.0,4.271791374231171,0.8695693270326053,2
4.0,1.0,169051.15,161972.93353255713,4.37,2.0,3.027043936438464,0.38214169038113815,1
1.0,0.0,43940.35,44187.800399696156,0.56,0.0,0.0353480529991162,0.41113173673642023,0
2.0,2.0,151593.0,133562.11888899677,13.5,1.0,1.742733095075727,0.9946649398451339,1
3.0,1.0,72165.36,69570.38247915055,3.73,1.0,1.7499116252578226,0.6000820208583415,1
0.0,0.0,27691.44,29811.007522900385,7.11,0.0,0.16949738644660167,0.6224326168019729,0
0.0,0.0,126505.57,140624.2493043167,10.04,0.0,0.31088572915591584,0.9657216073410857,1
3.0,0.0,85113.97,70546.18556467787,20.65,1.0,1.6936792013273956,0.5532878503143746,1
0.0,0.0,150377.77,174654.77981321345,13.9,0.0,0.2934802895064937,0.4658766181780417,1
0.0,0.0,187367.56,184616.77354406114,1.49,0.0,0.17489246869981712,0.35447521620614386,0
6.0,1.0,121551.42,171319.83476498103,29.05,3.0,4.357483482329488,0.665833861542998,2
6.0,2.0,90889.58,71246.83201273777,27.57,3.0,4.289643058729784,0.43978240012777,2
6.0,2.0,79744.45,54950.69862833467,45.12,3.0,4.080021773421114,0.34536422430240216,2
3.0,0.0,239772.96,179632.12205748196,33.48,1.0,1.84313442758886,0.8691486216161921,1
8.0,0.0,104349.9,96059.92693652764,8.63,4.0,5.3919679612667295,0.5300178414391182,2
5.0,0.0,178782.3,144470.547476023,23.75,2.0,3.0329370339780413,0.7055731274198801,2
1.0,0.0,75724.02,167161.19826802053,54.7,0.0,0.30498029765030477,0.37325194784676824,2
0.0,0.0,54865.2,62760.464424886275,12.58,0.0,0.39521482800653623,0.6539078431355583,1
5.0,0.0,28543.42,32628.511307610133,12.52,2.0,3.0573264488893015,0.7422880787704265,2
0.0,0.0,116785.15,128717.2370352243,9.27,0.0,0.45082620986751554,0.6149045276609362,0
5.0,0.0,125055.59,122136.52859501277,2.39,2.0,3.2073993931263782,0.5362372714913737,1
7.0,0.0,56302.16,61338.013805129405,8.21,4.0,5.3689199105493595,0.517668524079532,2
1.0,0.0,125114.61,121094.27706321502,3.32,0.0,0.4495249234146337,0.37656862703312394,1
1.0,1.0,301484.0,160167.87835088515,88.23,0.0,0.49481857543514157,0.3809838468099672,2
8.0,1.0,77596.07,76502.0866453842,1.43,4.0,5.291962532015645,0.6469873140300784,2
5.0,2.0,56292.55,56040.366595858715,0.45,2.0,3.352136964251577,0.39718047771933607,1
0.0,0.0,109394.27,147750.23058581568,25.96,0.0,0.12584983705870995,0.4564155893791473,1
7.0,0.0,107171.66,159315.683169541,32.73,4.0,5.145023186092693,0.4153723706974724,2
7.0,1.0,182342.32,191314.99319509487,4.69,4.0,5.425384713451297,0.8617390529339286,2
5.0,1.0,30277.08,38041.30635431952,20.41,2.0,3.1991219518261698,0.6148019473703314,2
5.0,0.0,129674.55,178960.17935875698,27.54,2.0,3.411216977214019,0.6868126719794918,2
0.0,0.0,185168.51,155368.77412608147,19.18,0.0,0.025298407269226386,0.7080707036471134,1
0.0,0.0,122846.03,143360.9825068687,14.31,0.0,0.1091267108964562,0.5774694109717355,1
4.0,0.0,90060.22,69480.18954617185,29.62,2.0,3.0850470444850764,0.5089017354503291,2
1.0,1.0,13557.01,14216.660725749283,4.64,0.0,0.26353373485122866,0.5677118569564292,0
4.0,2.0,143697.35,106434.59388269404,35.01,2.0,3.040265273778315,0.6743762381938779,2
6.0,1.0,61383.56,64296.18153228608,4.53,3.0,4.171935218710654,0.551004082401289,2
1.0,1.0,40724.81,65065.99359607133,37.41,0.0,0.49312255492529816,0.3956311470658116,1
4.0,1.0,151307.86,186156.32966660417,18.72,2.0,3.397108568350186,0.939580859500539,2
0.0,0.0,49298.88,39064.08949010975,26.2,0.0,0.3802957064599807,0.8126843693256671,1
8.0,1.0,218067.33,187504.15212220524,16.3,4.0,5.067557349720271,0.34638890232566727,2
0.0,0.0,99771.05,105723.27490204059,5.63,0.0,0.18227955329100665,0.9339899650976058,0
5.0,2.0,178447.66,169273.06245157798,5.42,2.0,3.340293985643627,0.4193256330129075,2
5.0,0.0,53315.62,63881.63857396297,16.54,2.0,3.0108126186216984,0.368411128444473,2
3.0,0.0,122266.03,130444.92617609967,6.27,1.0,1.7169882454880638,0.42125182841490816,1
5.0,1.0,137142.73,115751.79518744918,18.48,2.0,3.4642948946113874,0.9531237339616476,2
6.0,0.0,226440.26,185591.55698938842,22.01,3.0,4.041169903449804,0.45490599418246336,2
4.0,0.0,24990.23,44066.701100059996,43.29,2.0,3.4531296693530003,0.8508943479914031,2
5.0,0.0,56003.05,48868.27905107112,14.6,3.0,4.097260812260518,0.750126757646117,2
7.0,2.0,277614.36,190303.2358961735,45.88,4.0,5.094553611672065,0.6627561548561682,2
3.0,1.0,32184.22,28613.277949359952,12.48,1.0,1.5977179793817715,0.5559155460143921,1
5.0,2.0,119776.84,130589.66911835932,8.28,2.0,3.465628041151606,0.365053874126296,1
0.0,0.0,22212.62,21507.181510898095,3.28,0.0,0.30187249719683135,0.7974583444610857,0
5.0,1.0,21204.93,24628.25354291463,13.9,3.0,4.375394472648437,0.5763470323745297,2
5.0,1.0,137544.85,123458.26115132714,11.41,2.0,3.1832038030423355,0.674490298118497,1
2.0,1.0,122471.78,114759.91280927115,6.72,1.0,1.936625467986556,0.33623327117321916,1
1.0,1.0,121846.85,118874.97776318261,2.5,0.0,0.2909685679574687,0.8431564808938974,0
8.0,2.0,63256.14,99993.89834448915,36.74,4.0,5.2999174666032705,0.7845900590249328,2
2.0,1.0,152181.14,151048.27471050492,0.75,1.0,1.8761605260390686,0.6705102589393122,1
4.0,2.0,137194.28,198515.82190933073,30.89,2.0,3.386821311669581,0.6474151995352353,2
0.0,0.0,81055.57,62398.436814167566,29.9,0.0,0.340931785793145,0.5359215331055853,1
8.0,0.0,68966.95,71453.5367898402,3.48,4.0,5.059454966797937,0.5396827267805557,2
0.0,0.0,91536.96,71379.4130452108,28.24,0.0,0.4333632963666124,0.3479261430523084,1
0.0,0.0,94469.86,155021.09979811194,39.06,0.0,0.13044955804263186,0.7806995156291516,1
8.0,0.0,88218.88,76122.94521350834,15.89,4.0,5.49809707917146,0.3314810633367747,2
7.0,0.0,162291.09,138580.04284070362,17.11,4.0,5.192753965884297,0.3009931455357917,2
1.0,0.0,103432.75,94718.63583226647,9.2,0.0,0.059998648799463816,0.32168683000778775,1
2.0,1.0,116272.44,125482.88673437237,7.34,1.0,1.658043251294598,0.44241323023694734,1
5.0,0.0,159639.81,167512.92083293086,4.7,3.0,4.286767121800349,0.6991370003668052,2
7.0,1.0,123886.43,107671.15063529908,15.06,4.0,5.19572311910121,0.7768114406520941,2
2.0,2.0,115445.68,100282.90816087405,15.12,1.0,1.9143408444846104,0.5945168678312789,1
4.0,0.0,100281.55,60725.170885007574,65.14,2.0,3.341103147710238,0.5860470893386696,2
6.0,2.0,101529.76,108021.87054575892,6.01,3.0,4.106725282802042,0.7037501218553608,2
5.0,1.0,67609.99,59858.33185282474,12.95,3.0,4.2694266524816475,0.7177792975760927,2
6.0,1.0,152807.78,170278.33908641216,10.26,3.0,4.393766000099117,0.891498308564187,2
5.0,1.0,83120.82,83884.16510370093,0.91,2.0,3.4456168757762824,0.8733617155929645,1
1.0,0.0,28049.08,34530.450048641236,18.77,0.0,0.1974721674540208,0.8764683432027014,1
8.0,0.0,56716.83,55593.8303060084,2.02,4.0,5.46223236007572,0.8909209584181625,2
7.0,1.0,153632.55,111570.47881877868,37.7,4.0,5.0179847298097355,0.915881340915119,2
5.0,2.0,235954.08,184094.62800765297,28.17,3.0,4.338345601089884,0.6887217515579809,2
1.0,1.0,65120.33,67106.68472920814,2.96,0.0,0.3909923724210957,0.7166170147503543,0
1.0,1.0,57251.83,60233.3787788692,4.95,0.0,0.2125706903210277,0.8090581980459772,0
5.0,1.0,25074.61,87246.36861392572,71.26,3.0,4.005487237959413,0.4393052889325235,2
1.0,1.0,209693.42,193873.35087550784,8.16,0.0,0.34351758013473854,0.5523227210492204,1
8.0,0.0,228302.92,170591.73814765725,33.83,4.0,5.1712821212689954,0.9388570864334915,2
3.0,1.0,36311.35,38436.910704191396,5.53,1.0,1.575906477346257,0.6659337014338658,1
5.0,2.0,131449.75,126613.12454905018,3.82,3.0,4.078554388257905,0.3362513325452061,2
7.0,0.0,132535.17,160454.19863536657,17.4,4.0,5.384582027915661,0.5838918492110643,2
2.0,2.0,101474.01,155921.96486034515,34.92,1.0,1.5936947121062204,0.4125524422662138,2
2.0,2.0,103559.66,102880.643433377,0.66,1.0,1.7420491490710832,0.5494008033093327,1
4.0,0.0,234020.21,149047.963278068,57.01,2.0,3.4851946798282794,0.6814831722065298,2
4.0,1.0,113858.24,120881.4560126669,5.81,2.0,3.3794093489341708,0.6535954812297429,1
2.0,2.0,64089.29,48274.54674191851,32.76,1.0,1.7735968243573668,0.6433283211222895,2
4.0,1.0,17748.84,20650.191720936644,14.05,2.0,3.2641376763121,0.3128372632132991,2
7.0,2.0,87680.04,80204.93920956407,9.32,4.0,5.083663720773308,0.6115734148320491,2
2.0,2.0,18546.69,21768.410370032576,14.8,1.0,1.723211787507637,0.3202746371051572,1
0.0,0.0,64912.1,85052.5467449695,23.68,0.0,0.0724498269531677,0.5834025430291275,1
3.0,2.0,155009.23,167487.01029844437,7.45,1.0,1.5417910576155218,0.7528999376310179,1
3.0,2.0,177283.65,170415.88819668046,4.03,1.0,1.5545686179796172,0.388133120744682,1
1.0,1.0,18319.14,16474.045054603394,11.2,0.0,0.30330557832588906,0.941740918506949,1
1.0,1.0,27921.4,23211.738826803885,20.29,0.0,0.09677649138092814,0.7413580429715775,1
4.0,0.0,115269.6,137274.74664233648,16.03,2.0,3.074672757495542,0.45231904491362396,2
3.0,0.0,135617.68,104999.75203901797,29.16,1.0,1.9335654810484937,0.5758613674462421,2
7.0,0.0,41555.8,38378.09461877427,8.28,4.0,5.061006481617227,0.36783508431698086,2
1.0,0.0,114037.61,163050.6273690977,30.06,0.0,0.35281755695439954,0.31544430136587037,1
0.0,0.0,68571.06,51134.270914220164,34.1,0.0,0.20850013107369825,0.9411030361701871,1
5.0,1.0,16223.49,24848.358392185044,34.71,3.0,4.289539868882479,0.7726288355063898,2
7.0,1.0,106151.03,152406.35623900162,30.35,4.0,5.011677707248504,0.8457522710366467,2
0.0,0.0,125255.18,125543.93518007317,0.23,0.0,9.619758289391989e-06,0.7355209934879369,0
1.0,1.0,59409.92,84944.12035895149,30.06,0.0,0.4086242720094622,0.9347358693258991,1
1.0,1.0,162931.48,141617.97871887157,15.05,0.0,0.23772057925488316,0.9271431746899668,1
4.0,2.0,161329.38,183162.33085132853,11.92,2.0,3.0356534682245964,0.34071098675641626,2
2.0,0.0,17385.38,16494.66412566307,5.4,1.0,1.6717280515952742,0.4326289885047434,1
1.0,0.0,147769.0,129259.09315831373,14.32,0.0,0.2531772181253928,0.5770529259483261,1
1.0,0.0,57595.13,51451.78643295637,11.94,0.0,0.06774673842349987,0.5387626882305872,1
3.0,0.0,86734.68,100086.17438886293,13.34,1.0,1.773168974888769,0.6679007721362564,1
8.0,2.0,60102.29,90556.41448784021,33.63,4.0,5.264375359918632,0.48657226120363845,2
5.0,1.0,72078.8,84096.13688856065,14.29,2.0,3.301417583172113,0.8582213825696574,2
3.0,1.0,59759.42,46167.659047017776,29.44,1.0,1.9051309026277192,0.30524569369668736,2
1.0,0.0,166192.32,162503.4879245466,2.27,0.0,0.20638940669343092,0.8540591577358889,0
0.0,0.0,97299.06,82108.91113626305,18.5,0.0,0.4442800142300356,0.5753591936069149,1
1.0,1.0,123390.0,178567.28957793117,30.9,0.0,0.23733687645496904,0.30359450612484296,1
5.0,2.0,88708.69,77386.97185983325,14.63,3.0,4.228574482107156,0.8929449882585359,2
7.0,2.0,109356.87,169545.53548903915,35.5,4.0,5.32784284920199,0.6127281479929524,2
8.0,2.0,73639.49,113448.60298969068,35.09,4.0,5.308760607662392,0.8073086500783206,2
7.0,1.0,84434.56,83268.79462336052,1.4,4.0,5.005717469379463,0.914914107150455,2
8.0,0.0,89911.33,143766.12077361924,37.46,4.0,5.491215295112098,0.32401892018615325,2
8.0,2.0,250741.79,159464.37867465024,57.24,4.0,5.471346793072234,0.48351343618709175,2
0.0,0.0,91865.6,101711.25015215154,9.68,0.0,0.1406429712482779,0.383224113193628,0
0.0,0.0,83472.66,90829.88139287199,8.1,0.0,0.279291670082876,0.3686071122769203,1
3.0,0.0,91099.01,119709.6043707412,23.9,1.0,1.8852425867948248,0.9619487642606384,1
5.0,2.0,99901.65,121181.04191608645,17.56,2.0,3.460233912048979,0.863898565485913,2
1.0,1.0,120609.66,90841.0510123906,32.77,0.0,0.2929533200622497,0.5553076120032883,1
5.0,0.0,128460.84,153955.94690410115,16.56,3.0,4.009470066469091,0.7811051299626264,2
5.0,0.0,92788.46,85947.0750732235,7.96,2.0,3.3403389737686227,0.9436116916494763,1
4.0,2.0,67585.02,96069.68514767362,29.65,2.0,3.0465390344495193,0.4545694457116528,2
0.0,0.0,104183.72,125010.46261310736,16.66,0.0,0.33558888676879994,0.3099055163023851,1
0.0,0.0,196375.53,197501.29136682628,0.57,0.0,0.29371380101531686,0.8768758388448592,0
0.0,0.0,63715.35,59530.361092679566,7.03,0.0,0.3203348139574049,0.8058888303896385,1
8.0,0.0,52092.03,54071.03198318972,3.66,4.0,5.0946288494927,0.4121800927953924,2
5.0,0.0,40874.32,43608.580637466715,6.27,2.0,3.246804931405978,0.6427520918395716,1
5.0,1.0,171604.29,140994.40071854537,21.71,3.0,4.308978397233364,0.4123037195314545,2
1.0,1.0,76491.17,95327.98110949747,19.76,0.0,0.1501464557070814,0.7218297032804049,1
2.0,2.0,115055.43,83835.2046141122,37.24,1.0,1.5908116307117488,0.7532989617253119,2
3.0,1.0,41987.39,48777.171088285046,13.92,1.0,1.6113403694431496,0.49367789525980305,1
5.0,0.0,204133.67,179316.29170663428,13.84,3.0,4.42900833455489,0.8465859888419898,2
5.0,2.0,84028.97,94202.87669225331,10.8,3.0,4.2322717601475,0.6315174442468997,2
1.0,1.0,125712.65,125461.7291824025,0.2,0.0,0.33053668848827683,0.7944505379068566,0
8.0,1.0,19405.78,31380.619875580396,38.16,4.0,5.2574444320744975,0.7478678269962993,2
1.0,1.0,20585.23,30514.721170131208,32.54,0.0,0.417063625937041,0.61553125247743,1
8.0,2.0,27247.41,22797.3629161592,19.52,4.0,5.254247433573643,0.5049020834543165,2
0.0,0.0,37120.99,79795.75535927578,53.48,0.0,0.046662656460815355,0.44301308269890405,1
0.0,0.0,64701.8,99848.4544164632,35.2,0.0,0.09899234676657653,0.8221608226990316,1
6.0,1.0,61659.43,56469.848395355,9.19,3.0,4.006632707586011,0.74936043396378,2
1.0,0.0,77012.02,76438.72611668882,0.75,0.0,0.4157621415298638,0.49665934984723165,0
2.0,1.0,5062.09,11189.406464516249,54.76,1.0,1.8316364166538421,0.9769694209624415,2
2.0,2.0,111685.11,76706.80839966501,45.6,1.0,1.8796009590608327,0.8672372515021303,2
1.0,1.0,32622.97,32642.553617861027,0.06,0.0,0.3575101173481254,0.38876158264207816,0
5.0,2.0,17451.03,34393.05089103902,49.26,3.0,4.412239844368349,0.4137943893533648,2
7.0,1.0,12752.73,10856.158536400628,17.47,4.0,5.4934847515586265,0.6808334676112422,2
8.0,1.0,111587.08,142312.3075523703,21.59,4.0,5.326735664955287,0.37166568533801697,2
2.0,0.0,164510.65,186943.91706938297,12.0,1.0,1.6261328014802192,0.9750366036400586,1
4.0,0.0,129861.35,128093.65656190987,1.38,2.0,3.050695021104922,0.7466163835807988,1
1.0,0.0,19690.24,28278.389866302834,30.37,0.0,0.29487396419732625,0.3463218257113323,1
0.0,0.0,215163.28,198033.3953845758,8.65,0.0,0.38537853064040634,0.6104400112537423,1
1.0,1.0,229060.99,195361.18246653752,17.25,0.0,0.2807858571006398,0.4553779350792328,1
8.0,0.0,63881.62,98964.56177492285,35.45,4.0,5.151777384027475,0.6433155152024547,2
7.0,1.0,30842.8,30495.151497196228,1.14,4.0,5.359867423952868,0.47291784982622476,2
6.0,1.0,187025.83,146940.46883296885,27.28,3.0,4.223986248034833,0.8822573080152227,2
5.0,0.0,225684.86,192678.95885185307,17.13,2.0,3.143294550646162,0.8047694467492135,2
2.0,1.0,102400.88,157952.9247863516,35.17,1.0,1.9205422440122055,0.9346047062466947,2
5.0,1.0,119802.4,128598.54236848639,6.84,2.0,3.2882593905591033,0.438570330317802,2
4.0,2.0,112355.55,126058.06145050465,10.87,2.0,3.141723998943145,0.5697745661446613,2
2.0,2.0,202246.41,195804.44169906946,3.29,1.0,1.6643021671594593,0.8638265829121001,1
1.0,0.0,26912.71,23892.673995756195,12.64,0.0,0.2858325576923806,0.5616926204588129,1
1.0,1.0,38431.01,38415.64372221897,0.04,0.0,0.21146179699597611,0.5653618681850259,0
8.0,2.0,186418.85,167854.17450053943,11.06,4.0,5.0802595590672,0.9902269103729227,2
3.0,2.0,28558.09,37571.48526075421,23.99,1.0,1.80523496619604,0.8396042308370788,1
8.0,2.0,87033.91,82826.33251651563,5.08,4.0,5.344555033026123,0.9025722582116043,2
0.0,0.0,87234.54,63484.858650402566,37.41,0.0,5.4398141717260096e-05,0.5848809852783736,1
4.0,0.0,79875.76,56254.49612367471,41.99,2.0,3.2684346580466914,0.7101429660789744,2
1.0,1.0,21313.96,14887.170710601069,43.17,0.0,0.2885807399412834,0.6153874993862102,1
1.0,1.0,135755.05,117587.74007161411,15.45,0.0,0.16603202711448406,0.6152055059366994,1
0.0,0.0,111062.71,86235.50895835758,28.79,0.0,0.16936562951906692,0.3893893949807399,1
0.0,0.0,106191.98,114802.14040103214,7.5,0.0,0.1588294411646604,0.8894929959816151,0
8.0,0.0,65542.65,67856.55923452569,3.41,4.0,5.2226640341639925,0.5733797035704629,2
2.0,0.0,185817.75,188877.56246030988,1.62,1.0,1.9059699394296499,0.7072770757752078,1
4.0,1.0,135766.18,122355.96652589021,10.96,2.0,3.2345130335464645,0.8999502922872362,2
3.0,1.0,185001.22,192629.3388411307,3.96,1.0,1.9968243533405303,0.8414340771117597,1
2.0,0.0,24679.26,76501.13130914514,67.74,1.0,1.6880793373834164,0.43876658392768686,2
5.0,0.0,9590.82,10435.012095801198,8.09,2.0,3.3496311280836526,0.732957955924793,1
1.0,1.0,141598.24,158440.45734286372,10.63,0.0,0.27448283569538173,0.6470117624900835,1
8.0,1.0,235771.52,167201.98236652202,41.01,4.0,5.381144310561277,0.48210650611684636,2
6.0,0.0,12235.27,21153.64546806384,42.16,3.0,4.4441822845048815,0.3286005324570675,2
6.0,1.0,84918.25,128820.15340784061,34.08,3.0,4.2558416465601585,0.7408539156158624,2
3.0,1.0,123742.53,135593.39473762285,8.74,1.0,1.747239604589323,0.8458984404100365,1
0.0,0.0,22934.02,37689.4347390374,39.15,0.0,0.4713595149467599,0.9592028881922543,1
8.0,2.0,71287.39,114979.66504199042,38.0,4.0,5.466829786315007,0.5484886311246218,2
3.0,1.0,41975.98,56207.7873291893,25.32,1.0,1.9984983647966137,0.5794520060748468,1
0.0,0.0,14275.65,13125.82360885807,8.76,0.0,0.07823795764389746,0.4141039412974261,1
2.0,0.0,167462.51,174713.10717146238,4.15,1.0,1.5017843618176387,0.9892312163330257,1
5.0,2.0,139123.39,103422.08253302818,34.52,3.0,4.218655151036552,0.8947108974146496,2
4.0,0.0,110522.12,158522.8291730351,30.28,2.0,3.366670081680024,0.9703226102810598,2
5.0,0.0,104691.94,147349.67612353066,28.95,3.0,4.0364280050643995,0.6467429966878124,2
6.0,1.0,176100.58,198803.99959276052,11.42,3.0,4.186800816086693,0.44684696893119785,2
0.0,0.0,101348.48,93211.14674122671,8.73,0.0,0.2907297383938011,0.7012291876111774,0
7.0,0.0,73735.82,91234.61528386375,19.18,4.0,5.106273712525583,0.5604643410662133,2
2.0,1.0,76494.4,63533.55773972234,20.4,1.0,1.865570998889118,0.5435051015672824,1
4.0,0.0,134920.68,128777.97054661078,4.77,2.0,3.1147688274878758,0.3576549988161678,1
1.0,1.0,93374.05,102361.375105504,8.78,0.0,0.42033600760690926,0.35120445029140845,1
7.0,0.0,106404.59,148464.61320691707,28.33,4.0,5.174136668838979,0.5651589870898571,2
1.0,1.0,110075.91,77737.22270387119,41.6,0.0,0.2993242236985552,0.9483389807869171,1
0.0,0.0,28331.13,34860.50090577192,18.73,0.0,0.27207700355000297,0.806116597335456,1
2.0,2.0,185302.9,173862.7359026963,6.58,1.0,1.648223358238802,0.8323910061231687,1
1.0,0.0,152654.17,167328.91897329007,8.77,0.0,0.21953581190467808,0.46400347351869453,1
0.0,0.0,86015.54,76690.0355519914,12.16,0.0,0.4229865459460965,0.8141707277578969,1
5.0,0.0,159603.21,141166.82632727985,13.06,2.0,3.2741721428129487,0.5844233884736632,2
3.0,1.0,152321.33,103556.55219236625,47.09,1.0,1.5277934804136688,0.3415734273312423,2
8.0,1.0,170893.38,154584.69845490903,10.55,4.0,5.356516145460662,0.5763694972628137,2
2.0,2.0,95296.97,84125.15004625736,13.28,1.0,1.5912262488980968,0.3918776512026582,1
5.0,2.0,160917.36,111771.45472433363,43.97,3.0,4.243031381753424,0.8975896240520138,2
2.0,2.0,23341.68,20985.059772301975,11.23,1.0,1.7342694403535563,0.8882058451324353,1
4.0,0.0,42277.45,43232.89650173546,2.21,2.0,3.2432434642751393,0.5012282498099478,1
4.0,0.0,108866.3,158535.46547726955,31.33,2.0,3.015507003162997,0.7283456119429095,2
3.0,2.0,86053.08,82497.44161284671,4.31,1.0,1.6361942596007124,0.5546318028500824,1
7.0,2.0,10465.45,16670.030603622134,37.22,4.0,5.025367736359447,0.40795832204053045,2
3.0,0.0,34024.78,41850.89428526987,18.7,1.0,1.7074783513104457,0.7545851179860337,1
0.0,0.0,97465.01,88203.62609626676,10.5,0.0,0.31066836364310774,0.8320746503176457,0
4.0,2.0,136257.73,146403.49033318667,6.93,2.0,3.327037062854642,0.8423059187460271,1
6.0,1.0,77077.7,79062.15794337388,2.51,3.0,4.032274001829763,0.40445441012521605,2
0.0,0.0,180447.13,151585.29333198513,19.04,0.0,0.05944455248246949,0.6588049629465967,1
2.0,1.0,123907.87,173031.51158606584,28.39,1.0,1.8307533893314352,0.3167295500396152,2
8.0,2.0,78631.57,74815.9566990854,5.1,4.0,5.2655938247766985,0.36311864833994834,2
6.0,2.0,133725.08,162071.3584623408,17.49,3.0,4.416706004114287,0.35673580715977143,2
8.0,0.0,18909.1,34107.32652673601,44.56,4.0,5.102571083607171,0.3400335554853508,2
5.0,0.0,104124.21,88903.86976361531,17.12,2.0,3.0601711437881916,0.5336385443404842,2
5.0,2.0,16594.18,28536.85529350259,41.85,2.0,3.1810120730686737,0.5503757205972195,2
3.0,0.0,20567.74,19980.317871007384,2.94,1.0,1.8185335674966359,0.7885092394491597,1
8.0,0.0,28733.47,22260.20172223491,29.08,4.0,5.242983620677677,0.5309158049546266,2
2.0,2.0,19203.63,29902.885145510925,35.78,1.0,1.5492966330489495,0.3982770629244237,2
6.0,0.0,217618.27,168787.92544911575,28.93,3.0,4.0356460444632125,0.9628129416931186,2
2.0,0.0,66562.96,113298.6534904011,41.25,1.0,1.8388468135794283,0.9128334827899893,2
4.0,0.0,196330.88,190003.75567763203,3.33,2.0,3.148484105708362,0.3869580287826434,1
5.0,1.0,100616.5,112220.05724937757,10.34,3.0,4.334741235508598,0.5539450899784041,2
5.0,1.0,178156.18,129455.15313897349,37.62,2.0,3.147457441538328,0.4176592556894801,2
7.0,2.0,39127.62,45051.95261669368,13.15,4.0,5.157397105921771,0.9713779992030773,2
3.0,2.0,168828.9,112710.39392040459,49.79,1.0,1.6049073657066744,0.5491843144731928,2
4.0,1.0,104766.54,83207.4842726321,25.91,2.0,3.491858480761532,0.36868219884255404,2
3.0,2.0,160086.04,186972.71500667033,14.38,1.0,1.5080351450467804,0.8087907918309163,1
3.0,0.0,149843.56,187445.0309985405,20.06,1.0,1.5636262169308175,0.798202261329777,1
3.0,1.0,32259.93,47714.73637542579,32.39,1.0,1.9181450904708681,0.4687241190065841,2
0.0,0.0,163066.18,127824.86414828952,27.57,0.0,0.06908086703026056,0.5250232956440867,1
1.0,0.0,136280.41,131253.40256448582,3.83,0.0,0.14034844597053658,0.5905132282442084,1
4.0,2.0,45957.87,116881.66509702339,60.68,2.0,3.1313924841388294,0.4873900012401533,2
5.0,0.0,30337.71,33622.64451907837,9.77,2.0,3.348492791128941,0.502221395723375,2
4.0,1.0,84907.86,134262.91057976376,36.76,2.0,3.205600589019912,0.8611132744130598,2
1.0,1.0,111919.0,161826.20413559803,30.84,0.0,0.42029391131549465,0.8262954236586295,1
3.0,0.0,84339.05,75592.94643209472,11.57,1.0,1.873713597869537,0.7848404483793405,1
1.0,1.0,139814.08,107764.82336938987,29.74,0.0,0.2655506656039081,0.780741489791394,1
6.0,0.0,27887.28,32102.309806362802,13.13,3.0,4.124530887809537,0.6653173514647115,2
7.0,0.0,96498.14,186830.85518253528,48.35,4.0,5.396209404768015,0.5456448945727412,2
1.0,1.0,19898.51,30812.192102740803,35.42,0.0,0.4329952770472533,0.8043814618341825,1
4.0,0.0,35358.85,49591.65026696694,28.7,2.0,3.4181412555543025,0.38145741627447827,2
1.0,1.0,50993.82,66710.91040200664,23.56,0.0,0.02585688380575102,0.39874935364468445,1
0.0,0.0,184891.98,166900.14544458417,10.78,0.0,0.34897934142771986,0.3883856455620317,1
1.0,0.0,185403.64,143124.62489544743,29.54,0.0,0.3519693181410385,0.8129026362252265,1
1.0,0.0,15661.85,11332.74322058948,38.2,0.0,0.47153776994808555,0.7140786190545982,1
5.0,0.0,39702.41,44876.693960288,11.53,2.0,3.131739183364517,0.6151122655581933,2
8.0,0.0,137962.23,152528.72404646134,9.55,4.0,5.393173414754963,0.6333619390001612,2
0.0,0.0,111567.61,86728.55329015435,28.64,0.0,0.34454825008115664,0.8792915290198029,1
5.0,0.0,7312.02,14980.5711687794,51.19,2.0,3.4393634855944333,0.3851758452764389,2
6.0,0.0,194322.39,193144.2068808047,0.61,3.0,4.346654015157061,0.5682709962419064,2
8.0,0.0,52264.13,38734.25345870679,34.93,4.0,5.4262272683667225,0.8321163438504708,2
5.0,0.0,130889.93,106988.66160889725,22.34,2.0,3.179787673518497,0.7604875593997492,2
1.0,1.0,49735.21,57180.05855252025,13.02,0.0,0.07881221036605118,0.6046027050345164,1
4.0,2.0,169364.45,150119.17084281833,12.82,2.0,3.181676017322962,0.45703884674170886,1
3.0,0.0,100597.77,157577.95881898474,36.16,1.0,1.9075258444226222,0.962508849313471,2
8.0,2.0,116720.39,85471.87666972968,36.56,4.0,5.065824988839311,0.5855435539995564,2
3.0,2.0,71713.96,135105.42807721606,46.92,1.0,1.8189725896475388,0.9144845027325081,2
4.0,0.0,207830.26,182723.98106383224,13.74,2.0,3.4937780275923154,0.844481336023293,2
1.0,1.0,159819.88,164813.7325135952,3.03,0.0,0.4475074378977721,0.9030710231072097,0
3.0,1.0,65885.63,88830.56635253379,25.83,1.0,1.8355916641644752,0.3118453959670743,1
7.0,1.0,87740.67,93880.4502403612,6.54,4.0,5.396315163414081,0.6341739995859952,2
4.0,0.0,238735.09,178506.8720651339,33.74,2.0,3.058238227032811,0.4816036787723472,2
2.0,1.0,14603.34,16530.83208100516,11.66,1.0,1.749416881256785,0.49181494865766373,1
8.0,0.0,17195.3,14334.198739627009,19.96,4.0,5.265956211636496,0.4888882256270804,2
7.0,2.0,42968.39,49101.1148973542,12.49,4.0,5.391347879812962,0.5725195702921759,2
3.0,1.0,164254.37,167248.11249021528,1.79,1.0,1.641296672855783,0.5874932313072179,1
5.0,0.0,49040.66,39110.50564726816,25.39,2.0,3.0532426432208633,0.7438281737037729,2
2.0,1.0,89454.13,64203.064140187,39.33,1.0,1.8490569212935835,0.5102551866436531,2
4.0,2.0,145493.24,129523.05112663339,12.33,2.0,3.246297064785665,0.4909440022880883,2
2.0,2.0,24816.38,45006.13391166235,44.86,1.0,1.9211470298593583,0.5524257418567495,2
1.0,0.0,70295.79,67592.10483627896,4.0,0.0,0.24074484676934244,0.7805601450548495,0
7.0,2.0,112256.9,98713.41815340651,13.72,4.0,5.423135389594164,0.30011982293714634,2
7.0,0.0,29892.16,53340.76391590825,43.96,4.0,5.25391750090921,0.8228495700587115,2
5.0,0.0,169866.88,198558.5999558073,14.45,3.0,4.391349254911457,0.5372781263947078,2
7.0,0.0,39223.7,41054.74329104089,4.46,4.0,5.3603725894598835,0.703367841275592,2
6.0,2.0,140620.2,171488.0499348481,18.0,3.0,4.133041270190065,0.8330656045669917,2
6.0,2.0,130048.26,99318.96798475664,30.94,3.0,4.154699162543521,0.6575846173432955,2
5.0,1.0,28393.44,34533.499146835806,17.78,3.0,4.449597761259614,0.7530058739716818,2
2.0,2.0,27772.07,32512.369860890314,14.58,1.0,1.6155035638150022,0.9439585110931612,1
2.0,0.0,71721.9,105056.25064966251,31.73,1.0,1.8487502781304708,0.32090639067633914,2
1.0,0.0,59998.77,77168.83257914994,22.25,0.0,0.07256006599865233,0.5446701853217932,1
4.0,2.0,36837.74,54574.4368314688,32.5,2.0,3.377579185624621,0.9487979115095426,2
1.0,1.0,197503.11,192198.43606149228,2.76,0.0,0.1116449247896632,0.886200880792962,0
1.0,0.0,76894.46,98042.15072030626,21.57,0.0,0.297032686375658,0.7317795869461028,1
4.0,0.0,284839.17,186474.08646074226,52.75,2.0,3.282121743868519,0.46051206597862326,2
2.0,1.0,56870.7,41159.947952315575,38.17,1.0,1.601757126516758,0.531373126549564,2
0.0,0.0,28861.99,44858.55277370233,35.66,0.0,0.24570166056284493,0.9005694633866379,1
6.0,2.0,105830.71,123245.2612790658,14.13,3.0,4.439624012721461,0.7887900200973783,2
7.0,2.0,36385.91,61276.3720971963,40.62,4.0,5.340264674076013,0.4999551607627018,2
0.0,0.0,47277.74,45138.19256613948,4.74,0.0,0.496327199549583,0.39257185126367,0
0.0,0.0,34982.18,27990.223228529103,24.98,0.0,0.39227713049809837,0.84653923387296,1
2.0,2.0,36712.65,24491.42735836113,49.9,1.0,1.8217277171515023,0.7033572758043858,2
5.0,1.0,133979.55,153101.993228551,12.49,3.0,4.281601032077709,0.9744067329356167,2
6.0,0.0,33809.25,63610.997810265144,46.85,3.0,4.468714323014364,0.584543823991276,2
0.0,0.0,157679.62,195899.63912845062,19.51,0.0,0.2635067186762645,0.5443188746293386,1
5.0,2.0,27467.08,44793.01422103371,38.68,3.0,4.2013363853179095,0.5035293000719155,2
0.0,0.0,102056.55,77344.8635045311,31.95,0.0,0.4172467896845517,0.6373160960348705,1
3.0,0.0,70794.24,81232.63770164335,12.85,1.0,1.9701222094601758,0.5259107497301326,1
7.0,2.0,132914.24,105029.03061999768,26.55,4.0,5.239458445950086,0.351233419850929,2
0.0,0.0,168456.61,175420.81510609615,3.97,0.0,0.06861926180630129,0.5184903405249707,0
0.0,0.0,144579.94,168606.33989319557,14.25,0.0,0.3041864091060844,0.4532201533121437,1
3.0,1.0,10293.46,11891.702864121113,13.44,1.0,1.8704411309645326,0.8707694973949911,1
5.0,1.0,83028.28,87758.4627220699,5.39,2.0,3.18681804159172,0.46491477318768754,1
8.0,2.0,213100.17,167307.97889771056,27.37,4.0,5.373939428782316,0.6212100997132557,2
8.0,2.0,8620.28,10037.583487074937,14.12,4.0,5.265525671321146,0.7709167696537355,2
1.0,0.0,128467.84,111391.51872146633,15.33,0.0,0.15067806520489807,0.40445881091271224,1
0.0,0.0,46046.74,59300.36805330836,22.35,0.0,0.31476061422141377,0.6718977391051699,1
5.0,2.0,81528.79,88426.02435599912,7.8,3.0,4.194473782758193,0.8930308661470192,2
0.0,0.0,116105.38,89857.89297697353,29.21,0.0,0.3934127519776255,0.7088565262362638,1
8.0,0.0,99006.54,84433.34373632773,17.26,4.0,5.001540013958429,0.637670507278439,2
5.0,0.0,179524.36,179470.52322013996,0.03,2.0,3.4090890579766557,0.8872152262938586,1
1.0,1.0,98418.37,111928.08570421157,12.07,0.0,0.1532876387653801,0.9630763491652108,1
6.0,1.0,195104.04,181711.8775273171,7.37,3.0,4.4798132817399905,0.8746897795824151,2
0.0,0.0,173639.85,148081.05739105667,17.26,0.0,0.3795824338121817,0.5858866140205281,1
2.0,0.0,93758.4,76712.81348506108,22.22,1.0,1.6205201423828945,0.7281851620685054,1
4.0,0.0,140566.08,103777.09949430144,35.45,2.0,3.4893995793657404,0.6686491865210593,2
5.0,1.0,104956.89,84073.12225900542,24.84,2.0,3.249790295998361,0.5123160358788824,2
5.0,2.0,153666.44,167429.1128580611,8.22,2.0,3.261461898632299,0.6047240902714339,2
4.0,1.0,64056.21,45643.5842744831,40.34,2.0,3.4547590670469326,0.8804867456108967,2
7.0,1.0,237453.61,187918.3336296948,26.36,4.0,5.459201533740893,0.5103358900069208,2
8.0,2.0,70941.53,120280.65390786406,41.02,4.0,5.348441252108317,0.9226899399809292,2
5.0,2.0,168875.86,126234.01125393595,33.78,2.0,3.4892248197811266,0.9940005234457017,2
1.0,1.0,144696.34,108192.26604787455,33.74,0.0,0.16443515479370807,0.5147371070148428,1
6.0,1.0,81497.83,115354.33063853433,29.35,3.0,4.116168292200967,0.38591663823831995,2
7.0,2.0,223133.82,136858.32912033715,63.04,4.0,5.014628360723603,0.9700220441987424,2
2.0,1.0,132023.03,134456.69846916333,1.81,1.0,1.6731724692388936,0.41974561177324177,1
3.0,1.0,64910.98,50687.94688529321,28.06,1.0,1.8013166716560425,0.8400246662553241,1
3.0,1.0,168663.62,120663.63056588407,39.78,1.0,1.6526895249583153,0.32737943505374123,2
1.0,1.0,60533.61,77379.02373080408,21.77,0.0,0.28981012856604726,0.4648955689291079,1
5.0,2.0,73642.1,131035.75810254697,43.8,2.0,3.024192876081934,0.4821087177209752,2
3.0,0.0,177635.9,114088.57025090457,55.7,1.0,1.6770455323231155,0.5080645224373066,2
5.0,2.0,40078.38,44139.18740537359,9.2,3.0,4.374002453240347,0.9435126322612182,2
5.0,0.0,165202.67,149599.44433241684,10.43,3.0,4.052163430095484,0.42271679644693827,2
6.0,1.0,124730.01,96832.55502110315,28.81,3.0,4.357418727827758,0.42154727486202637,2
3.0,2.0,77518.29,114773.89493436604,32.46,1.0,1.8816555565047444,0.7841724556970866,2
2.0,1.0,104922.55,137802.14433571446,23.86,1.0,1.784380754558437,0.9666219748998579,1
6.0,0.0,88791.83,134045.63704425603,33.76,3.0,4.443043776535485,0.572499050902088,2
5.0,1.0,119446.13,152296.47581710847,21.57,3.0,4.477281756112825,0.8411900593062407,2
2.0,1.0,55556.53,49282.82844219231,12.73,1.0,1.517338741476856,0.3217251247539133,1
8.0,1.0,43915.41,30974.334410097817,41.78,4.0,5.339541512035271,0.8768446031649479,2
1.0,0.0,66268.04,137144.11918812542,51.68,0.0,0.11858725123676472,0.8063778307856933,1
7.0,1.0,40606.9,54837.13986647961,25.95,4.0,5.204091654502414,0.9276309562988236,2
0.0,0.0,33204.8,31774.925024467066,4.5,0.0,0.3115771412548496,0.7462179984768118,0
1.0,1.0,46159.78,34935.123633787516,32.13,0.0,0.35613613516273823,0.9589356509123259,1
5.0,2.0,65821.56,69432.02354090767,5.2,2.0,3.420095464870638,0.5729001866463206,1
0.0,0.0,216497.54,198439.53912935656,9.1,0.0,0.3526934591417964,0.8127720113045247,1
1.0,1.0,39053.96,39879.46207054615,2.07,0.0,0.3886994969316555,0.8078949457476583,0
0.0,0.0,40833.83,66721.94683670888,38.8,0.0,0.2995355996797058,0.48802550247945453,1
3.0,0.0,97759.01,184939.48885760715,47.14,1.0,1.5585295418608125,0.944405677366597,2
5.0,2.0,241498.0,193028.5319967525,25.11,3.0,4.010715157442647,0.8454237538432261,2
1.0,1.0,57961.88,53480.238618788426,8.38,0.0,0.26489152446076464,0.9064462484671945,1
5.0,2.0,190369.72,177286.01243962493,7.38,2.0,3.3577705239759,0.553813700558927,2
6.0,2.0,33122.55,36394.40945937259,8.99,3.0,4.054432794220679,0.8888783484469021,2
1.0,1.0,111006.92,154691.91814709798,28.24,0.0,0.21464797393780766,0.5204835224408139,1
1.0,1.0,13478.0,12471.550523000591,8.07,0.0,0.12808869837782239,0.9750807350003139,1
8.0,2.0,116288.38,87257.72955578241,33.27,4.0,5.283546525068454,0.3167629954560694,2
6.0,0.0,55990.6,56993.689276303754,1.76,3.0,4.195251376211914,0.7334312831466795,2
5.0,0.0,185754.26,143761.5226902333,29.21,2.0,3.1007337502170733,0.3785676579426511,2
6.0,1.0,9403.0,13050.66495748509,27.95,3.0,4.002196356869723,0.8031132213294754,2
1.0,1.0,138784.83,98331.32414979127,41.14,0.0,0.16076254769046527,0.5545818125718266,1
3.0,2.0,144485.72,142378.5147015377,1.48,1.0,1.7580810733431562,0.9094484153996678,1
6.0,0.0,17894.37,18873.925917534754,5.19,3.0,4.464604541501729,0.9108917576337514,2
0.0,0.0,89747.6,180506.03460469472,50.28,0.0,0.11373800744316448,0.5576629114527123,2
6.0,0.0,66888.42,78627.50740532529,14.93,3.0,4.256127532981816,0.8669872438730695,2
4.0,0.0,46173.99,41400.508126026085,11.53,2.0,3.283248267237176,0.77679581401163,2
6.0,2.0,55400.91,52838.25424578755,4.85,3.0,4.324613828429493,0.5985968500575987,2
2.0,2.0,34331.97,74392.12646828801,53.85,1.0,1.664283175437226,0.5402655107676616,2
3.0,2.0,50161.68,47691.2693462355,5.18,1.0,1.5497409097449888,0.44721345202845453,1
0.0,0.0,97207.85,107009.96324388856,9.16,0.0,0.4606781200911211,0.34424591699955637,1
1.0,1.0,172056.51,130257.02993487763,32.09,0.0,0.47637771442679727,0.6621515580217945,1
6.0,2.0,107478.93,92351.7206878317,16.38,3.0,4.219115569123461,0.6780283759528571,2
0.0,0.0,40054.32,91136.10848007324,56.05,0.0,0.29028748095892615,0.6108130609222391,2
1.0,1.0,119019.0,158522.9086800535,24.92,0.0,0.014513196639658554,0.9654180257994067,1
0.0,0.0,85624.26,67193.17546199818,27.43,0.0,0.023607820557587422,0.3095830820842171,1
1.0,1.0,151963.74,128326.07844237599,18.42,0.0,0.03833370791329094,0.8952134719836118,1
6.0,1.0,57633.36,179655.1011582598,67.92,3.0,4.3693731574244605,0.860575012923154,2
2.0,0.0,46248.69,52087.72936824232,11.21,1.0,1.613617245544675,0.8311266759778133,1
7.0,2.0,82239.94,127781.13870464687,35.64,4.0,5.0922236114871895,0.6674407186664506,2
0.0,0.0,189772.43,190114.638210409,0.18,0.0,0.004167666378392165,0.4332487647455724,0
4.0,2.0,135460.25,110661.09844153635,22.41,2.0,3.011448772136794,0.9040155581414067,2
2.0,2.0,275889.14,195610.56750245474,41.04,1.0,1.7026918761674965,0.8212162581943112,2
3.0,1.0,41310.79,68908.74839511132,40.05,1.0,1.7708389653385959,0.8829748500663399,2
8.0,2.0,159331.49,117215.83960657765,35.93,4.0,5.2895295908839595,0.46505130129119543,2
7.0,0.0,70844.94,69096.79272818104,2.53,4.0,5.2289555905904574,0.6880624951727552,2
7.0,2.0,10430.46,10706.690762806122,2.58,4.0,5.229780636071419,0.591171467268542,2
0.0,0.0,143731.49,199488.53908467508,27.95,0.0,0.37657109263313854,0.7477700046667595,1
1.0,1.0,57012.82,55611.41292708254,2.52,0.0,0.14478506730005875,0.8268253854751788,0
4.0,0.0,250725.18,194889.37719497902,28.65,2.0,3.11885890900447,0.421600757911491,2
0.0,0.0,173856.66,134076.23706295414,29.67,0.0,0.42716209401591543,0.42182676248046597,1
5.0,1.0,305699.1,181747.3857002288,68.2,3.0,4.344631903858042,0.3305248131571412,2
4.0,1.0,170322.53,193768.52194019026,12.1,2.0,3.2384332245414353,0.41002952683179283,2
5.0,0.0,99178.8,117887.54920497676,15.87,2.0,3.1377024127670037,0.46812126074076815,2
5.0,2.0,73298.5,199941.35541723904,63.34,3.0,4.068290909789309,0.3507630053696197,2
6.0,0.0,221396.98,155792.6827623203,42.11,3.0,4.018710598374988,0.548983668433584,2
1.0,1.0,152097.04,109524.76565777895,38.87,0.0,0.42618267899562084,0.7726164066718952,1
1.0,0.0,169030.44,134439.22399626832,25.73,0.0,0.2966927506985957,0.8551511894209052,1
4.0,1.0,51260.26,46911.55789205386,9.27,2.0,3.02291474645594,0.5420713840008101,2
3.0,0.0,10114.84,12096.19807366648,16.38,1.0,1.5792936989473771,0.35867742857360607,1
0.0,0.0,80577.54,58789.976045357005,37.06,0.0,0.13978213407661205,0.8315606283108858,1
3.0,2.0,97267.42,92644.46372678233,4.99,1.0,1.631535793856907,0.5738285818587417,1
6.0,0.0,58726.99,53329.99150373326,10.12,3.0,4.274195494610635,0.4759993165378509,2
5.0,0.0,109594.06,107666.82061737761,1.79,3.0,4.199721811593433,0.6294836828131434,2
5.0,1.0,113826.41,135009.38702268663,15.69,2.0,3.441108302130983,0.9789049932518701,1
3.0,2.0,115285.61,134600.83132900717,14.35,1.0,1.8597053503039107,0.5608478856535668,1
1.0,0.0,198336.21,179815.2418012944,10.3,0.0,0.45536628465503975,0.9716171520706955,1
4.0,0.0,202564.34,193600.62833180986,4.63,2.0,3.431409312579726,0.477218411775855,1
3.0,1.0,274744.81,179232.0525383788,53.29,1.0,1.9606845667467279,0.37388133201323004,2
4.0,0.0,113809.94,127833.24227591597,10.97,2.0,3.4900057251443823,0.41002516210167467,2
4.0,0.0,63224.78,49095.189372314526,28.78,2.0,3.1558482190297314,0.8416472178895218,2
1.0,0.0,138573.04,189255.7202422861,26.78,0.0,0.10484030192682997,0.6763291815142253,1
0.0,0.0,48898.72,43223.47500578824,13.13,0.0,0.08257618110787157,0.7073455752681423,1
1.0,1.0,31765.25,38771.20267698838,18.07,0.0,0.31404423250789215,0.9773958777965315,1
7.0,1.0,77294.62,70338.17230203265,9.89,4.0,5.3404833490882,0.6533861593632753,2
4.0,0.0,139462.38,118985.05665427475,17.21,2.0,3.043918747105323,0.3819146222611542,2
0.0,0.0,137736.3,139479.8000773028,1.25,0.0,0.4105357983663171,0.8029606640519944,0
8.0,1.0,20063.52,12525.608695670839,60.18,4.0,5.391533265721549,0.44549595484875004,2
3.0,0.0,214167.48,157824.23162675253,35.7,1.0,1.8142369666028944,0.707076610361693,2
2.0,0.0,30524.15,43253.71432657601,29.43,1.0,1.7178062397348168,0.8980651358233964,1
8.0,0.0,53656.05,66332.12178747403,19.11,4.0,5.076828644187998,0.6339567528028186,2
0.0,0.0,39813.07,71196.4779011738,44.08,0.0,0.25279613546594354,0.5199995706311163,1
1.0,1.0,99445.51,73164.73979076107,35.92,0.0,0.0795846477707422,0.7028826110449302,1
4.0,0.0,101548.48,154469.84441979954,34.26,2.0,3.3024893925444667,0.38886590389747977,2
1.0,0.0,22185.17,17779.42881841412,24.78,0.0,0.15498236516153457,0.5152948393944311,1
4.0,1.0,54017.83,47338.38549454071,14.11,2.0,3.1236531311518982,0.6528999508022637,2
0.0,0.0,16238.62,14240.65391896515,14.03,0.0,0.22052568997748478,0.47790581453486736,1
1.0,1.0,109203.45,157876.8967752356,30.83,0.0,0.29035640012933234,0.3274806850656306,1
1.0,1.0,253695.29,196907.24428937348,28.84,0.0,0.18373203278568973,0.7095986855953009,1
2.0,0.0,117980.24,135313.9602606472,12.81,1.0,1.981801700569144,0.5808731553678974,1
1.0,0.0,119146.56,122126.44437457413,2.44,0.0,0.0029488179625151156,0.5734271816043808,0
1.0,0.0,174026.56,182532.58054381554,4.66,0.0,0.4564305092238387,0.9977689571285824,0
7.0,1.0,70918.47,58441.25740906173,21.35,4.0,5.000342024741319,0.378248822320872,2
2.0,2.0,3190.53,22627.83797622099,85.9,1.0,1.608355969331712,0.40792294646434685,2
3.0,1.0,95691.76,106894.28194472099,10.48,1.0,1.9981756124272811,0.9133832722391195,1
1.0,0.0,70396.15,59466.253603027464,18.38,0.0,0.3640476878568447,0.3911831613378335,1
3.0,0.0,126723.66,95705.50678937139,32.41,1.0,1.8222491858570042,0.9423359824567821,1
1.0,0.0,104558.44,96696.97161054377,8.13,0.0,0.36304644042769857,0.7703726028989462,0
5.0,0.0,53985.15,70578.04657293319,23.51,2.0,3.204148093509687,0.669714033446704,2
1.0,1.0,90430.92,102401.67050078016,11.69,0.0,0.3921048656631463,0.4948804770706299,1
8.0,1.0,91520.72,82228.85730448132,11.3,4.0,5.07743401645914,0.551631437449937,2
7.0,0.0,27835.74,31481.27398855658,11.58,4.0,5.396946193697799,0.878168198939401,2
1.0,0.0,261353.05,174677.88440709817,49.62,0.0,0.46976333995554737,0.3402531837763515,2
1.0,1.0,116899.8,143242.00574174293,18.39,0.0,0.42884342525327906,0.8379840249043777,1
0.0,0.0,18382.36,17848.684349969702,2.99,0.0,0.3698304766516966,0.8794744797499523,0
5.0,1.0,37112.93,31999.420801548204,15.98,2.0,3.3256886565808386,0.7941768362185575,2
1.0,1.0,34657.07,28337.749435284564,22.3,0.0,0.2605460826608137,0.33815326531812373,1
7.0,1.0,14790.31,21731.273931677257,31.94,4.0,5.197611639768094,0.8198584442552719,2
5.0,1.0,23493.53,21220.787409704062,10.71,3.0,4.43282679542992,0.8062147293743127,2
5.0,0.0,29382.4,39851.34325787806,26.27,3.0,4.3237292873240385,0.30916571322304515,2
4.0,1.0,199548.32,171095.18762068634,16.63,2.0,3.2174501569573493,0.9245983557015245,2
7.0,2.0,205774.44,167364.3262776534,22.95,4.0,5.392395859057179,0.39253707772870344,2
0.0,0.0,194717.9,158797.83030289318,22.62,0.0,0.027051877019174053,0.9725475204154335,1
2.0,2.0,78840.66,126794.23624232881,37.82,1.0,1.9065596254664827,0.34953940676593287,2
2.0,1.0,85956.63,147463.77511059056,41.71,1.0,1.90535108637223,0.4666346001991661,2
7.0,0.0,184402.06,150311.43005965816,22.68,4.0,5.11426470666116,0.7831695339237568,2
5.0,1.0,142137.53,178969.44535845678,20.58,2.0,3.0188357949559483,0.3960689201338226,2
5.0,2.0,50291.75,149145.17563079545,66.28,3.0,4.3568539777648985,0.4294772898866307,2
1.0,1.0,131486.21,149927.26852398345,12.3,0.0,0.09993581421485803,0.30782015055994044,1
7.0,1.0,119639.94,162775.4228155619,26.5,4.0,5.498010895360533,0.8785360530622988,2
3.0,0.0,99033.98,115707.42262625006,14.41,1.0,1.5045912226213314,0.3263321105104502,1
3.0,2.0,55901.58,50475.47010809575,10.75,1.0,1.6148959906244953,0.7428011110092467,1
8.0,1.0,33061.01,26063.070738121078,26.85,4.0,5.021031198636249,0.70761512976024,2
2.0,0.0,77932.05,89618.27647256077,13.04,1.0,1.8913278677251097,0.6578681823876552,1
3.0,1.0,24044.84,27420.277620351888,12.31,1.0,1.7893477460869467,0.5626104073842373,1
4.0,0.0,34969.73,42167.765995322916,17.07,2.0,3.424217267272957,0.5096937951187868,2
0.0,0.0,17208.86,14529.60223486265,18.44,0.0,0.4813066853364637,0.9698632673327758,1
3.0,2.0,71584.45,67039.19529693687,6.78,1.0,1.805057430187702,0.8497507927787327,1
0.0,0.0,208056.0,194299.58625638348,7.08,0.0,0.11587675180900597,0.9459128190661288,1
0.0,0.0,43581.37,81996.94180623801,46.85,0.0,0.04632472039880503,0.8137285669316308,1
8.0,0.0,61262.9,55769.59514970545,9.85,4.0,5.43313052248975,0.8803062448316124,2
4.0,1.0,94107.77,86655.400656264,8.6,2.0,3.1225566275092986,0.9749227953082593,1
3.0,1.0,76952.39,67254.3188392687,14.42,1.0,1.9467591123490386,0.6175511896292913,1
2.0,0.0,117690.0,138036.59635638853,14.74,1.0,1.9391437998071375,0.9348273913948502,1
2.0,2.0,74921.89,130548.68462022532,42.61,1.0,1.81390460613513,0.33015191388299536,2
4.0,2.0,21163.81,15195.152476394276,39.28,2.0,3.30199791028758,0.37551049467214453,2
7.0,1.0,139478.98,107151.39960328917,30.17,4.0,5.475413234263444,0.643262034601748,2
7.0,0.0,17652.64,16877.940658333056,4.59,4.0,5.378007550892474,0.6177812753696016,2
2.0,2.0,176009.06,138699.02061871224,26.9,1.0,1.8416408855902868,0.6067491560274534,1
2.0,1.0,103911.72,187803.5828191791,44.67,1.0,1.717870376009239,0.6760341562427714,2
2.0,2.0,207469.33,182422.69695820962,13.73,1.0,1.7419992228684418,0.676860954987289,1
4.0,1.0,65857.75,49085.30129727604,34.17,2.0,3.194460549165834,0.9093953168118392,2
3.0,0.0,141114.7,151102.57806706472,6.61,1.0,1.973160510179965,0.5421389688750706,1
5.0,0.0,203890.07,160682.53449770738,26.89,2.0,3.319059606596636,0.5213686689854904,2
5.0,0.0,154768.36,174229.831290783,11.17,2.0,3.390181793861889,0.7913266675066748,2
3.0,0.0,58617.79,59323.74745209899,1.19,1.0,1.5185998675412753,0.7539338563620461,1
2.0,0.0,60858.01,95658.6207347104,36.38,1.0,1.9262131510709215,0.8808928888163323,1
2.0,0.0,46122.01,52085.841516952176,11.45,1.0,1.7088191487222903,0.5164946888613184,1
1.0,1.0,17396.37,14618.796870126362,19.0,0.0,0.3685801874080817,0.3044759513775807,1
0.0,0.0,140580.33,135212.39929434186,3.97,0.0,0.020012657410387824,0.9608445788601423,0
6.0,0.0,111008.35,91978.08739969766,20.69,3.0,4.446936591642983,0.33095777561695555,2
2.0,0.0,63147.85,57142.207307077784,10.51,1.0,1.8299227947995973,0.7760090603523263,1
0.0,0.0,148931.42,170949.74998692627,12.88,0.0,0.2287503954356636,0.5252823942500445,1
5.0,1.0,139787.81,104179.32159604854,34.18,2.0,3.151779049505058,0.5964731387736392,2
6.0,1.0,207700.5,198984.9586703922,4.38,3.0,4.155512071224359,0.8866229441864852,2
1.0,1.0,165463.68,160737.98711840375,2.94,0.0,0.15169906223819968,0.5937056414169679,0
5.0,1.0,199005.58,175150.1279498248,13.62,3.0,4.065512926372576,0.4010600696723489,2
7.0,2.0,189543.83,156933.12727155763,20.78,4.0,5.231904769014538,0.8281045594547729,2
5.0,1.0,33722.74,30125.73080061811,11.94,2.0,3.2267431770670343,0.31414806194202777,2
4.0,1.0,24050.06,22355.510124197426,7.58,2.0,3.205968329645034,0.49231309190372663,1
1.0,0.0,226760.66,183864.96679674805,23.33,0.0,0.3515471187423093,0.6766515283241255,1
7.0,1.0,44172.47,36257.46572756239,21.83,4.0,5.209907431339209,0.6064345868602481,2
3.0,2.0,56494.66,84332.96862810945,33.01,1.0,1.5445018584168104,0.7341598373092064,1
8.0,1.0,226438.51,125883.09219562686,79.88,4.0,5.426029811156844,0.5669433848996666,2
4.0,0.0,51140.25,50260.68648137917,1.75,2.0,3.212550432573633,0.5734092986073023,1
1.0,1.0,63650.13,52804.15830447759,20.54,0.0,0.32764282714296494,0.544060082072892,1
0.0,0.0,108385.29,98585.85503536153,9.94,0.0,0.4649481773451431,0.9210893282530197,1
4.0,2.0,39850.74,78570.06737738616,49.28,2.0,3.3837075514329022,0.3121075577659176,2
5.0,1.0,160966.67,138549.37673376282,16.18,2.0,3.269399435589102,0.9577493771392602,2
1.0,1.0,27117.98,24264.477148919224,11.76,0.0,0.27251112858789545,0.5507551726412092,1
5.0,0.0,129351.67,102864.14720078574,25.75,3.0,4.424765518545703,0.5554179289832151,2
7.0,1.0,38699.29,43109.38436594822,10.23,4.0,5.411816146545403,0.8081249936348718,2
2.0,1.0,107826.56,125277.75171014214,13.93,1.0,1.589326366063712,0.5717937171081025,1
3.0,0.0,32343.59,32080.52543446519,0.82,1.0,1.8132505407592183,0.731651375470859,1
1.0,1.0,54625.5,47550.0546405886,14.88,0.0,0.43285782921755567,0.9325414753602987,1
6.0,2.0,201503.31,162738.90674022955,23.82,3.0,4.4016537135045315,0.8923386332681784,2
2.0,0.0,53418.58,54681.72810722262,2.31,1.0,1.5623580081561463,0.6607566743264246,1
7.0,0.0,180576.05,150042.41437082688,20.35,4.0,5.217846411168338,0.8016564895387777,2
2.0,2.0,68967.39,61881.91294075629,11.45,1.0,1.7591165523047014,0.5747043215737744,1
4.0,2.0,45954.11,54655.22599442791,15.92,2.0,3.1289047772764182,0.8432309097815971,2
0.0,0.0,83903.51,66839.40874744082,25.53,0.0,0.33974969277520745,0.41912840572473004,1
1.0,0.0,185270.36,177377.0770403222,4.45,0.0,0.2381132462806646,0.3319422470049031,1
5.0,2.0,77214.44,85461.47527397831,9.65,3.0,4.148754354326483,0.6785128731431304,2
2.0,2.0,54861.59,56314.500677954995,2.58,1.0,1.6684322628170565,0.4507370793645272,1
5.0,2.0,140209.39,111961.5000024135,25.23,2.0,3.428334177503323,0.8101081600042137,2
8.0,2.0,121826.74,83271.86823917578,46.3,4.0,5.433099902742128,0.3709264560867086,2
8.0,2.0,139287.62,160137.528756616,13.02,4.0,5.406187828706419,0.3059465967180089,2
7.0,1.0,245947.17,198184.66747947526,24.1,4.0,5.456934410591468,0.7729923448193012,2
0.0,0.0,60747.13,110049.1441065084,44.8,0.0,0.4761532543407294,0.6505596065427166,1
5.0,0.0,86996.55,95832.29055404136,9.22,2.0,3.2459139553899545,0.9664107847811285,2
8.0,2.0,95534.58,75176.72567963827,27.08,4.0,5.048351811174833,0.473239925504517,2
2.0,2.0,165889.14,194934.35913132617,14.9,1.0,1.9000355036548944,0.3862792822504282,1
1.0,0.0,91213.78,101823.82244088958,10.42,0.0,0.3167159642033142,0.31617432727285144,1
5.0,1.0,54156.4,43819.40338784939,23.59,3.0,4.190258595114801,0.6109731442617714,2
2.0,0.0,198072.87,194151.02202308844,2.02,1.0,1.9877665763119436,0.3705718197771377,1
4.0,0.0,180647.67,192567.60393987782,6.19,2.0,3.1693426013518184,0.8429504068307234,1
8.0,1.0,95014.67,92787.75994366454,2.4,4.0,5.453816989333051,0.35039005606992046,2
4.0,1.0,79582.33,76155.34247626185,4.5,2.0,3.296292224029321,0.9445283673152318,1
3.0,1.0,176987.05,139283.11487084074,27.07,1.0,1.5183209920379424,0.6785977462694432,2
2.0,1.0,185199.87,167495.58484926587,10.57,1.0,1.930167554040074,0.7874603642604556,1
2.0,1.0,92395.43,104721.10513387021,11.77,1.0,1.8811059876276506,0.3916419740633422,1
1.0,1.0,76511.76,72854.46830007635,5.02,0.0,0.32124377316469604,0.36265372804925367,0
6.0,0.0,65401.63,67264.86206397254,2.77,3.0,4.307293570038485,0.5475786435620466,2
5.0,0.0,41805.59,72053.75817073943,41.98,3.0,4.109417746327951,0.6643041774897986,2
0.0,0.0,37488.0,32426.258623257912,15.61,0.0,0.10724306459967237,0.7028513659307395,1
2.0,1.0,107334.59,157937.88290748966,32.04,1.0,1.5145862141983963,0.5308519208027866,2
7.0,2.0,35436.8,29942.374068635923,18.35,4.0,5.077068731526846,0.4908636066290368,2
0.0,0.0,109430.18,85679.75403743202,27.72,0.0,0.1682406321482514,0.9869873796271496,1
5.0,1.0,116647.76,168639.23405676434,30.83,2.0,3.270362448170915,0.4908633439607918,2
2.0,0.0,93141.1,86780.12018146098,7.33,1.0,1.565404278748861,0.3965474357992065,1
5.0,0.0,38599.57,66004.74160593095,41.52,2.0,3.278786090136684,0.5516217650706703,2
1.0,1.0,167861.48,190168.20752262077,11.73,0.0,0.13166006060589763,0.5127099200666976,1
5.0,1.0,41509.01,34043.31317127202,21.93,2.0,3.126980562471181,0.5952146407040593,2
3.0,1.0,194776.67,178122.2415290501,9.35,1.0,1.9739721037031897,0.7365996154609895,1
5.0,0.0,27966.82,21794.591759992873,28.32,2.0,3.4961722719192334,0.7222035532745141,2
0.0,0.0,68128.5,88570.5884419883,23.08,0.0,0.4057192983004637,0.78880291979063,1
2.0,1.0,164419.14,130027.00054459475,26.45,1.0,1.527195990366701,0.4096795494298574,2
5.0,1.0,77512.6,80307.29298691938,3.48,2.0,3.3643158552718644,0.3321610547957847,1
0.0,0.0,117254.4,111575.2199826771,5.09,0.0,0.08921286589915883,0.8535668598099175,0
1.0,1.0,54948.0,48760.31665156462,12.69,0.0,0.28461065686044523,0.45200684772533395,1
1.0,1.0,187734.46,118116.55831869898,58.94,0.0,0.44685681460454413,0.5209655027227699,2
3.0,0.0,37643.22,35566.156210855246,5.84,1.0,1.6900978158720734,0.6189758000863967,1
0.0,0.0,158758.8,161258.3000570195,1.55,0.0,0.46442084253361643,0.8014144578407802,0
7.0,1.0,156917.99,120920.08355400467,29.77,4.0,5.354186108669657,0.4145091010462021,2
2.0,0.0,110840.18,101567.10181558199,9.13,1.0,1.6505059066788337,0.9316815854889955,1
5.0,2.0,15251.28,20386.69120828545,25.19,3.0,4.04745859943972,0.5250691339340754,2
7.0,2.0,61200.5,104957.12382417724,41.69,4.0,5.407675642384179,0.9878638849873473,2
0.0,0.0,103801.52,117078.19176863566,11.34,0.0,0.22902970424649766,0.49978879409203736,1
4.0,1.0,44613.76,60476.82754736127,26.23,2.0,3.036346744079984,0.8079571110261063,2
8.0,1.0,193198.46,138742.16477256216,39.25,4.0,5.051561178567526,0.5636683784015184,2
5.0,1.0,19833.02,24585.37825556891,19.33,2.0,3.48348069094774,0.8856114151117436,2
3.0,1.0,60698.26,49650.92547521419,22.25,1.0,1.621500977247783,0.6236846146965189,1
2.0,1.0,171438.26,150134.2182916047,14.19,1.0,1.9832955889286898,0.9093723201627533,1
0.0,0.0,32056.15,37972.22159594459,15.58,0.0,0.340579789848952,0.8277570376200565,1
5.0,2.0,60455.78,56654.275728297056,6.71,2.0,3.1502455509143346,0.7102200170644806,2
7.0,0.0,162947.97,133662.51610183303,21.91,4.0,5.191863937121739,0.47499295076046744,2
7.0,0.0,168673.19,148479.92372411134,13.6,4.0,5.388519222054001,0.48190740334263715,2
1.0,1.0,10061.61,19782.95837845208,49.14,0.0,0.2177074894626979,0.9939954640735742,1
6.0,2.0,22974.88,34051.988517920865,32.53,3.0,4.037375388832143,0.9477715978766077,2
3.0,2.0,94999.33,94762.4211102199,0.25,1.0,1.6149070647848434,0.3968928728299454,1
7.0,1.0,65497.24,122631.0395181173,46.59,4.0,5.430172486498612,0.44284516125542145,2
0.0,0.0,103367.46,96218.43452566605,7.43,0.0,0.34808706848907656,0.37477007036871907,1
7.0,0.0,179207.57,132943.298634234,34.8,4.0,5.2505080555873835,0.4409364589631192,2
6.0,0.0,90646.8,153638.6522391722,41.0,3.0,4.122747834307808,0.5031663047532711,2
0.0,0.0,87342.59,190413.33102650143,54.13,0.0,0.23729530754499845,0.8863388522426472,2
0.0,0.0,56249.08,76477.33549459495,26.45,0.0,0.3944245288887573,0.3666275756950046,1
5.0,1.0,43621.46,40989.90601584856,6.42,3.0,4.0407715985710855,0.9174843962018371,2
0.0,0.0,74624.21,60175.96081475874,24.01,0.0,0.4973839093676109,0.9803510919988649,1
4.0,1.0,35202.15,38151.2445598403,7.73,2.0,3.429881271929468,0.49721804788919755,1
8.0,2.0,123191.09,84906.67197485406,45.09,4.0,5.158982891424115,0.6193636920194706,2
5.0,1.0,155273.35,175787.78052129745,11.67,2.0,3.4352883569411086,0.6705298615368236,2
3.0,1.0,70511.57,75941.38041942775,7.15,1.0,1.8408572649516481,0.44398253300013735,1
2.0,2.0,29258.41,38276.31342229338,23.56,1.0,1.8331772135496645,0.812103465255724,1
1.0,0.0,77985.73,109300.24758436417,28.65,0.0,0.06985488447211496,0.7059991597122774,1
8.0,0.0,360380.6,198469.32516542662,81.58,4.0,5.452947320352569,0.37852414850663474,2
2.0,1.0,50819.45,45754.4315470643,11.07,1.0,1.7251708984606875,0.9271876188417121,1
1.0,1.0,155981.58,157796.24083377715,1.15,0.0,0.40161387916990826,0.5115348844625198,0
0.0,0.0,138925.96,166438.19927911749,16.53,0.0,0.14976189517970473,0.4093731217399644,1
8.0,0.0,67631.99,86254.28526519035,21.59,4.0,5.154001832801249,0.9872980811482823,2
0.0,0.0,166093.06,127714.77334625972,30.05,0.0,0.4823445899909561,0.3720362979081881,1
7.0,1.0,124680.24,92150.95564272584,35.3,4.0,5.248329962331717,0.34178767924685927,2
5.0,1.0,91163.48,59842.117942594654,52.34,3.0,4.029945356691501,0.46628710478110813,2
6.0,2.0,58598.09,90962.57201374845,35.58,3.0,4.417853323516025,0.5234854421777946,2
7.0,1.0,19049.65,28105.125959713598,32.22,4.0,5.113615011174869,0.6036618663054911,2
6.0,1.0,149733.72,144321.66159556963,3.75,3.0,4.439376876404513,0.7796191526381577,2
7.0,0.0,188640.8,167546.67600956777,12.59,4.0,5.458219938986912,0.5559993689609326,2
1.0,1.0,75403.92,68405.98734039173,10.23,0.0,0.03638300661900157,0.6915335274920857,1
5.0,1.0,118618.69,117630.59663219667,0.84,3.0,4.291214613787193,0.3040679979410207,2
4.0,1.0,56927.26,54108.22108749292,5.21,2.0,3.490762052788423,0.5694297772965347,1
4.0,1.0,42087.51,34217.485532834224,23.0,2.0,3.4654598073229326,0.9614780727964369,2
7.0,1.0,144048.65,136087.52737131034,5.85,4.0,5.262621643028783,0.8423926939655118,2
7.0,0.0,42317.52,35480.44333650335,19.27,4.0,5.340246597634618,0.8185603983815744,2
5.0,0.0,110400.63,158576.0231491718,30.38,3.0,4.302131017579537,0.5131611835472143,2
3.0,0.0,49041.67,61633.364262675575,20.43,1.0,1.6016266731198514,0.6417233212220514,1
2.0,1.0,117931.25,165517.54467050554,28.75,1.0,1.8264987872607856,0.8911664516016062,1
2.0,2.0,71614.2,80015.86913418112,10.5,1.0,1.6665705917504066,0.9161089688316533,1
2.0,2.0,71423.43,80080.09260216712,10.81,1.0,1.6689859645979124,0.7973801205037907,1
3.0,0.0,148000.04,152608.824527772,3.02,1.0,1.709994080470261,0.6195790017484806,1
0.0,0.0,159741.26,106950.49718073952,49.36,0.0,0.42608844166885956,0.3512155316714514,2
1.0,1.0,21558.29,48185.71101787605,55.26,0.0,0.11917291288095377,0.38354731598650543,2
5.0,0.0,191703.68,171577.62413015266,11.73,3.0,4.125395833372717,0.30020504527743896,2
3.0,1.0,74509.7,74629.1097547943,0.16,1.0,1.503669956803276,0.5514398386520537,1
7.0,1.0,35548.26,29527.584559296283,20.39,4.0,5.0775034344594685,0.3163687744497179,2
4.0,2.0,73093.1,89040.19853534675,17.91,2.0,3.4893396437024684,0.6045152535087523,2
1.0,1.0,123957.71,119052.735002239,4.12,0.0,0.21693497275323792,0.7182791362522092,0
0.0,0.0,131316.15,125878.21344842852,4.32,0.0,0.09758234615708922,0.7171160982647901,0
0.0,0.0,200155.87,168765.49060772583,18.6,0.0,0.4828409053784713,0.688708262740664,1
8.0,2.0,95553.45,112867.29652076018,15.34,4.0,5.013558934018471,0.45831960257568494,2
0.0,0.0,77166.59,52504.99178279652,46.97,0.0,0.2420831933200316,0.6634322311822869,1
5.0,1.0,71313.57,59716.60283982253,19.42,2.0,3.402301067813758,0.9858851512919324,2
7.0,1.0,28990.59,29159.71177593651,0.58,4.0,5.3864126023068195,0.6112324509180214,2
7.0,1.0,168074.37,149825.61495488972,12.18,4.0,5.09460863274791,0.9121441804415185,2
0.0,0.0,31879.38,30128.89383495401,5.81,0.0,0.3538948366888824,0.5669838088133602,0
0.0,0.0,120125.25,125104.40013221116,3.98,0.0,0.311144304322925,0.7361311064702942,0
0.0,0.0,163445.11,123420.00486885651,32.43,0.0,0.33763810807463335,0.6372872346056568,1
1.0,1.0,287979.88,159245.67582531797,80.84,0.0,0.13305240781386835,0.7820357334531682,2
1.0,1.0,16804.85,24179.64294023001,30.5,0.0,0.4053671940158929,0.9281644877262398,1
4.0,1.0,41692.59,48553.15526712256,14.13,2.0,3.2796187546543676,0.6086305244446044,2
8.0,0.0,211592.22,182816.8516343963,15.74,4.0,5.362539023752667,0.8301796207817465,2
5.0,0.0,138706.41,118724.9975977823,16.83,2.0,3.4697867549431822,0.9177777549081483,2
5.0,0.0,74534.03,96961.14049091491,23.13,2.0,3.4277486364452643,0.85268118234693,2
0.0,0.0,199987.33,152058.49043783353,31.52,0.0,0.39116873526347007,0.3171891992130548,1
6.0,0.0,184348.18,181480.78570694008,1.58,3.0,4.144824374715632,0.300132757462771,2
4.0,1.0,72080.14,59971.8310204143,20.19,2.0,3.027041556329059,0.9180717736537685,2
8.0,0.0,108224.38,181280.36947415525,40.3,4.0,5.287322231494708,0.8105193886462452,2
8.0,0.0,36175.47,30651.97894774319,18.02,4.0,5.017256526609696,0.9706924225192868,2
2.0,0.0,167726.98,195759.7790686768,14.32,1.0,1.8570948871093562,0.5047376758244785,1
0.0,0.0,41751.59,41321.84676892593,1.04,0.0,0.36841083564813537,0.8515777769005872,0
0.0,0.0,82038.03,60584.910034435845,35.41,0.0,0.28145563061933027,0.8610654539823457,1
3.0,2.0,38355.73,28352.848617411837,35.28,1.0,1.5840759562706714,0.9001285428233816,2
8.0,0.0,67031.8,162698.5363084541,58.8,4.0,5.437860717284188,0.7844195395910465,2
2.0,1.0,272752.17,197004.091787919,38.45,1.0,1.797960616002386,0.39681559469209016,2
5.0,1.0,32727.86,66425.53662825594,50.73,3.0,4.257445975037055,0.7766599176669822,2
4.0,2.0,70809.84,71866.27247634083,1.47,2.0,3.283795879771027,0.7231385863864193,1
0.0,0.0,80874.73,63006.181642200485,28.36,0.0,0.04144354340681544,0.533570464760783,1
3.0,1.0,39799.69,39417.339040835766,0.97,1.0,1.8702185273694631,0.44602944421377555,1
4.0,2.0,156677.5,159614.4011803516,1.84,2.0,3.030387791944522,0.9195699610194723,1
4.0,2.0,22589.92,21536.769601733264,4.89,2.0,3.289194079257954,0.3993625464721328,1
3.0,0.0,234707.6,193877.08479011373,21.06,1.0,1.5846285435352272,0.5955385276857701,1
0.0,0.0,166044.2,186189.94965671917,10.82,0.0,0.10385096948316697,0.7359589658940047,1
6.0,1.0,35080.95,32503.426204006817,7.93,3.0,4.1166271253539195,0.9802575019908595,2
1.0,0.0,141126.7,110609.53172999165,27.59,0.0,0.007152819244229336,0.7696834466878091,1
7.0,1.0,207600.5,198641.75814242402,4.51,4.0,5.445919415556839,0.5134147392450665,2
1.0,1.0,213483.49,171997.657319201,24.12,0.0,0.40211763574492865,0.3424633540328605,1
1.0,0.0,84330.57,145875.40793212628,42.19,0.0,0.01564322383321609,0.5223921859927078,1
3.0,0.0,14881.09,14267.57963377137,4.3,1.0,1.5284930439997333,0.5049505915195514,1
4.0,2.0,30286.99,22991.714619965867,31.73,2.0,3.3914384237383475,0.8733556372696196,2
4.0,1.0,106571.9,160863.24870411155,33.75,2.0,3.0034016437848505,0.5636091881629515,2
2.0,0.0,70771.44,81524.52229628406,13.19,1.0,1.7344994568540741,0.3689138330186805,1
7.0,2.0,197885.77,137002.05671721906,44.44,4.0,5.053648627147154,0.9089842238846833,2
2.0,1.0,203551.42,150444.50913820002,35.3,1.0,1.7958161135092792,0.3126379867481748,2
3.0,0.0,93814.57,90214.99372976692,3.99,1.0,1.9991702089422037,0.3021065768698409,1
3.0,0.0,37652.2,37242.532633148105,1.1,1.0,1.5860107577707407,0.632327270437132,1
0.0,0.0,61877.76,83471.95558505025,25.87,0.0,0.4783419236796977,0.34845420299368696,1
4.0,0.0,141961.31,175499.20404053488,19.11,2.0,3.4327392719679723,0.42397132721648056,2
0.0,0.0,72957.33,72906.29801607598,0.07,0.0,0.4929274840718906,0.9896992074853026,0
4.0,0.0,25659.83,21903.394092968883,17.15,2.0,3.3830943168012593,0.8910555020949757,2
1.0,0.0,201846.72,192234.96926510852,5.0,0.0,0.4284971257265625,0.8348263731522085,1
7.0,2.0,80713.07,139328.61270503502,42.07,4.0,5.297298819787663,0.7695551372380409,2
2.0,0.0,66665.36,112762.78286813752,40.88,1.0,1.933642040587256,0.3334708143136089,2
8.0,2.0,120621.89,167530.3958694352,28.0,4.0,5.0557561279397065,0.8851360982789469,2
2.0,0.0,95822.26,88120.52883844821,8.74,1.0,1.8708271521842128,0.6298318306127418,1
0.0,0.0,197329.74,197172.0008620131,0.08,0.0,0.31436179350057875,0.368823981726511,0
5.0,0.0,127594.31,172938.8831855865,26.22,3.0,4.029923241368932,0.5105257078050129,2
5.0,1.0,48743.7,63303.50091463824,23.0,2.0,3.1457951856743254,0.6513776838491816,2
5.0,1.0,92066.84,80499.11756375157,14.37,3.0,4.10805340018626,0.309586218194825,2
3.0,0.0,64169.31,62391.16319770468,2.85,1.0,1.7025877253994253,0.4766936311359688,1
5.0,1.0,167172.55,135274.76014116534,23.58,2.0,3.0991766707618655,0.535146540115736,2
7.0,2.0,144133.92,131473.06690280687,9.63,4.0,5.137414822075993,0.6246539376742178,2
5.0,1.0,107473.06,109276.11596741623,1.65,2.0,3.148015067621423,0.3013871239016865,1
3.0,0.0,223948.74,193509.6711688379,15.73,1.0,1.7999054475622653,0.6958098341269006,1
4.0,2.0,100779.49,99732.30475376104,1.05,2.0,3.067436880035068,0.43834359760814046,1
5.0,0.0,153758.66,158907.25489734742,3.24,2.0,3.120550617361054,0.7180753715240031,1
7.0,0.0,129852.61,135038.07226356724,3.84,4.0,5.158574030490049,0.46740521498295445,2
2.0,1.0,119636.86,108455.13862748697,10.31,1.0,1.7245339691380364,0.5819029091065803,1
3.0,0.0,12127.1,17998.07037016568,32.62,1.0,1.5190443164149916,0.7365411394723957,2
5.0,0.0,132400.97,134924.05452582502,1.87,3.0,4.49960572603638,0.7596008245085739,2
4.0,2.0,158604.14,132093.0660124828,20.07,2.0,3.150196001276013,0.32141698518308265,2
5.0,1.0,25122.54,33726.05897258414,25.51,3.0,4.143672430367806,0.6745521836554558,2
2.0,2.0,151518.17,161223.8453185265,6.02,1.0,1.7774352932955937,0.8716491685280694,1
1.0,1.0,80612.13,98728.875854558,18.35,0.0,0.4270160896610581,0.44449613188810755,1
6.0,1.0,68266.07,71587.74273691366,4.64,3.0,4.228404684030399,0.6723920464218691,2
0.0,0.0,188670.43,166552.2833107335,13.28,0.0,0.12441960041987293,0.6133302496708057,1
1.0,0.0,64496.14,75240.4823045865,14.28,0.0,0.28293775159767715,0.8949544355346339,1
4.0,1.0,107775.54,128151.65034392702,15.9,2.0,3.2414712750128647,0.6071341522475941,2
5.0,2.0,203744.18,127403.81227673353,59.92,3.0,4.211537413511148,0.9606883573224532,2
8.0,0.0,24025.74,20033.136688920724,19.93,4.0,5.491941475392112,0.7566999017288981,2
1.0,1.0,132661.93,90338.38980919601,46.85,0.0,0.49797513223428247,0.6929682549664582,1
0.0,0.0,33809.1,52327.96248707172,35.39,0.0,0.2809719142287969,0.5043436786840239,1
7.0,1.0,41756.12,47918.42576120062,12.86,4.0,5.034001963535905,0.7175679301383209,2
1.0,1.0,207377.96,134442.75883916987,54.25,0.0,0.28345879024144655,0.3918724957276403,2
1.0,0.0,7064.68,12167.899104293203,41.94,0.0,0.47623607419144265,0.5913708668259777,1
0.0,0.0,159842.53,194125.00586075432,17.66,0.0,0.4628462653473427,0.4990995620493275,1
5.0,0.0,77539.72,85124.29114091602,8.91,2.0,3.107750424715661,0.7691935524298059,1
8.0,0.0,97862.03,66772.67040453196,46.56,4.0,5.095059741015143,0.8347971870704773,2
6.0,1.0,177551.17,184795.1359881169,3.92,3.0,4.076127927505785,0.95004019834965,2
5.0,1.0,88398.89,102467.70700030054,13.73,3.0,4.409892174706174,0.4554705395467169,2
1.0,1.0,100845.21,126721.79778220276,20.42,0.0,0.24502752849473675,0.9193254887871554,1
3.0,2.0,136708.05,142211.6422410227,3.87,1.0,1.6690232853296227,0.89216603963245,1
3.0,2.0,196250.07,175568.14196204804,11.78,1.0,1.6624035844198501,0.9037021024670042,1
0.0,0.0,42180.64,34650.97806524066,21.73,0.0,0.13770662147719392,0.8183331030742942,1
0.0,0.0,37862.93,25514.10402748449,48.4,0.0,0.4413098870572041,0.48740501050407437,1
3.0,2.0,195067.51,198805.04902360044,1.88,1.0,1.7048399463735526,0.9145105225087724,1
0.0,0.0,9118.92,11687.922308953395,21.98,0.0,0.12200886782094045,0.7196839234370442,1
5.0,0.0,129754.37,144557.0031868549,10.24,2.0,3.355202403032639,0.8184281926899133,1
6.0,2.0,135711.42,126102.418772138,7.62,3.0,4.317727278445899,0.4436801491951202,2
0.0,0.0,147099.92,114984.69412474171,27.93,0.0,0.3576827772970476,0.4101873748598174,1
3.0,1.0,165854.84,159307.31224421776,4.11,1.0,1.9109780572649324,0.49379614455230736,1
6.0,1.0,209113.92,198569.86005073716,5.31,3.0,4.05061685728446,0.6579595437429934,2
5.0,2.0,15786.54,18908.306083846204,16.51,3.0,4.000994370725072,0.5916375672838086,2
6.0,0.0,111853.72,126760.79360220426,11.76,3.0,4.025283120578077,0.9213256252270763,2
3.0,1.0,140544.91,146187.75702241962,3.86,1.0,1.853396629574406,0.3091129522067864,1
5.0,0.0,81209.13,68128.46817287353,19.2,3.0,4.467248270124856,0.35603387506216383,2
1.0,1.0,179967.02,179643.66313497693,0.18,0.0,0.16555269100818343,0.5277869022083779,0
2.0,0.0,103558.23,96828.63987544525,6.95,1.0,1.8905970831972216,0.41741256271232585,1
0.0,0.0,34947.77,41250.907770869875,15.28,0.0,0.36459225543433466,0.5847254313330978,1
3.0,2.0,240841.64,172337.485043857,39.75,1.0,1.98903078964296,0.8023151703396039,2
2.0,1.0,208790.25,189155.86788068234,10.38,1.0,1.7353965407448508,0.9953925102607382,1
0.0,0.0,26141.35,28907.834490061283,9.57,0.0,0.08303648364344696,0.44145232305723797,1
5.0,2.0,158397.27,152819.3647593651,3.65,3.0,4.382615700293871,0.48618224420631284,2
3.0,0.0,63906.59,50852.70164139174,25.67,1.0,1.9094094320107198,0.8381170546841947,1
0.0,0.0,12508.69,11277.221357114124,10.92,0.0,0.35365003785245763,0.4904347951101881,1
1.0,1.0,64277.96,59516.62634822377,8.0,0.0,0.43159083663988956,0.792624980916302,1
2.0,1.0,118685.54,172432.86869194193,31.17,1.0,1.6855912916599523,0.7084423337976664,1
2.0,2.0,40389.59,36824.93658890914,9.68,1.0,1.8451575016117745,0.8984258691814988,1
2.0,1.0,30424.94,34827.087769707505,12.64,1.0,1.631924319581531,0.32333574242741936,1
0.0,0.0,137046.81,150419.0641780297,8.89,0.0,0.2232200729699188,0.9858228719734046,1
5.0,1.0,99609.36,87208.33132728124,14.22,3.0,4.121246084577809,0.9749754686997074,2
8.0,0.0,66481.85,38212.35378157438,73.98,4.0,5.077266836324073,0.3156714562752477,2
2.0,1.0,44801.97,53700.07153161263,16.57,1.0,1.5179766240009944,0.6496565951746245,1
5.0,1.0,77718.42,160974.36574726485,51.72,2.0,3.335712129096167,0.5809982734784239,2
8.0,2.0,77052.64,128421.07011102373,40.0,4.0,5.437636544138709,0.47791420584257427,2
8.0,0.0,125237.85,154576.4667876347,18.98,4.0,5.157209717155634,0.984478144818528,2
4.0,1.0,38124.46,28576.91540772716,33.41,2.0,3.2146176917238636,0.42222032676878934,2
8.0,0.0,80504.23,97039.81374144538,17.04,4.0,5.001773474151287,0.48448814461092715,2
8.0,1.0,109834.56,161450.1876484531,31.97,4.0,5.206427386265725,0.30575608152738554,2
6.0,1.0,71717.44,60500.622665001894,18.54,3.0,4.140661057541042,0.7061561896915254,2
3.0,1.0,44143.62,42145.90399144543,4.74,1.0,1.7871000150623007,0.9025590472533227,1
0.0,0.0,87912.22,82538.93982526651,6.51,0.0,0.45425859142553104,0.7353390549574365,0
1.0,0.0,76657.26,73342.19502936833,4.52,0.0,0.25307628456075626,0.7561250581955835,0
2.0,1.0,55165.45,45239.827987618686,21.94,1.0,1.8377663299514309,0.346424258702018,1
3.0,1.0,210240.61,191249.53581768912,9.93,1.0,1.85274141990281,0.8003650533775051,1
3.0,0.0,84566.05,101788.69686553364,16.92,1.0,1.5762159560873732,0.5863030931554247,1
5.0,1.0,120061.2,125534.50766088568,4.36,2.0,3.1732853039059132,0.6315987240109586,1
4.0,0.0,16660.3,33010.312662423064,49.53,2.0,3.056572775632498,0.7095108985850591,2
5.0,1.0,133813.61,125906.66674498744,6.28,3.0,4.220373301894295,0.9827550546882153,2
1.0,1.0,90410.7,115511.31170960811,21.73,0.0,0.4436428408048718,0.8237282790022096,1
1.0,1.0,212320.56,187066.5722768762,13.5,0.0,0.24046717536870682,0.7787489628841939,1
5.0,2.0,94373.83,88340.1922036883,6.83,3.0,4.228076491609463,0.6023251243497215,2
5.0,2.0,154278.1,158591.79909048125,2.72,3.0,4.104661772897626,0.3241153615702012,2
7.0,0.0,83000.67,67794.38590780318,22.43,4.0,5.155108640043528,0.6770792706558559,2
8.0,2.0,141562.43,119998.6677022973,17.97,4.0,5.468299786267454,0.7626168612637121,2
7.0,1.0,173840.17,186124.3754763976,6.6,4.0,5.151497662131021,0.7929327792957501,2
2.0,1.0,106435.95,128763.5490441903,17.34,1.0,1.865693292775008,0.7255167582926738,1
3.0,2.0,159109.73,145120.1499156366,9.64,1.0,1.521070832457238,0.5102569175714018,1
0.0,0.0,173472.92,176437.0597884922,1.68,0.0,0.06415698004724896,0.45472198117889956,0
5.0,0.0,171503.09,185830.62902867192,7.71,2.0,3.1557389581524493,0.36306581518871817,2
7.0,2.0,82770.75,49572.226288582744,66.97,4.0,5.450710430680113,0.791981961019157,2
3.0,1.0,29043.12,47209.22600954519,38.48,1.0,1.6096458274395262,0.9795501588704876,2
5.0,1.0,87134.59,114590.4641126693,23.96,2.0,3.363372305042504,0.6675157253680855,2
1.0,0.0,242104.36,199148.11149820863,21.57,0.0,0.08376223344984501,0.7712278657566994,1
0.0,0.0,99746.31,103128.9414290482,3.28,0.0,0.3064210230590708,0.7848217517935431,0
0.0,0.0,119663.02,72871.94298965117,64.21,0.0,0.2934141153756406,0.4130094740759509,2
0.0,0.0,139046.0,112079.64223728681,24.06,0.0,0.3109739505698362,0.43426099319852013,1
8.0,1.0,18210.63,22235.19708198335,18.1,4.0,5.1431382608312655,0.44572406125913633,2
2.0,2.0,43477.14,43669.28635888367,0.44,1.0,1.5810514984762913,0.9529890735974764,1
5.0,2.0,30184.02,38294.879295836894,21.18,3.0,4.443242874568524,0.31090604238940994,2
4.0,0.0,18686.13,15303.953563499856,22.1,2.0,3.284721968750741,0.678818141106658,2
1.0,0.0,166888.97,147220.33757860394,13.36,0.0,0.10602158486046903,0.5640243356451493,1
1.0,1.0,60094.3,71840.16371374647,16.35,0.0,0.20666452659771767,0.761545235314417,1
6.0,2.0,55985.78,42021.89913599706,33.23,3.0,4.033545746462604,0.4543445153383866,2
1.0,0.0,155805.61,107326.31639986845,45.17,0.0,0.2376880583011871,0.9728195738072063,1
8.0,1.0,67367.24,71454.43713469231,5.72,4.0,5.211945388091484,0.5318507338979284,2
0.0,0.0,117873.81,84673.37645163502,39.21,0.0,0.06636311868669681,0.948148747131601,1
4.0,0.0,96504.46,69951.04524174411,37.96,2.0,3.2221861675912717,0.7124402498774522,2
5.0,1.0,6642.37,10756.86772817811,38.25,3.0,4.3197661697963525,0.5901227692800538,2
0.0,0.0,104263.51,140782.48423959577,25.94,0.0,0.4642452223667123,0.8137198662878444,1
0.0,0.0,34239.82,31031.19095947134,10.34,0.0,0.3515925969797623,0.6871452719860369,1
7.0,2.0,59207.05,51637.0554419642,14.66,4.0,5.25121764318488,0.39700776817992456,2
0.0,0.0,28637.81,46160.23827712799,37.96,0.0,0.38502555893057117,0.7931424397673283,1
2.0,0.0,110169.28,72959.78614475441,51.0,1.0,1.6399676406754229,0.7056457386144136,2
3.0,2.0,30311.99,40437.55910430766,25.04,1.0,1.8343907992224446,0.695951489965358,1
1.0,0.0,72193.19,75920.90359571128,4.91,0.0,0.002531083399237244,0.8167020462559156,0
6.0,2.0,53279.91,56220.22570346949,5.23,3.0,4.036275565224763,0.7574361313080564,2
5.0,2.0,25472.51,21630.87150275809,17.76,3.0,4.312132818230891,0.5563697944321954,2
2.0,1.0,155129.92,175406.96566226755,11.56,1.0,1.59627478719398,0.5229421387572617,1
6.0,0.0,82128.5,68060.41034875518,20.67,3.0,4.344364793132357,0.47557319934984765,2
1.0,1.0,25813.16,28103.607811512305,8.15,0.0,0.31837663225191026,0.7026018013107511,0
0.0,0.0,102904.61,109090.01200090336,5.67,0.0,0.03183337470396236,0.5099214313977901,1
4.0,1.0,39679.01,33422.34849007262,18.72,2.0,3.196248333297335,0.3842928042589048,2
7.0,2.0,111060.81,156887.7082768009,29.21,4.0,5.306501099153478,0.8478882445125528,2
1.0,1.0,32647.36,21699.809215569516,50.45,0.0,0.3567408157916792,0.446392569527629,2
0.0,0.0,116934.53,98280.83048940395,18.98,0.0,0.4080420802633737,0.4154138942911409,1
5.0,0.0,189743.52,189327.00272199788,0.22,2.0,3.165221450832513,0.8943006809780985,1
5.0,1.0,28544.93,40204.12019509857,29.0,3.0,4.418358021127392,0.7914896060632324,2
1.0,0.0,63920.43,48260.048612044615,32.45,0.0,0.17712721300282214,0.8363098759976497,1
3.0,0.0,151214.04,124088.333165091,21.86,1.0,1.5034934206000015,0.5452523822827848,1
6.0,1.0,148580.88,196172.2736031145,24.26,3.0,4.3050029499185065,0.7322053454054739,2
2.0,0.0,74678.0,83308.79217426281,10.36,1.0,1.620834298578966,0.9525359751531852,1
1.0,0.0,100638.11,133242.56762766925,24.47,0.0,0.06219065099676385,0.4978880837110042,1
1.0,1.0,45711.95,38940.24192851045,17.39,0.0,0.12917890500240703,0.3482734669161047,1
2.0,1.0,106059.39,131865.4553202174,19.57,1.0,1.9139569990397027,0.4196146413647297,1
2.0,1.0,45041.5,58005.792341429704,22.35,1.0,1.9570006541300908,0.9282263976408398,1
7.0,0.0,138949.37,126524.64542335282,9.82,4.0,5.48084831193512,0.4970717575354562,2
4.0,2.0,33508.71,26845.629535885793,24.82,2.0,3.1514151815001257,0.6438770347468148,2
4.0,1.0,115637.37,109744.11412401253,5.37,2.0,3.227964354094525,0.6741982538465692,1
8.0,1.0,56479.11,55106.948987915675,2.49,4.0,5.401263051404092,0.9720095375123718,2
3.0,0.0,89532.97,139524.65363258854,35.83,1.0,1.6589513442535222,0.5110353107132674,2
3.0,0.0,108614.5,152057.25954297994,28.57,1.0,1.6925715931564733,0.6649739036930232,2
8.0,0.0,116448.47,171147.0808062855,31.96,4.0,5.118637244614821,0.9706870299927977,2
1.0,0.0,133687.16,198555.12009462557,32.67,0.0,0.2861836596758629,0.4409413740439467,1
6.0,2.0,84378.42,97277.40813411408,13.26,3.0,4.3296333494126555,0.7185197112651442,2
5.0,1.0,167011.69,137412.93926939162,21.54,3.0,4.159219727543298,0.34452472922516564,2
1.0,1.0,15405.43,13500.50608790312,14.11,0.0,0.012115258255782135,0.48408262506064725,1
2.0,2.0,219506.23,181966.5363281801,20.63,1.0,1.867953906684985,0.34845045770888233,1
0.0,0.0,98862.65,126991.19765043001,22.15,0.0,0.30829864467329515,0.5311069233632217,1
0.0,0.0,100420.94,90055.54606191505,11.51,0.0,0.10949939280068038,0.44450366545756825,1
3.0,1.0,99171.57,92519.42112452364,7.19,1.0,1.6573238375828854,0.8588910059755548,1
0.0,0.0,73883.0,154019.17280847518,52.03,0.0,0.47855679463483863,0.6243768143813475,2
6.0,0.0,115730.18,168359.30067181986,31.26,3.0,4.315101772504643,0.5835001496281516,2
8.0,2.0,217032.15,163501.69849982185,32.74,4.0,5.297738878195692,0.7846261892418739,2
5.0,1.0,89054.62,107011.08407893451,16.78,3.0,4.319845368731771,0.9630395206754889,2
0.0,0.0,72007.12,80517.86113792603,10.57,0.0,0.4772222673968785,0.5110803750735962,0
0.0,0.0,161318.4,189652.47866895175,14.94,0.0,0.1699295367464974,0.34672573314165217,1
1.0,1.0,119118.49,130497.90970633988,8.72,0.0,0.14045798805257775,0.3768461170779426,1
0.0,0.0,159472.84,113294.1477089002,40.76,0.0,0.1883712401346122,0.9000505166744728,1
8.0,1.0,136184.71,123680.5970853756,10.11,4.0,5.4004745470386135,0.8920984938768439,2
2.0,2.0,138181.29,129674.6365553937,6.56,1.0,1.560479437194988,0.6327557848395555,1
1.0,1.0,150110.23,145483.84798031175,3.18,0.0,0.10341234897634222,0.4033500743141553,0
6.0,1.0,65022.87,115105.09205782152,43.51,3.0,4.1141227562391,0.6685425636131266,2
3.0,0.0,113125.32,176317.51734692094,35.84,1.0,1.818188695593507,0.7678953231258543,2
1.0,1.0,93676.02,173345.70071200607,45.96,0.0,0.32079151231461916,0.5325655430893266,1
0.0,0.0,98401.32,94028.97148403911,4.65,0.0,0.18594319169532225,0.35776262017457955,1
5.0,1.0,27251.18,42021.86130385194,35.15,2.0,3.1380961362756303,0.5253591492097007,2
5.0,1.0,142054.68,119564.58561650915,18.81,3.0,4.377325965659757,0.7834017766229188,2
0.0,0.0,75139.46,127940.5092049246,41.27,0.0,0.01586328347491467,0.9848573821759927,1
7.0,0.0,91559.28,109442.1190512097,16.34,4.0,5.369368855374047,0.43306310216022004,2
8.0,0.0,132686.92,179209.78452205358,25.96,4.0,5.105136997185429,0.940189023339747,2
6.0,2.0,26506.01,27673.84883462952,4.22,3.0,4.451388528473916,0.6196360382256547,2
1.0,1.0,46286.26,64609.51591868809,28.36,0.0,0.20684662286126598,0.7642526878155784,1
0.0,0.0,203816.08,174500.07080129752,16.8,0.0,0.3211484516712219,0.9045892521481509,1
7.0,1.0,201117.26,188488.52947421905,6.7,4.0,5.060484654883921,0.6902222893198022,2
3.0,2.0,61302.15,90925.76419348802,32.58,1.0,1.626942204225226,0.34302296882080213,2
5.0,0.0,51127.45,46602.3565497782,9.71,2.0,3.35030429717778,0.4860450704840294,2
6.0,0.0,32036.02,89862.60433688761,64.35,3.0,4.275177725166103,0.8620340091892706,2
0.0,0.0,115474.26,96671.62463058584,19.45,0.0,0.38523869048227877,0.6870242851313393,1
5.0,0.0,115915.33,108718.18185088455,6.62,3.0,4.281701169880376,0.5303519825099027,2
7.0,1.0,71626.32,62127.085234760714,15.29,4.0,5.284665590366122,0.7083112080282822,2
6.0,1.0,70141.78,69399.20735219627,1.07,3.0,4.429129490864717,0.4879990743001289,2
2.0,2.0,138934.9,134561.6499557575,3.25,1.0,1.7123449586529205,0.46870720988422687,1
8.0,2.0,141570.05,128140.88868936148,10.48,4.0,5.447522359828752,0.8798751168496404,2
4.0,2.0,153792.91,135799.47787191358,13.25,2.0,3.1861076240224993,0.5800473243886428,2
5.0,2.0,101157.65,81684.14680754041,23.84,3.0,4.164297103385024,0.49179226271209864,2
6.0,2.0,56213.94,73926.79931497951,23.96,3.0,4.389710638369889,0.5864235024479088,2
5.0,1.0,83895.64,76792.3478648584,9.25,3.0,4.005773199748164,0.9444433302729689,2
0.0,0.0,134994.12,190723.53224303699,29.22,0.0,0.08609605991940195,0.4265520832885693,1
1.0,0.0,69583.46,85096.56959742133,18.23,0.0,0.035882869893891445,0.42966054349531346,1
0.0,0.0,124714.56,125165.15530420587,0.36,0.0,0.2560525465045792,0.5476354063575962,0
5.0,0.0,159308.68,109340.20556164233,45.7,2.0,3.314035500664298,0.3423071494847115,2
4.0,1.0,181317.76,176482.1450389535,2.74,2.0,3.0051879729312536,0.352444858218355,1
4.0,0.0,113891.88,80132.19214810102,42.13,2.0,3.080731774270169,0.3076850088518589,2
2.0,1.0,76459.37,92487.4444276724,17.33,1.0,1.6512706792978529,0.40233095803051505,1
5.0,2.0,159548.77,170130.91486862,6.22,3.0,4.147113167614301,0.748271165484644,2
7.0,0.0,21800.62,40581.9466656821,46.28,4.0,5.048566358447261,0.4374982949325026,2
1.0,1.0,89999.07,122915.964096307,26.78,0.0,0.08642372802526821,0.5644529751469523,1
5.0,0.0,108785.13,85982.55945232275,26.52,3.0,4.423525880486186,0.793909735415405,2
4.0,0.0,97624.24,197300.39619579326,50.52,2.0,3.350290570807002,0.32227621323478245,2
5.0,1.0,174828.47,147062.98219211775,18.88,2.0,3.148047191331673,0.44634124041613593,2
0.0,0.0,15671.03,12005.689933164358,30.53,0.0,0.13170373215804249,0.9971217494422864,1
5.0,0.0,246859.86,169500.0410848623,45.64,3.0,4.040099601076676,0.7178732605271508,2
8.0,1.0,143977.51,143604.13467444922,0.26,4.0,5.174452968698992,0.7619857551152438,2
6.0,2.0,143792.95,116582.57396070223,23.34,3.0,4.1990347573138305,0.6612336056033858,2
7.0,1.0,50952.58,54864.41041802024,7.13,4.0,5.452090828193723,0.9761247238128508,2
7.0,2.0,40092.98,38370.16357746115,4.49,4.0,5.371557857007605,0.401007914237493,2
2.0,2.0,130456.96,129395.91694309942,0.82,1.0,1.7395768871745036,0.3471609537180511,1
5.0,1.0,119475.27,93588.65183461514,27.66,2.0,3.06742863439504,0.8713163172237455,2
2.0,1.0,187239.7,173707.85932391463,7.79,1.0,1.8280808245041646,0.30286745866952064,1
8.0,2.0,44032.36,59850.97835275754,26.43,4.0,5.468006156385524,0.6930932633976838,2
0.0,0.0,77942.96,131128.7963607873,40.56,0.0,0.03902242600367689,0.3009886709960063,1
2.0,1.0,61473.09,57280.17696521335,7.32,1.0,1.924303883930714,0.5437712516501026,1
8.0,0.0,115990.71,130900.2450277248,11.39,4.0,5.090057277609579,0.7556205284590334,2
0.0,0.0,32757.29,19185.48202098553,70.74,0.0,0.35064046715703096,0.6831284571136795,2
5.0,0.0,97814.12,84424.41109473306,15.86,3.0,4.091928018621709,0.6919036114081845,2
3.0,1.0,41727.17,42810.26701449276,2.53,1.0,1.800006777443652,0.4101423367786712,1
8.0,2.0,121999.27,125127.45928246016,2.5,4.0,5.118812292114612,0.5063128914691228,2
7.0,0.0,77245.29,70178.33010376904,10.07,4.0,5.2708490310766365,0.7970203793805755,2
3.0,0.0,179109.01,156591.19735858237,14.38,1.0,1.8000789345728385,0.31630801424529825,1
6.0,0.0,34708.75,31772.928481703468,9.24,3.0,4.309260162553572,0.7166983109780782,2
3.0,1.0,102284.68,115680.48271465604,11.58,1.0,1.841399438903373,0.6619459283044262,1
4.0,0.0,142422.04,122798.79395891441,15.98,2.0,3.0345147876924714,0.5407700505994874,2
5.0,0.0,15020.53,14199.77894681254,5.78,2.0,3.3516937019189683,0.5343427167425291,1
5.0,0.0,20831.09,16837.28506159474,23.72,3.0,4.077298862117707,0.859263052457969,2
1.0,0.0,67214.89,68565.63274232349,1.97,0.0,0.3385162265684633,0.5673978039287424,0
1.0,0.0,109870.5,125724.3334882633,12.61,0.0,0.06201880711870428,0.355901782913428,1
5.0,2.0,183331.87,192899.69908081923,4.96,3.0,4.239707355275877,0.9734276072724131,2
5.0,2.0,17989.7,27248.866897845975,33.98,2.0,3.193384212990903,0.3912584836218428,2
2.0,1.0,135243.35,143600.92691005307,5.82,1.0,1.9836731783216337,0.8582176810480131,1
0.0,0.0,87023.07,141616.06320332762,38.55,0.0,0.3154045828722283,0.30976033358635324,1
3.0,0.0,101953.4,137200.1062656606,25.69,1.0,1.5441029566256574,0.5550788952585113,1
8.0,0.0,162609.91,108067.99489111833,50.47,4.0,5.350443230718981,0.6606263826546889,2
1.0,1.0,185213.01,193696.93061592733,4.38,0.0,0.09706919963949162,0.3208477388763165,0
3.0,1.0,147725.0,105337.27631284947,40.24,1.0,1.6430751813566782,0.8138606391789192,2
8.0,0.0,174236.24,169276.4450478495,2.93,4.0,5.189221520222321,0.4824070438420902,2
0.0,0.0,69513.43,59878.914546186126,16.09,0.0,0.3881127201541996,0.6788179185144947,1
6.0,0.0,259175.72,163198.61486830248,58.81,3.0,4.472040469393195,0.8546293426672618,2
0.0,0.0,219477.4,199343.68944839732,10.1,0.0,0.46216758842399186,0.7137796725635646,1
7.0,2.0,147924.44,182916.3376770144,19.13,4.0,5.0853418158970065,0.6189292923116952,2
5.0,0.0,78407.31,67773.62656286961,15.69,3.0,4.03020673869729,0.5352786534104332,2
7.0,1.0,170804.07,170769.9204111959,0.02,4.0,5.414266509639756,0.33157366024532037,2
0.0,0.0,23653.61,28098.85337545676,15.82,0.0,0.14410913141575343,0.9391147019371433,1
5.0,2.0,119406.8,138764.43632648,13.95,2.0,3.2914130519114604,0.7143520234734859,2
6.0,1.0,56533.37,75007.78426747044,24.63,3.0,4.489313732618156,0.742074887225141,2
0.0,0.0,169812.6,135147.31702316363,25.65,0.0,0.09321100268603516,0.6083587343871706,1
0.0,0.0,51962.96,88327.31144009842,41.17,0.0,0.1874279459284275,0.5608985091945606,1
1.0,1.0,9320.32,11716.298466811264,20.45,0.0,0.433799473073058,0.33265831855915484,1
7.0,1.0,60199.88,53942.54526911069,11.6,4.0,5.32499027353902,0.41829413984872676,2
6.0,0.0,15348.99,18053.38424308004,14.98,3.0,4.468776503376446,0.5978839535663532,2
5.0,1.0,65121.67,91181.28533197175,28.58,2.0,3.315859657479417,0.4691932461782625,2
5.0,0.0,55039.6,169613.5444783548,67.55,3.0,4.151784984020408,0.33110941137416783,2
5.0,1.0,167704.92,150219.38420526488,11.64,2.0,3.402554302761244,0.682209828286475,2
3.0,0.0,176506.23,159893.31538637247,10.39,1.0,1.879631877460539,0.6248795930835289,1
3.0,0.0,187399.36,163367.93327289855,14.71,1.0,1.966809470539432,0.5949611037161509,1
4.0,1.0,94430.62,80668.55972826034,17.06,2.0,3.2380834661065165,0.8489605921783827,2
1.0,1.0,102408.59,106144.88860374571,3.52,0.0,0.25141964356715485,0.7196694917837675,1
8.0,2.0,95540.05,106605.72231622621,10.38,4.0,5.161911550180838,0.30099060383048054,2
5.0,0.0,52161.02,31509.61821785375,65.54,3.0,4.134379167253266,0.8333369290067596,2
3.0,2.0,127455.33,123647.0032043721,3.08,1.0,1.9982639095706498,0.637811299272699,1
5.0,0.0,153529.8,146834.15801006375,4.56,2.0,3.488627758121947,0.6617697813493784,1
0.0,0.0,86014.43,126083.8856315259,31.78,0.0,0.264823231500589,0.9227009367499384,1
7.0,2.0,151945.95,151733.5275948093,0.14,4.0,5.477542791181918,0.37645375720472507,2
8.0,2.0,22366.06,32589.34094372278,31.37,4.0,5.178077723803221,0.7195826923246504,2
7.0,0.0,144691.63,154667.69980349368,6.45,4.0,5.424997162037343,0.49751181168074915,2
3.0,2.0,75449.59,49546.619640010525,52.28,1.0,1.8174340789226677,0.3256979176657573,2
0.0,0.0,123141.16,176597.09633951125,30.27,0.0,0.35853305706983213,0.6061671338059034,1
1.0,1.0,65520.67,56536.949346651156,15.89,0.0,0.3591014662021214,0.49852912167236035,1
1.0,1.0,97083.58,103478.55290118363,6.18,0.0,0.31791432500313166,0.3010450725798416,1
1.0,1.0,78925.51,102580.59636476051,23.06,0.0,0.4261640056600563,0.6450614941471654,1
1.0,1.0,91115.36,61081.560874482566,49.17,0.0,0.1960066253286214,0.5177863934452518,2
7.0,0.0,83495.55,78724.82103972294,6.06,4.0,5.424594475481545,0.6038862958956109,2
0.0,0.0,50645.2,45263.38232436248,11.89,0.0,0.09170758196027429,0.3082118016941832,1
1.0,1.0,90040.86,118319.13251712438,23.9,0.0,0.09997971010002843,0.5812474046089557,1
6.0,2.0,214335.87,183475.32481336122,16.82,3.0,4.3586716101960015,0.6292831751530413,2
4.0,2.0,58888.48,70155.43874871358,16.06,2.0,3.3750649451637935,0.6262148030532197,2
6.0,2.0,147589.29,106531.89585657696,38.54,3.0,4.451150537433784,0.8018483354004131,2
5.0,2.0,157771.64,173757.3162626434,9.2,2.0,3.1373414524023637,0.9939006028401047,1
7.0,1.0,63938.42,95974.81891963977,33.38,4.0,5.028034726193221,0.31950364621537053,2
4.0,2.0,124090.47,167939.4624070047,26.11,2.0,3.253735862703447,0.5772185853239388,2
5.0,0.0,120433.03,94814.22638227524,27.02,2.0,3.4376702326883963,0.8997022034989341,2
6.0,2.0,111270.26,93646.06867506592,18.82,3.0,4.4857329268234265,0.7379877328507272,2
2.0,1.0,24874.39,39875.592814074975,37.62,1.0,1.9289131476023658,0.9885210432916582,2
3.0,1.0,38578.4,33745.976641056666,14.32,1.0,1.7449782248363026,0.7993911605984102,1
3.0,1.0,122991.92,126184.38141595267,2.53,1.0,1.9316911180355154,0.8069731263038036,1
0.0,0.0,122385.55,167193.3696889569,26.8,0.0,0.10698546193451797,0.35325917191636896,1
5.0,1.0,36259.57,35727.23250153679,1.49,3.0,4.460584825617429,0.4926783251766326,2
1.0,1.0,180357.0,182917.84976032766,1.4,0.0,0.28342298050902365,0.7086667964056792,0
0.0,0.0,88140.39,78187.16235422392,12.73,0.0,0.1946817929010511,0.6656748740843114,1
0.0,0.0,105844.24,90798.86923895613,16.57,0.0,0.29082059108216085,0.8338139984937358,1
5.0,0.0,211724.64,179946.14638344452,17.66,3.0,4.392004104933598,0.9955603846677388,2
3.0,2.0,201679.47,180296.3255610672,11.86,1.0,1.6200607563823832,0.4447629851599537,1
4.0,0.0,110524.17,109723.18661319868,0.73,2.0,3.050939901384368,0.5998793853968647,1
8.0,0.0,56214.15,62585.33944613476,10.18,4.0,5.36656005183109,0.9067879828074181,2
1.0,0.0,41785.26,42668.49974425341,2.07,0.0,0.4762344831664615,0.8867044481681527,0
5.0,0.0,37046.37,61600.20901180384,39.86,3.0,4.3184890459871195,0.8720354025125914,2
2.0,0.0,140777.44,158319.20554877372,11.08,1.0,1.5712917270451123,0.7342755333803815,1
0.0,0.0,80129.58,71672.25242059342,11.8,0.0,0.32169268472852836,0.9952354487109274,1
4.0,2.0,81361.1,141966.67759627165,42.69,2.0,3.058316048090442,0.5505324144730585,2
8.0,1.0,46589.02,47088.15623312345,1.06,4.0,5.151762376509956,0.3814063908949966,2
1.0,0.0,117486.05,100915.69021089093,16.42,0.0,0.015798850599483216,0.3927919357132655,1
5.0,2.0,92972.32,76900.18105117622,20.9,2.0,3.24375081204395,0.6049843481326362,2
1.0,1.0,102822.24,105686.34143084382,2.71,0.0,0.1606770927539506,0.863464989359078,0
5.0,1.0,90018.39,118289.60527483355,23.9,2.0,3.0487609449226984,0.6169923743635903,2
5.0,2.0,162032.49,198277.64328054458,18.28,2.0,3.154513651141326,0.727968227895113,2
5.0,1.0,231328.71,180980.0589659484,27.82,2.0,3.3237850597080816,0.5506151272828735,2
4.0,1.0,107215.61,142214.63072959625,24.61,2.0,3.1445407777502354,0.8003818429241936,2
1.0,1.0,54601.68,39211.259400779556,39.25,0.0,0.07153605869646501,0.40719916171731263,1
4.0,1.0,192443.12,184615.42570445148,4.24,2.0,3.2723987325128894,0.6640809328533988,1
5.0,2.0,120002.94,179591.35343451993,33.18,2.0,3.3766136352932414,0.4295906689260128,2
4.0,2.0,208082.43,178473.65171410536,16.59,2.0,3.415070678103229,0.6280144956932143,2
1.0,1.0,81305.53,101013.20422708063,19.51,0.0,0.23604855655657192,0.6013458170631477,1
3.0,0.0,25778.82,42434.2751016008,39.25,1.0,1.85553621046186,0.7231934980222454,2
2.0,0.0,202450.33,153336.6108440951,32.03,1.0,1.916663874222051,0.6566816651902443,2
1.0,1.0,43048.85,83817.85740818047,48.64,0.0,0.33644461528586284,0.9830187900920546,1
1.0,1.0,87165.51,75467.97504152465,15.5,0.0,0.26363570254165314,0.930218116592461,1
3.0,2.0,89067.6,84248.5823862627,5.72,1.0,1.5299696835704515,0.5058545915530002,1
5.0,0.0,75986.86,116223.40591850434,34.62,3.0,4.145017187297913,0.38482376414832736,2
1.0,1.0,79017.96,73368.57784139022,7.7,0.0,0.15990757872286332,0.3453262254900614,1
6.0,2.0,160568.74,141084.9160896425,13.81,3.0,4.1975056254670395,0.43859565915711163,2
4.0,2.0,126028.25,133067.52119129588,5.29,2.0,3.4754463516521565,0.4554751865076837,1
5.0,2.0,108134.8,106683.89662711107,1.36,3.0,4.104437671176422,0.9220769584091681,1
3.0,2.0,17866.86,20254.914020244105,11.79,1.0,1.7707774555036468,0.9473886158911464,1
2.0,1.0,183376.09,187943.10965052273,2.43,1.0,1.9956090533471103,0.4613292048691713,1
4.0,1.0,108848.67,88222.29379287413,23.38,2.0,3.309397280390329,0.8311117704564746,2
8.0,1.0,160341.78,95396.10691431857,68.08,4.0,5.104455361839091,0.8850347709994726,2
2.0,2.0,101236.87,96646.17732620148,4.75,1.0,1.980095465889054,0.5642574073043294,1
4.0,0.0,103209.52,79355.31206530913,30.06,2.0,3.1681463345269085,0.9101158751667984,2
4.0,1.0,73576.43,138171.70301742182,46.75,2.0,3.0239353547993155,0.9920565925034919,2
5.0,1.0,10330.44,12644.362206531361,18.3,3.0,4.21568088372984,0.9774566294188267,2
0.0,0.0,250083.71,175966.58256902898,42.12,0.0,0.12032784808752406,0.8193347801369997,1
5.0,1.0,28220.06,29463.41480121645,4.22,2.0,3.4094318865476727,0.5601639396901531,1
3.0,2.0,200085.56,199945.59826991532,0.07,1.0,1.6099779171236277,0.4589038410241185,1
8.0,0.0,112211.65,129335.69954357698,13.24,4.0,5.409927011118906,0.995009047833838,2
2.0,2.0,22568.76,22586.830079889958,0.08,1.0,1.5180855082674047,0.49332216957352015,1
2.0,2.0,94004.63,116863.04129109978,19.56,1.0,1.9645786589593948,0.606867887724404,1
8.0,2.0,63552.72,72948.4805684668,12.88,4.0,5.0210967633925065,0.48488717564493455,2
2.0,2.0,137958.47,191078.2123939844,27.8,1.0,1.969269921993496,0.6472832016560175,1
1.0,1.0,173822.06,153539.4909085581,13.21,0.0,0.036845637915748075,0.37726673826575824,1
0.0,0.0,106630.52,106332.78704320292,0.28,0.0,0.4362918012792115,0.8663395807222527,0
1.0,1.0,99916.07,91657.70590642016,9.01,0.0,0.415666018824859,0.6535749846494383,0
1.0,0.0,170986.31,199215.0845000119,14.17,0.0,0.2972119188037051,0.593651640672749,1
3.0,0.0,119524.76,136802.97614254456,12.63,1.0,1.5179930420328405,0.5542012200376598,1
5.0,2.0,128648.51,107646.65105433577,19.51,3.0,4.310571403384808,0.705849019936586,2
5.0,1.0,109802.59,85609.38230985611,28.26,3.0,4.30892321041343,0.8459216422003117,2
1.0,1.0,94741.56,71670.74291370675,32.19,0.0,0.27859873748858477,0.9317926757795507,1
4.0,2.0,109664.21,144029.69052230957,23.86,2.0,3.3157627857233605,0.8890628348084415,2
1.0,0.0,79858.39,121698.24783214518,34.38,0.0,0.4840537016226467,0.6118592153036098,1
7.0,2.0,194586.25,171155.11870774717,13.69,4.0,5.497753623828483,0.8837944442020116,2
1.0,1.0,68622.18,115176.53742764113,40.42,0.0,0.26024790332291997,0.6700307757476742,1
4.0,1.0,71806.69,120642.964125044,40.48,2.0,3.0459003121446178,0.7467247107024049,2
3.0,1.0,82119.0,100697.73402020428,18.45,1.0,1.5669845218225888,0.7721922824100445,1
5.0,1.0,127450.06,154897.97979530264,17.72,2.0,3.360175439670008,0.5797772838340605,2
3.0,1.0,138870.23,88848.51345871846,56.3,1.0,1.9909817936115328,0.6402371876691298,2
5.0,1.0,71566.05,171868.52489868383,58.36,3.0,4.218027611865974,0.7848122971648774,2
0.0,0.0,80513.79,72138.504619412,11.61,0.0,0.049019372955824425,0.515549771458262,1
7.0,0.0,171631.86,141598.75881238343,21.21,4.0,5.1765222762524745,0.8228393041994795,2
5.0,1.0,164518.76,179664.47082893393,8.43,2.0,3.192505138560261,0.5478722002680804,2
5.0,0.0,204506.87,156124.03410226302,30.99,3.0,4.498297666942633,0.7098426368996926,2
6.0,1.0,74359.61,75095.54707803074,0.98,3.0,4.343291676647194,0.8863359025337323,2
7.0,2.0,148948.74,144204.41056064685,3.29,4.0,5.058933043035373,0.3162434437182172,2
0.0,0.0,52715.89,49327.114775894996,6.87,0.0,0.1685383584712079,0.4682380316288512,0
1.0,0.0,18302.06,21051.36509584378,13.06,0.0,0.024279356249462924,0.6928173712471157,1
0.0,0.0,182300.12,160362.53053252166,13.68,0.0,0.32653025405572467,0.3742717081025969,1
0.0,0.0,174608.51,163521.73189401644,6.78,0.0,0.33636963443853335,0.44392121407437646,0
5.0,2.0,17136.37,14356.878393963525,19.36,2.0,3.0287483725369566,0.824362624438447,2
8.0,0.0,144784.74,190081.052635295,23.83,4.0,5.1677599706493815,0.318076131487593,2
8.0,1.0,110188.9,94720.96711198214,16.33,4.0,5.451419183468507,0.7270257317744229,2
5.0,2.0,232033.98,182001.70801272395,27.49,2.0,3.413408015037402,0.32390993811702123,2
5.0,2.0,204835.5,159753.1598725323,28.22,2.0,3.287106284905608,0.381146587881966,2
8.0,1.0,104164.51,181124.17028365534,42.49,4.0,5.242311680237302,0.5732385525340032,2
7.0,0.0,168173.03,168341.37029224305,0.1,4.0,5.496425956033496,0.9753380837202521,2
0.0,0.0,336418.46,195059.1202214966,72.47,0.0,0.3610977797595636,0.6820932848225001,2
4.0,2.0,170538.13,129529.19024239949,31.66,2.0,3.476317605597906,0.5185569207267458,2
6.0,1.0,45808.55,53179.1809399754,13.86,3.0,4.0357926071765915,0.5879284493519266,2
3.0,0.0,75102.79,84016.99483926763,10.61,1.0,1.606075578179276,0.6981405439950104,1
2.0,2.0,125052.36,152857.0572376254,18.19,1.0,1.51555551787244,0.7335915639309177,1
8.0,0.0,26200.32,39824.1629725817,34.21,4.0,5.433958807344588,0.48753230166219585,2
7.0,2.0,250585.87,186670.04387401373,34.24,4.0,5.347115720582665,0.4381061065697428,2
8.0,2.0,51056.22,49002.99358949698,4.19,4.0,5.088825826421068,0.64671652635285,2
6.0,1.0,172430.12,176435.20025412596,2.27,3.0,4.4870953037210635,0.7513958751613058,2
1.0,1.0,102508.8,101907.54951933169,0.59,0.0,0.47789861130735195,0.8716059955296784,0
3.0,0.0,121161.56,169717.82819055475,28.61,1.0,1.6122989024623535,0.7149567212187619,2
5.0,2.0,155812.2,192076.182520778,18.88,2.0,3.3235048765213553,0.784703859017001,2
4.0,0.0,128699.78,90208.01589438772,42.67,2.0,3.3340514583677927,0.6387854827801269,2
4.0,0.0,130866.83,142354.86277440167,8.07,2.0,3.0020083775107245,0.6967034804548603,1
5.0,2.0,25959.64,53076.34464777684,51.09,2.0,3.34438989613425,0.7448132960223721,2
2.0,2.0,149939.44,162149.28616892232,7.53,1.0,1.610670097386027,0.4654318708676063,1
5.0,1.0,214974.54,165785.8733637904,29.67,3.0,4.450659375300919,0.9538519094309654,2
2.0,1.0,75667.48,66096.68376623125,14.48,1.0,1.9192535662797578,0.5417372228329828,1
3.0,1.0,18388.05,14586.744869431073,26.06,1.0,1.9526467923354784,0.7232816947193519,1
1.0,0.0,106187.19,91928.99783816667,15.51,0.0,0.3787769811721734,0.6926679461280576,1
1.0,1.0,67790.14,42300.101506590276,60.26,0.0,0.08245271927379211,0.8973418324542146,2
8.0,2.0,141176.02,165524.70525108586,14.71,4.0,5.180277156494258,0.3795230625492295,2
3.0,1.0,53677.44,59608.48282325968,9.95,1.0,1.8544657367932098,0.9189617117927862,1
1.0,1.0,210030.16,189301.63058384016,10.95,0.0,0.16166252162910622,0.3959105355142156,1
6.0,2.0,241202.48,194643.70260460896,23.92,3.0,4.355016466808371,0.4011712640266216,2
4.0,2.0,179865.57,182678.82557338767,1.54,2.0,3.1680793624863024,0.9035783830699915,1
1.0,1.0,177178.08,123926.7507641731,42.97,0.0,0.08886472717560423,0.4799713344766191,1
2.0,2.0,52741.66,60811.32075732403,13.27,1.0,1.759081909194768,0.7282505297399413,1
1.0,1.0,105902.33,163379.0988182768,35.18,0.0,0.34311387975179136,0.6245275165694425,1
5.0,2.0,122051.27,143303.12242952271,14.83,2.0,3.2585978436413794,0.9539863767788899,2
1.0,1.0,197246.85,195661.98593954984,0.81,0.0,0.3209336491496449,0.8474587916518532,0
1.0,1.0,70602.36,81677.8813900853,13.56,0.0,0.2190255090521654,0.5344956444510982,1
1.0,1.0,22548.05,21165.919841866824,6.53,0.0,0.3891656644916724,0.869408522603379,1
5.0,2.0,181920.69,199693.40247939978,8.9,2.0,3.324983211322354,0.4580519423246192,1
0.0,0.0,160518.83,169270.09149338634,5.17,0.0,0.28730331704265843,0.7308999462316595,0
5.0,2.0,61218.41,52083.04077672433,17.54,3.0,4.217685857737781,0.8261086402072253,2
1.0,1.0,135477.85,147869.29452093423,8.38,0.0,0.26786377806897776,0.7922109336991248,1
5.0,1.0,14394.31,10131.133262307858,42.08,2.0,3.025504860845731,0.7596774021445005,2
2.0,0.0,140398.29,115983.72099788029,21.05,1.0,1.8333598383417675,0.8809781814766693,1
3.0,2.0,54562.82,78939.26579030941,30.88,1.0,1.6022058646327106,0.6893459098593723,1
1.0,1.0,77967.82,82453.27783514911,5.44,0.0,0.43007448019592087,0.9498435342068052,0
6.0,1.0,65605.08,56458.7631726944,16.2,3.0,4.406171884094986,0.40136684014935603,2
7.0,2.0,75274.47,62220.590970335375,20.98,4.0,5.263977333103327,0.5489960153714053,2
1.0,0.0,139153.98,96387.04613266871,44.37,0.0,0.42356553415620796,0.8480944082476967,1
0.0,0.0,55833.16,57147.556740777356,2.3,0.0,0.33540162190797035,0.5156389954855698,0
7.0,0.0,109955.44,98623.5899051932,11.49,4.0,5.070630022445656,0.6100643750967937,2
5.0,0.0,118140.02,119696.06690838657,1.3,2.0,3.3703863773145946,0.8410156904091048,1
1.0,1.0,96353.82,145111.17034197692,33.6,0.0,0.4979032328360422,0.6769988969509927,1
0.0,0.0,167151.83,138657.67362973542,20.55,0.0,0.020488654378879367,0.4313323103441015,1
4.0,0.0,27300.45,55977.961889859434,51.23,2.0,3.1224597173307167,0.4223869737701172,2
5.0,1.0,20980.59,17446.02218134149,20.26,3.0,4.298870374191782,0.5108626056708852,2
5.0,0.0,190800.1,168209.55455769482,13.43,2.0,3.207597226662632,0.5121087994055901,2
8.0,2.0,98484.38,175739.44016327272,43.96,4.0,5.3187781032733215,0.3956721822567938,2
2.0,0.0,203750.17,195989.0087493216,3.96,1.0,1.793202166569393,0.8842624635480416,1
2.0,1.0,251510.58,192345.19587487567,30.76,1.0,1.8939947339497547,0.4978386395076351,2
3.0,1.0,89236.56,130424.66507166697,31.58,1.0,1.535451460070373,0.861572551815841,1
2.0,0.0,74843.24,179911.62374889987,58.4,1.0,1.7203080349642241,0.9814151274696159,2
0.0,0.0,115049.57,95121.59967106384,20.95,0.0,0.4300268948449002,0.5323729843439383,1
0.0,0.0,156114.63,159593.77154775817,2.18,0.0,0.1813809526734808,0.9791616956590188,0
3.0,1.0,133140.23,191513.56302877638,30.48,1.0,1.7518944026351226,0.433840559324294,2
5.0,1.0,162970.37,161292.92586945617,1.04,3.0,4.010789313146817,0.7532173153834797,2
0.0,0.0,91967.87,88995.41953084207,3.34,0.0,0.11208694754214926,0.993826104407004,0
2.0,0.0,51321.52,81774.25694268534,37.24,1.0,1.7318275607911733,0.8658603401759164,2
4.0,2.0,111593.36,65393.123295591264,70.65,2.0,3.199484063132172,0.4607905507268652,2
4.0,1.0,89614.14,79742.06961962722,12.38,2.0,3.3573274384550715,0.48013285645677006,1
5.0,0.0,145403.14,165909.56574051856,12.36,3.0,4.305939990795772,0.4837014246696693,2
5.0,1.0,108567.09,143285.0610315296,24.23,3.0,4.44014126108225,0.9600948463059815,2
5.0,2.0,83548.63,57477.044112927644,45.36,3.0,4.4273853508487,0.47178809873954286,2
0.0,0.0,104305.7,145191.67443072252,28.16,0.0,0.12060992038315477,0.6567307198700962,1
3.0,1.0,57434.97,82085.1385475985,30.03,1.0,1.5088193645169354,0.5449225065444039,2
4.0,1.0,109772.02,115976.77633696262,5.35,2.0,3.427235384851881,0.5528885801781617,1
1.0,1.0,118168.25,80370.16182617577,47.03,0.0,0.16456043205251647,0.5857525123570269,1
1.0,1.0,133702.88,109109.57704830963,22.54,0.0,0.17355485462030001,0.5415314609451493,1
1.0,1.0,87889.41,148662.7400675835,40.88,0.0,0.07919739909923706,0.7199492912326689,1
3.0,2.0,178816.92,148914.8236178948,20.08,1.0,1.8465036330736164,0.5978301151537191,1
3.0,2.0,153227.17,153104.69006720802,0.08,1.0,1.6400544591803974,0.6087080962025171,1
0.0,0.0,74915.07,84297.37114313725,11.13,0.0,0.08837155053112183,0.6541957851737537,1
5.0,2.0,150399.99,141194.13415353725,6.52,3.0,4.251695370530789,0.549324966690419,2
7.0,0.0,34331.3,55355.2099749457,37.98,4.0,5.3752079529607215,0.8281917077403727,2
1.0,1.0,118920.02,100711.39987977446,18.08,0.0,0.13479929876248414,0.652437648243431,1
8.0,2.0,140261.71,120790.31419262254,16.12,4.0,5.361019500494425,0.6564477923691288,2
1.0,0.0,183600.29,140431.61558168486,30.74,0.0,0.23098755483553568,0.44689160026197905,1
8.0,1.0,105422.22,183279.2384333076,42.48,4.0,5.201886361619551,0.32158573011868524,2
7.0,2.0,54270.51,67906.04094256027,20.08,4.0,5.1797604340680845,0.8664925812595763,2
0.0,0.0,244714.84,170604.3237825423,43.44,0.0,0.07279048265972993,0.8988372930439645,1
5.0,2.0,104050.54,69113.60788177283,50.55,3.0,4.166316883424614,0.46887275765826003,2
7.0,2.0,129588.2,114862.78961671212,12.82,4.0,5.439625765313741,0.5520226110494866,2
8.0,2.0,124165.52,167338.97101071186,25.8,4.0,5.051083462236029,0.5506125418179898,2
7.0,0.0,260998.39,147398.42500124118,77.07,4.0,5.479150007550901,0.7789486346625965,2
5.0,2.0,165456.71,173945.23708669262,4.88,2.0,3.053748263743909,0.43106514438727717,1
1.0,1.0,119417.47,164827.42657811096,27.55,0.0,0.1810158211496769,0.9850993676495685,1
5.0,0.0,48060.85,62505.97976756204,23.11,3.0,4.303153086900272,0.3433030326598028,2
5.0,2.0,138087.15,198657.9676252441,30.49,2.0,3.4189207018040744,0.9816372457898805,2
4.0,1.0,174228.32,188029.7021193438,7.34,2.0,3.0717914090370018,0.3481474615483819,2
3.0,2.0,33565.17,91733.17803527505,63.41,1.0,1.570551112029216,0.5222598182848633,2
5.0,0.0,20927.48,18969.800380886485,10.32,2.0,3.314189062330863,0.47548527530261026,2
0.0,0.0,35807.98,67664.36790593472,47.08,0.0,0.14637331620238897,0.48174399629523734,2
6.0,1.0,121146.61,168868.9808133211,28.26,3.0,4.3222510485089956,0.9962686406388137,2
0.0,0.0,134285.63,190665.3797047784,29.57,0.0,0.4102916014647654,0.620846226266274,1
6.0,1.0,187944.57,168017.6713093777,11.86,3.0,4.038435255493773,0.38365739540423627,2
5.0,2.0,96506.39,85381.21495487326,13.03,3.0,4.422247061538891,0.9875959754761081,2
2.0,2.0,21868.22,20741.934940402934,5.43,1.0,1.5187926781772207,0.4698659013231372,1
4.0,0.0,101786.13,108340.74036181273,6.05,2.0,3.4494130926444067,0.3507829293245585,1
2.0,2.0,104890.51,81512.6766839999,28.68,1.0,1.9878090708000158,0.31692644069037906,1
7.0,1.0,28173.2,33364.75356383611,15.56,4.0,5.333727601230391,0.6242615332767367,2
6.0,0.0,17757.13,30112.135813930043,41.03,3.0,4.492127652472087,0.9428326577394863,2
3.0,1.0,21199.28,39077.00789465821,45.75,1.0,1.910995921064302,0.3118723319875298,2
1.0,1.0,50604.25,49106.497943081544,3.05,0.0,0.022182750066906454,0.8076235017203173,1
0.0,0.0,145129.43,153219.41777943965,5.28,0.0,0.0019054721012334297,0.48229528222542034,0
2.0,0.0,88143.52,82523.6593951345,6.81,1.0,1.5103992447111327,0.45334232586277545,1
8.0,0.0,108124.41,93018.24473708395,16.24,4.0,5.22595347995969,0.7926528497588158,2
5.0,1.0,182001.08,123692.45364679242,47.14,3.0,4.311691305558832,0.8235112851594291,2
0.0,0.0,184689.86,192425.3607120831,4.02,0.0,0.2407359113502645,0.6913106786387213,1
7.0,2.0,162676.15,153729.11929106433,5.82,4.0,5.3385651629072814,0.44157880450019404,2
2.0,0.0,139226.79,132685.3966374282,4.93,1.0,1.7248013170564394,0.3044156989101196,1
7.0,0.0,189266.06,151328.10538548543,25.07,4.0,5.021281901555194,0.8160944550849711,2
1.0,0.0,167785.42,146665.57901253164,14.4,0.0,0.11308335242551032,0.7197301460746921,1
4.0,2.0,125550.58,141147.35958891257,11.05,2.0,3.496312118302355,0.5957823638964859,2
8.0,2.0,85122.96,104317.35270497277,18.4,4.0,5.172931918849333,0.44950736625511856,2
0.0,0.0,64005.77,117700.94522659594,45.62,0.0,0.1623828688723647,0.8333540761068967,1
4.0,1.0,141318.54,97683.37862529988,44.67,2.0,3.076396024509587,0.34962668879569914,2
8.0,2.0,83426.31,85042.11443892962,1.9,4.0,5.49357186105948,0.7498916836482437,2
1.0,1.0,58410.5,61445.93363368806,4.94,0.0,0.11522966079629937,0.7818788920606566,0
0.0,0.0,88726.63,77490.50823985414,14.5,0.0,0.3234132836269267,0.4562801029169901,1
4.0,2.0,90963.52,91420.62728883432,0.5,2.0,3.0210237290760977,0.6383274392875686,1
3.0,2.0,137554.03,120082.08694705233,14.55,1.0,1.5332361650316777,0.664139558579653,1
0.0,0.0,137665.88,104976.26846857264,31.14,0.0,0.35837584866000927,0.7138973465134058,1
3.0,1.0,30427.92,30510.30131267924,0.27,1.0,1.8175840814233621,0.9308315773982938,1
5.0,1.0,99606.7,74594.99453687947,33.53,3.0,4.340081197810328,0.682490570007195,2
1.0,1.0,89355.56,81476.75903430971,9.67,0.0,0.11548520357313602,0.3471229213378736,1
2.0,2.0,76545.17,144315.93337148754,46.96,1.0,1.9924444912611203,0.5414803336177862,2
6.0,1.0,79629.53,73249.49602753634,8.71,3.0,4.279187581079123,0.7398287927977975,2
5.0,2.0,7284.54,11511.604961081195,36.72,2.0,3.4847740861343444,0.5331985162001336,2
5.0,1.0,23528.26,26023.958432707914,9.59,3.0,4.08208527648769,0.8375581596815156,2
2.0,2.0,81068.78,104429.69941434369,22.37,1.0,1.7025497549206399,0.4329337842659922,1
8.0,0.0,48416.39,45814.145811750415,5.68,4.0,5.167842759494231,0.4001035800942374,2
5.0,2.0,146754.91,103978.2581430542,41.14,2.0,3.3775374633529314,0.46172286880819113,2
0.0,0.0,139119.57,119099.02069636327,16.81,0.0,0.3737857180525456,0.9132595037085074,1
8.0,1.0,257666.86,187353.20148817738,37.53,4.0,5.243271896659851,0.776654290738541,2
3.0,0.0,77547.03,134560.18562627578,42.37,1.0,1.508074002108668,0.6640340560631104,2
0.0,0.0,15430.34,15897.737300352215,2.94,0.0,0.08760285458997225,0.510236099882613,1
1.0,0.0,70803.13,82338.79847412046,14.01,0.0,0.025132833554831924,0.9430135879604777,1
4.0,2.0,178472.23,160756.82444849232,11.02,2.0,3.4235072846245895,0.9221434823257093,1
1.0,1.0,50539.18,59506.86663808634,15.07,0.0,0.14488578364888355,0.579580318267205,1
0.0,0.0,186302.12,185744.88358504578,0.3,0.0,0.058961318450336586,0.8269066863695291,0
1.0,1.0,118060.01,110512.03462709117,6.83,0.0,0.17708618264079556,0.9394947410553809,0
3.0,2.0,20169.36,27565.0614462191,26.83,1.0,1.5386446580831814,0.5193473873997863,1
3.0,0.0,49766.49,55917.40263425327,11.0,1.0,1.9894285674494985,0.5301028405390381,1
5.0,0.0,242376.47,182196.8478268459,33.03,2.0,3.1575039506738993,0.6820644049283009,2
1.0,0.0,156460.22,198377.35272321384,21.13,0.0,0.46653334944490166,0.5858566122125708,1
1.0,0.0,177835.22,173973.01958779714,2.22,0.0,0.3413643454302628,0.833035702991832,0
5.0,1.0,73020.96,70928.57008386502,2.95,2.0,3.283053493711997,0.6758511867854932,1
2.0,1.0,36490.48,156075.61237691873,76.62,1.0,1.7377484985612284,0.44829882103424645,2
4.0,1.0,34655.35,52223.25228328858,33.64,2.0,3.343690053401694,0.5494710870265023,2
0.0,0.0,85658.99,83059.23461514426,3.13,0.0,0.3431376667730842,0.7698673366962213,0
1.0,1.0,193164.15,142461.9444341325,35.59,0.0,0.005260530380382211,0.33740397067437555,1
1.0,1.0,212898.7,194091.25444506673,9.69,0.0,0.4538918727641696,0.5395170226012396,1
2.0,1.0,101558.93,93447.67258846735,8.68,1.0,1.6839817102188261,0.3112672781155774,1
2.0,0.0,126217.84,104208.91999633395,21.12,1.0,1.6766365607714977,0.8746068694247606,1
6.0,1.0,46006.1,51832.02050070034,11.24,3.0,4.2032952719414975,0.3820329522235607,2
3.0,2.0,82472.25,86612.32112237936,4.78,1.0,1.842641402654467,0.3540433045959626,1
5.0,2.0,19609.18,21973.535462172433,10.76,2.0,3.1880088680248435,0.8506151116663931,2
4.0,0.0,233779.22,173131.32016909937,35.03,2.0,3.1869155309636015,0.3626548038262247,2
0.0,0.0,12080.9,14433.571950698075,16.3,0.0,0.0317324398142218,0.7789837799186636,1
4.0,2.0,153227.22,139869.6710727368,9.55,2.0,3.208320832213464,0.5659045030315402,2
3.0,1.0,63057.5,61912.123276291735,1.85,1.0,1.574739238521877,0.8751896212432584,1
3.0,1.0,114495.16,100460.79208630072,13.97,1.0,1.9277946270298902,0.4279958781404374,1
1.0,1.0,67216.98,63496.10361895392,5.86,0.0,0.1672555415986433,0.3590919514902786,0
5.0,0.0,80594.58,86013.42692511184,6.3,3.0,4.4804336990308355,0.45988521657088155,2
7.0,1.0,162882.33,113887.79841961872,43.02,4.0,5.342264001283491,0.9524945243672183,2
1.0,0.0,149545.49,131769.748172117,13.49,0.0,0.37807576741366183,0.8803846812150218,1
5.0,0.0,221480.23,188654.3671888321,17.4,2.0,3.4738755907013728,0.5000511152035001,2
5.0,1.0,86776.65,73118.17133737309,18.68,3.0,4.119467382908333,0.4442798988339285,2
1.0,1.0,160984.48,121122.92746501286,32.91,0.0,0.2836454848461336,0.40978932151445213,1
6.0,2.0,172804.83,181327.2079695664,4.7,3.0,4.020362902247281,0.45484238422034257,2
4.0,1.0,81807.89,65144.04351056508,25.58,2.0,3.050379343977847,0.44353076039630956,2
8.0,2.0,173627.19,174359.49641384138,0.42,4.0,5.183293459984394,0.9217315079451764,2
8.0,2.0,175198.7,191935.46831407133,8.72,4.0,5.34125092531247,0.31399013585491614,2
1.0,1.0,184517.58,171023.8040691136,7.89,0.0,0.41584680120276724,0.9160857567273488,1
2.0,2.0,134950.06,118273.49525490342,14.1,1.0,1.6282021012367365,0.3289972958359383,1
5.0,1.0,167942.71,147201.95259872603,14.09,2.0,3.3745386068188035,0.8787843813594338,2
0.0,0.0,88788.04,101402.51502469831,12.44,0.0,0.11214557872402497,0.5980230655091104,1
3.0,0.0,134171.85,123478.60284544966,8.66,1.0,1.5030278030581656,0.354043888232232,1
7.0,0.0,275844.63,195150.07272587172,41.35,4.0,5.027206512477867,0.8593036450347242,2
1.0,1.0,51127.86,57712.90566955354,11.41,0.0,0.2927793114028607,0.4795077960189915,1
3.0,0.0,191383.96,160583.9532827224,19.18,1.0,1.7485737730471569,0.9146196368346293,1
5.0,1.0,111875.78,106184.29845341262,5.36,3.0,4.1352126139647165,0.8265803579453515,2
2.0,0.0,45254.22,43605.918152055805,3.78,1.0,1.5032739293014132,0.9872393310771075,1
2.0,0.0,69813.02,132271.72233384437,47.22,1.0,1.7840051746267007,0.8823110234416314,2
8.0,1.0,163820.5,160561.11224166455,2.03,4.0,5.408803318414826,0.468672982412856,2
3.0,1.0,133246.59,118063.60567144018,12.86,1.0,1.5342724389616893,0.5864506402521912,1
1.0,1.0,196051.81,169112.23218841525,15.93,0.0,0.3682372286969038,0.7876412110509701,1
0.0,0.0,77185.25,79515.0366765276,2.93,0.0,0.3172713009820339,0.5212454693921578,1
7.0,2.0,92854.6,183615.97680761406,49.43,4.0,5.239677386100567,0.6825525330540527,2
0.0,0.0,90656.18,133180.81899740215,31.93,0.0,0.024170677488026093,0.4663529831750824,1
5.0,1.0,179315.58,162600.27173699698,10.28,2.0,3.461785708196148,0.764065602760639,1
1.0,0.0,80476.82,61867.17372307851,30.08,0.0,0.23872049446337135,0.5394937868906935,1
2.0,0.0,113423.49,94764.37926155418,19.69,1.0,1.6998034804406021,0.33862462683595485,1
7.0,0.0,193394.73,182827.30823062762,5.78,4.0,5.430737701043867,0.9774418436424899,2
5.0,1.0,23012.11,19670.154595357493,16.99,2.0,3.4227891144918687,0.8907324982172184,2
8.0,0.0,76172.23,86756.52557700431,12.2,4.0,5.363630476500012,0.5126017408261714,2
0.0,0.0,190925.52,158260.5450302288,20.64,0.0,0.4146799914500042,0.3907373601330303,1
5.0,0.0,83501.02,151324.79113382037,44.82,2.0,3.0621642404914704,0.8146583212857197,2
7.0,1.0,127035.09,171808.3378461796,26.06,4.0,5.380457777540171,0.45447094724416226,2
2.0,1.0,228149.04,150484.1635889612,51.61,1.0,1.6640170414920639,0.7238178516126988,2
0.0,0.0,232571.73,189947.5083421112,22.44,0.0,0.43374739673413887,0.845355389840083,1
8.0,0.0,144129.65,104669.31551650871,37.7,4.0,5.185115732993429,0.49069670436827534,2
3.0,2.0,62442.62,128615.06900212528,51.45,1.0,1.5271519760600376,0.4992456445875624,2
4.0,2.0,161039.74,171064.09412644306,5.86,2.0,3.2071901183851828,0.3431288652656556,1
8.0,0.0,120447.2,143321.28047270596,15.96,4.0,5.3783885175381805,0.5238937102729512,2
1.0,1.0,31019.03,29390.776585997144,5.54,0.0,0.2504660304896987,0.7182157479253795,0
3.0,0.0,89161.31,79729.32599301041,11.83,1.0,1.8818169559044842,0.40905777825141026,1
1.0,1.0,70064.78,114992.2516830557,39.07,0.0,0.01763687043305351,0.967157956008013,1
2.0,0.0,175347.35,153396.33333369807,14.31,1.0,1.5885821018005144,0.8056910133476982,1
0.0,0.0,153910.6,113277.83807552893,35.87,0.0,0.28180396552139697,0.44273062108867545,1
4.0,0.0,116502.6,157734.35586292046,26.14,2.0,3.1926568769238157,0.6714316707195465,2
0.0,0.0,137464.79,169145.80052795252,18.73,0.0,0.34008787183509986,0.5740086188578062,1
4.0,1.0,60573.61,60374.3713560844,0.33,2.0,3.4812771165602108,0.5676472099620735,1
0.0,0.0,118062.9,127058.65290080156,7.08,0.0,0.329930980350257,0.6919917397803521,1
3.0,1.0,97743.46,115850.97172134876,15.63,1.0,1.7086814474413,0.37570546129179855,1
2.0,0.0,54211.53,53190.27800442488,1.92,1.0,1.7711820092216704,0.45071953809598225,1
5.0,0.0,87409.16,103076.83695499797,15.2,3.0,4.456413240848085,0.404776213266514,2
2.0,2.0,58210.58,114227.97406805631,49.04,1.0,1.8364946233311064,0.4217854360499085,2
2.0,2.0,170517.88,165294.57628911428,3.16,1.0,1.901589748877264,0.7586522136318754,1
8.0,2.0,98593.14,97587.98118203325,1.03,4.0,5.150759204550766,0.9973154214305475,2
5.0,0.0,35064.38,25374.036670430396,38.19,2.0,3.372160578419136,0.7557742807042926,2
0.0,0.0,88501.14,102586.23206411937,13.73,0.0,0.06971568466993089,0.9893064654394776,1
8.0,0.0,225236.34,169210.6794315222,33.11,4.0,5.374887808202609,0.7039051489128562,2
3.0,0.0,111118.02,118538.53594223366,6.26,1.0,1.9407792964012123,0.49831603371307487,1
1.0,1.0,51597.19,70584.3932634214,26.9,0.0,0.4501162335267109,0.9106133813059714,1
2.0,1.0,201688.58,184984.48011700908,9.03,1.0,1.558295030526324,0.34703376662654073,1
1.0,1.0,38612.12,39573.763078951735,2.43,0.0,0.41494102628686713,0.37169955688977113,0
1.0,0.0,98216.61,72106.75397372743,36.21,0.0,0.054968261384018335,0.9633370862137949,1
6.0,2.0,91696.98,93055.5912196202,1.46,3.0,4.2391984766413815,0.7551296395476301,2
0.0,0.0,103904.27,150215.7987059165,30.83,0.0,0.34126076484308254,0.950273416730655,1
6.0,0.0,220864.19,168791.8905038946,30.85,3.0,4.242124555755875,0.39302056407778563,2
7.0,0.0,22419.43,21126.490486587893,6.12,4.0,5.1699548011050735,0.8377826674903619,2
4.0,1.0,176037.98,160486.80588808298,9.69,2.0,3.3419105787479277,0.46436731541067044,2
6.0,1.0,121280.97,146900.39889762603,17.44,3.0,4.330439387553447,0.5403479290102483,2
6.0,2.0,191142.94,179983.9379142451,6.2,3.0,4.291446327582784,0.9292939635042459,2
7.0,1.0,201148.29,181084.168256853,11.08,4.0,5.264214332388366,0.5878787444935997,2
3.0,0.0,174796.23,157729.85614548522,10.82,1.0,1.8528699495611691,0.7693756178627286,1
1.0,0.0,34871.49,46138.51001010054,24.42,0.0,0.20151852835057577,0.921093237969292,1
5.0,0.0,40980.54,69635.58626464964,41.15,2.0,3.034384123871169,0.9096117498602694,2
4.0,1.0,200227.03,187900.74278121462,6.56,2.0,3.268727255095612,0.3062350776763213,2
0.0,0.0,108010.83,123652.92697223298,12.65,0.0,0.3617277761219183,0.4107506929729816,1
5.0,2.0,60721.8,112364.53953396466,45.96,2.0,3.1495799538080336,0.9430351473949656,2
1.0,1.0,270660.03,183984.7936083597,47.11,0.0,0.07037556906796616,0.6936911078255826,1
8.0,0.0,263741.57,176097.72907893627,49.77,4.0,5.455920597081059,0.6361399922157551,2
1.0,1.0,183056.97,148224.26913011237,23.5,0.0,0.4318748323730979,0.34568050078924306,1
1.0,1.0,202904.39,177627.93779031327,14.23,0.0,0.30921710964565957,0.3175365686562159,1
1.0,0.0,24743.09,31628.645667141955,21.77,0.0,0.3933035768520381,0.9673903159123909,1
0.0,0.0,183119.12,153933.35365398254,18.96,0.0,0.48440265738721083,0.6316957577534593,1
1.0,1.0,176330.05,193471.6384174049,8.86,0.0,0.2846294903634204,0.8504921208532241,1
0.0,0.0,13131.66,19305.590533466835,31.98,0.0,0.12209084230016992,0.45400097534463235,1
1.0,1.0,52373.44,52378.673840220494,0.01,0.0,0.31940599526631064,0.4659503667445438,0
0.0,0.0,155706.67,160853.9938844296,3.2,0.0,0.4572968380502269,0.6921787242759445,0
3.0,0.0,150646.01,108808.96124182394,38.45,1.0,1.84507410069924,0.9132180852338914,2
2.0,0.0,22192.54,26457.487362839653,16.12,1.0,1.5131201955747016,0.5020059549232169,1
2.0,0.0,64877.4,60912.025539644026,6.51,1.0,1.9585663019312578,0.5301599886290749,1
2.0,0.0,79887.91,71571.32398530305,11.62,1.0,1.876837627626984,0.6854398143537698,1
0.0,0.0,75176.83,71001.91715073027,5.88,0.0,0.200915506698699,0.3280039002374104,0
1.0,1.0,168768.37,176757.82239907802,4.52,0.0,0.4937459446745329,0.5651335037716902,0
0.0,0.0,137334.9,135786.9268980279,1.14,0.0,0.3608396664177735,0.6893980227491872,0
6.0,2.0,179052.38,149634.28289011226,19.66,3.0,4.412720540917846,0.3033787615794403,2
8.0,2.0,11953.17,12578.316888824804,4.97,4.0,5.471583279624919,0.7466024620161721,2
8.0,2.0,58038.8,91227.28056248205,36.38,4.0,5.019789232360533,0.33567268470832023,2
4.0,1.0,60377.04,70385.91933245011,14.22,2.0,3.3872099220183394,0.803971243812204,1
4.0,2.0,206634.28,171865.82642563301,20.23,2.0,3.193173217678901,0.8611749226442287,2
2.0,1.0,127917.25,191235.23424477183,33.11,1.0,1.9345375064493875,0.8871563304651244,2
5.0,1.0,113549.89,90434.761421531,25.56,3.0,4.439447927966617,0.7713716747771818,2
5.0,0.0,181083.91,194881.51676854675,7.08,3.0,4.414309235251347,0.6930994232045768,2
6.0,2.0,13035.0,12728.248768315942,2.41,3.0,4.389600292826397,0.5152930459478342,2
7.0,0.0,33556.71,71886.68679963509,53.32,4.0,5.397141417312467,0.5972296029966485,2
2.0,1.0,172315.94,157236.9238066905,9.59,1.0,1.6482762503608037,0.3609392399211394,1
5.0,2.0,55497.08,78418.92979025627,29.23,3.0,4.203264103063195,0.7949710901780875,2
5.0,0.0,205848.91,184982.8427718041,11.28,3.0,4.05752744535153,0.31727905762413516,2
2.0,1.0,49375.88,51508.3295746448,4.14,1.0,1.915295760930807,0.5894059591761895,1
7.0,0.0,203195.44,161176.67819234103,26.07,4.0,5.32300323791233,0.6543474911713767,2
1.0,1.0,57934.96,48323.42795647963,19.89,0.0,0.30635835755830926,0.7550626626024264,1
8.0,1.0,59568.65,47449.934357839156,25.54,4.0,5.123039019553274,0.5402392239845337,2
6.0,0.0,29061.09,94692.37809282212,69.31,3.0,4.307518042025795,0.6099514830223991,2
1.0,1.0,271684.79,189538.71178276316,43.34,0.0,0.22727586259057703,0.7111632083589805,1
5.0,1.0,101947.72,121236.44276144616,15.91,2.0,3.4976344033328086,0.9462223535843619,2
0.0,0.0,50250.39,130656.25002598023,61.54,0.0,0.4315341363687189,0.770380491819582,2
5.0,2.0,9531.5,11849.207769037079,19.56,3.0,4.262991440953279,0.478104081799217,2
5.0,0.0,11605.18,20756.88888003538,44.09,3.0,4.404227783649338,0.8930845344195404,2
4.0,1.0,22758.36,22717.464875594458,0.18,2.0,3.082252500429169,0.338545130261669,1
7.0,2.0,177134.38,165732.0131856341,6.88,4.0,5.050700249563301,0.4906093433892686,2
0.0,0.0,63989.21,55001.90313408376,16.34,0.0,0.315325399837682,0.3757062488131341,1
0.0,0.0,91954.43,72479.25508136103,26.87,0.0,0.36339291396944634,0.6129270483011812,1
3.0,0.0,128635.45,125891.02793950631,2.18,1.0,1.5265282196597338,0.7458490335274712,1
1.0,1.0,113670.05,120951.32035413064,6.02,0.0,0.10048167559891019,0.6716967248910092,1
3.0,2.0,99502.28,88000.60453800367,13.07,1.0,1.7686339884612368,0.8678835414965957,1
0.0,0.0,10123.67,10817.039146619314,6.41,0.0,0.0314082997944124,0.6972417150359513,0
2.0,0.0,87313.41,95424.48925965498,8.5,1.0,1.7120264181418499,0.46286686237989744,1
3.0,2.0,189383.23,150387.6969868044,25.93,1.0,1.7410398897291506,0.6754953028178989,1
7.0,1.0,71919.07,54695.469911836524,31.49,4.0,5.460904866069171,0.8148426650728877,2
0.0,0.0,105404.67,144588.02195202542,27.1,0.0,0.15783824819794035,0.6520673549811876,1
7.0,2.0,13421.24,12879.035765282864,4.21,4.0,5.084334236717517,0.6093786838683728,2
2.0,0.0,280152.22,182521.48281976103,53.49,1.0,1.5037541293594872,0.6703681473799477,2
3.0,2.0,183439.62,190507.44945460025,3.71,1.0,1.5608040530218243,0.6836407206516746,1
5.0,1.0,12451.31,10467.681850666271,18.95,2.0,3.3754329994105787,0.5173899916017426,2
2.0,2.0,100127.83,96985.49862323735,3.24,1.0,1.7224609412330734,0.8979584457408272,1
0.0,0.0,73754.7,88626.16864534712,16.78,0.0,0.09936252136828261,0.4453781103438365,1
5.0,0.0,169074.06,169957.83762470624,0.52,2.0,3.4665138471610337,0.3229824851958006,1
1.0,1.0,83448.0,112737.10235142105,25.98,0.0,0.3937691592193621,0.8190445511002262,1
3.0,0.0,166555.69,126159.43928784967,32.02,1.0,1.557182345674924,0.8896196396992566,1
4.0,0.0,33656.98,48476.14058642026,30.57,2.0,3.134478677446675,0.7499153910789708,2
3.0,0.0,30615.58,24642.28691944537,24.24,1.0,1.924720741263148,0.6282616000387968,1
6.0,0.0,141528.75,141542.9084646988,0.01,3.0,4.34621583389871,0.9826438123706145,2
1.0,1.0,158452.16,127928.43847419138,23.86,0.0,0.4727726071311857,0.55953216593059,1
7.0,0.0,206579.83,168142.4594568228,22.86,4.0,5.03812471903482,0.5841284973061722,2
6.0,1.0,136613.52,170489.85501399054,19.87,3.0,4.387705611459365,0.713778923082931,2
7.0,1.0,139729.88,129896.70205485795,7.57,4.0,5.038205707921782,0.6012988183819925,2
5.0,2.0,132612.91,112288.66276055474,18.1,3.0,4.168330967846091,0.6887088636818596,2
1.0,1.0,246712.59,183661.5711122517,34.33,0.0,0.375334384087663,0.9765945987733609,1
5.0,1.0,179486.32,162240.1858119403,10.63,2.0,3.3555049871263143,0.4662490845757237,2
0.0,0.0,96061.17,177660.74904383984,45.93,0.0,0.0010589115701216678,0.40399404805610767,1
5.0,1.0,225525.38,199209.77067205863,13.21,3.0,4.100971466425302,0.5964858633762561,2
4.0,2.0,101754.67,86666.09967563736,17.41,2.0,3.3892868382767807,0.652798994242576,2
0.0,0.0,123290.67,146217.58583524264,15.68,0.0,0.06307375630736078,0.7992376090624225,1
8.0,2.0,83736.07,140732.8848939999,40.5,4.0,5.1631894529798,0.9686212264416121,2
0.0,0.0,42406.34,43087.11553323199,1.58,0.0,0.0919447534481615,0.7820692359486969,0
5.0,0.0,133733.35,130944.23394167822,2.13,2.0,3.055727267705323,0.9910226089300236,1
5.0,1.0,117020.92,91336.96241699172,28.12,3.0,4.418312872661506,0.4724370853405383,2
1.0,1.0,91250.89,95620.76212160512,4.57,0.0,0.03067087242591754,0.4462230620764655,1
5.0,0.0,46176.59,44226.218072270814,4.41,2.0,3.268024974161462,0.5145743256291421,1
6.0,1.0,185557.78,151500.47576583407,22.48,3.0,4.346335255854621,0.8509867458252327,2
1.0,0.0,90114.49,142608.7880388686,36.81,0.0,0.028795109327194146,0.4305603057387789,1
5.0,0.0,119059.06,111135.12641041109,7.13,2.0,3.316713385324057,0.43733303476790353,1
1.0,1.0,48022.35,39776.64633290608,20.73,0.0,0.16703275762056652,0.5882150324301224,1
5.0,0.0,113905.12,115804.3092178541,1.64,2.0,3.4167726118870476,0.5222810011774278,1
0.0,0.0,39671.85,29025.35020793387,36.68,0.0,0.3988298111089528,0.7525346624006675,1
8.0,1.0,103826.07,74480.68496702873,39.4,4.0,5.396952518608323,0.9231169229911556,2
8.0,2.0,46631.96,80747.99013061545,42.25,4.0,5.199331742081029,0.3970624002893298,2
0.0,0.0,143632.33,177850.82458272247,19.24,0.0,0.41127409487520616,0.682728448864605,1
3.0,2.0,69697.65,88956.79433443319,21.65,1.0,1.8149910020055129,0.3618805023991797,1
4.0,1.0,117734.12,123709.27503890143,4.83,2.0,3.189341782650762,0.45504538704395636,1
6.0,2.0,158569.59,176208.00770175693,10.01,3.0,4.040334977727709,0.5163710824767542,2
3.0,0.0,107827.9,90894.29336356962,18.63,1.0,1.5334094563393688,0.7053720620227115,1
1.0,1.0,141700.27,177903.6688134391,20.35,0.0,0.12570081721919107,0.6884152945771518,1
1.0,0.0,42276.07,35927.64938006155,17.67,0.0,0.1497923222523337,0.7501463761758499,1
7.0,1.0,83079.98,79320.19986039237,4.74,4.0,5.463764145723572,0.8732344920594166,2
2.0,0.0,21670.59,27998.177322628268,22.6,1.0,1.999969026934505,0.4310609146892015,1
8.0,2.0,150558.72,116576.6295634441,29.15,4.0,5.07183692372509,0.820367734222563,2
2.0,1.0,182385.35,191883.59147748246,4.95,1.0,1.9713841199813602,0.7669146684610755,1
8.0,2.0,143058.4,134820.8487110404,6.11,4.0,5.353270005842625,0.3557977244477092,2
0.0,0.0,115478.64,128954.36729626224,10.45,0.0,0.24930408418326233,0.5412867240368701,1
1.0,0.0,62711.87,62850.140126196275,0.22,0.0,0.47734331967445215,0.319389544217172,1
8.0,1.0,212423.54,186910.28413839312,13.65,4.0,5.35684659116065,0.36312906721878196,2
8.0,1.0,130674.15,99591.60910738197,31.21,4.0,5.296827261059538,0.4986507600396625,2
3.0,0.0,68916.85,60730.390078705634,13.48,1.0,1.6047633820098757,0.47018131510404654,1
2.0,2.0,212092.4,197662.99628227143,7.3,1.0,1.6222219759353949,0.9301216386071545,1
2.0,2.0,54425.95,90393.54742100042,39.79,1.0,1.9557508680331228,0.9256519940123624,2
2.0,1.0,94961.14,80584.80665781339,17.84,1.0,1.6075193905972929,0.7045072623036797,1
1.0,1.0,14495.74,16642.64078677854,12.9,0.0,0.01615300714732898,0.8145248913602734,1
8.0,2.0,40357.19,43876.044897489686,8.02,4.0,5.133113548942273,0.9997209191929266,2
1.0,1.0,188291.94,163746.35746373326,14.99,0.0,0.2402778598061157,0.5871348884582701,1
5.0,0.0,87706.32,101712.06987440855,13.77,3.0,4.190982380366079,0.665697798244034,2
1.0,1.0,291331.53,191426.19811578677,52.19,0.0,0.46790149930502806,0.7558049573316097,2
0.0,0.0,21087.84,25938.302612480446,18.7,0.0,0.20928702222025075,0.9443907486930772,1
4.0,2.0,75595.11,127029.25405570204,40.49,2.0,3.4445263438324076,0.857911585506892,2
2.0,1.0,108248.1,146796.9880332299,26.26,1.0,1.7973314669946352,0.34509524426871774,1
5.0,2.0,150544.36,128024.79402827467,17.59,2.0,3.2620623362059264,0.7990651988842092,2
0.0,0.0,137637.59,110676.73642391255,24.36,0.0,0.08009781632719654,0.4763548711790883,1
8.0,1.0,117071.57,119876.68086435506,2.34,4.0,5.135515956890111,0.47843118757908437,2
6.0,1.0,96848.71,141014.42236151983,31.32,3.0,4.433583388409514,0.6830667715367469,2
8.0,2.0,107039.75,174020.07329113054,38.49,4.0,5.389978605741387,0.7874105958614044,2
1.0,1.0,83224.96,73905.48241409031,12.61,0.0,0.22371168222454063,0.41145947575587816,1
2.0,0.0,149437.31,97334.27528391685,53.53,1.0,1.954511077134145,0.5201580366747564,2
2.0,0.0,119166.51,130822.82145726247,8.91,1.0,1.9095893515434268,0.8012847029750394,1
5.0,1.0,98146.02,69701.03094202503,40.81,2.0,3.0560421665645023,0.40640139524695723,2
1.0,1.0,32391.77,43968.744529872114,26.33,0.0,0.3029652469011515,0.8947959334447728,1
1.0,1.0,104606.34,193572.06378784528,45.96,0.0,0.3994216033704045,0.6192299559136982,1
3.0,1.0,38125.17,46998.48887128509,18.88,1.0,1.9041720639670872,0.7101931751459596,1
0.0,0.0,61267.8,54219.28812642764,13.0,0.0,0.04567058895506315,0.3562788788628459,1
2.0,0.0,130815.65,127550.35909169256,2.56,1.0,1.6123055847651808,0.9681508710109197,1
0.0,0.0,25878.17,24699.97888508553,4.77,0.0,0.20651965840445885,0.9352725784799256,0
0.0,0.0,11607.39,16469.05422488925,29.52,0.0,0.12581554722059657,0.43305510128404456,1
5.0,2.0,22222.42,22162.584723016233,0.27,2.0,3.0544690733489976,0.764171593570228,1
3.0,0.0,41805.19,33420.09269929598,25.09,1.0,1.8144002148304808,0.855182053112626,1
3.0,0.0,92005.14,91547.40380549556,0.5,1.0,1.753736725768865,0.3853771812852203,1
5.0,2.0,202344.88,167559.52225825333,20.76,2.0,3.077494877149277,0.704217491586485,2
5.0,2.0,98359.26,74974.65968815019,31.19,3.0,4.293190998138538,0.895317751096879,2
3.0,2.0,109696.12,91230.96878300975,20.24,1.0,1.5310074767032322,0.6546998682085003,1
4.0,0.0,136216.79,124047.70763881473,9.81,2.0,3.1915205296366556,0.9466497379473673,1
7.0,2.0,73197.74,67407.44086851462,8.59,4.0,5.396258981770194,0.33346132784442883,2
4.0,1.0,73736.54,92182.19696591629,20.01,2.0,3.4450248182826013,0.9434474780815716,2
8.0,2.0,37304.47,83399.22050422855,55.27,4.0,5.122617316399778,0.9840526334093351,2
6.0,2.0,82828.45,74957.87291350379,10.5,3.0,4.429754399494607,0.4091594706811814,2
1.0,1.0,102598.23,83794.70220158712,22.44,0.0,0.44587889006379766,0.6016651376263631,1
3.0,0.0,10025.4,12112.364978292033,17.23,1.0,1.8034411523019698,0.7345354458629335,1
4.0,2.0,144673.91,178389.52694310108,18.9,2.0,3.49108894881239,0.9252668018021257,2
7.0,1.0,244032.78,195695.89151525125,24.7,4.0,5.123087911196404,0.4116683210228167,2
3.0,1.0,180533.66,173874.27636906627,3.83,1.0,1.5344871160511468,0.533819570649566,1
0.0,0.0,4553.98,11091.032070305915,58.94,0.0,0.4217215759417783,0.8585508681907137,2
5.0,2.0,124073.49,152668.25387197817,18.73,2.0,3.245465329599777,0.5870031938983409,2
0.0,0.0,114834.92,118889.03279147558,3.41,0.0,0.1732269395509109,0.7234604323421083,0
5.0,2.0,30395.26,27893.23309147256,8.97,3.0,4.027616415745451,0.692003866251663,2
4.0,1.0,269218.32,187243.23562712353,43.78,2.0,3.0323122394105244,0.981220186973617,2
5.0,0.0,113292.01,157481.254552301,28.06,3.0,4.045358225340946,0.39907185674177226,2
8.0,0.0,14000.82,37606.29442513779,62.77,4.0,5.091821260277827,0.9639083934613308,2
5.0,1.0,109622.77,193167.87164176424,43.25,2.0,3.485200462111778,0.6949055009815164,2
5.0,2.0,21005.05,33977.76303402161,38.18,2.0,3.140702071031075,0.9329065806387282,2
6.0,1.0,86923.76,96389.17691676386,9.82,3.0,4.408523650226132,0.38255949579432724,2
5.0,0.0,38846.45,40205.389205242864,3.38,3.0,4.0097068901997215,0.7490521097159213,2
7.0,1.0,23588.04,38536.25106100184,38.79,4.0,5.160907530549101,0.8880770254411805,2
0.0,0.0,204507.88,193883.09029117593,5.48,0.0,0.4530962164930223,0.8508170509895201,0
5.0,0.0,171894.29,118703.32846454464,44.81,2.0,3.0925203914407438,0.30695682577397204,2
0.0,0.0,57294.13,59243.234361670475,3.29,0.0,0.14201176020673806,0.6165438263485404,0
7.0,2.0,135274.64,157515.88046464135,14.12,4.0,5.413257440856524,0.38074270705798635,2
5.0,0.0,98814.15,176296.43586747642,43.95,2.0,3.0606958432260365,0.40697757544441615,2
3.0,1.0,120727.38,184344.74798967797,34.51,1.0,1.5265915953861922,0.7944013969865957,2
1.0,1.0,190544.32,187267.1444837057,1.75,0.0,0.4829883774936221,0.969605670671903,0
2.0,1.0,102099.56,182060.5476535061,43.92,1.0,1.702395879343588,0.7438682088282411,2
6.0,2.0,161763.04,131397.15522604843,23.11,3.0,4.328935634889057,0.3716639425631916,2
1.0,0.0,51091.73,75068.66346334084,31.94,0.0,0.06355795570067574,0.47079761429861056,1
0.0,0.0,191972.58,185857.8587133876,3.29,0.0,0.11008869893343165,0.5652120781967402,0
8.0,1.0,31550.73,33274.340320073345,5.18,4.0,5.229990379079962,0.3877502858233712,2
6.0,0.0,36779.31,42071.96485965533,12.58,3.0,4.3375766087143885,0.8935776716625432,2
0.0,0.0,74468.62,92427.23269418183,19.43,0.0,0.14662395556329572,0.43615362825454096,1
0.0,0.0,65155.1,63896.33902050451,1.97,0.0,0.4423168755200209,0.3906857540636215,0
7.0,1.0,93260.89,126989.23470253556,26.56,4.0,5.390572001811627,0.8079792705073203,2
6.0,2.0,198260.62,182007.3653632784,8.93,3.0,4.27577894542927,0.38878264588589984,2
4.0,0.0,181935.16,103295.95201076505,76.13,2.0,3.2296055917198236,0.5872236130039595,2
3.0,1.0,131495.13,115235.41274952113,14.11,1.0,1.8097712713712544,0.660855813325819,1
1.0,1.0,110806.69,90395.40850640756,22.58,0.0,0.3658315832235226,0.3561605055864281,1
0.0,0.0,181500.97,144438.14039542835,25.66,0.0,0.06747514764535995,0.6890517428479701,1
6.0,1.0,30666.06,29130.868170780628,5.27,3.0,4.426320681280442,0.6361148017849848,2
1.0,1.0,10964.21,19232.078326046692,42.99,0.0,0.24470139182887257,0.7678913951088685,1
1.0,0.0,141558.79,131854.31014230094,7.36,0.0,0.4676719949047758,0.453402150981567,1
5.0,1.0,164794.83,111626.92357928886,47.63,3.0,4.477771198057058,0.5496404008443196,2
7.0,0.0,83867.15,87398.02551368176,4.04,4.0,5.015358410509043,0.7617587373419848,2
6.0,1.0,98272.92,73458.60195704267,33.78,3.0,4.192240487884448,0.3249176355687447,2
2.0,0.0,21734.49,19843.41436819385,9.53,1.0,1.7631117066231328,0.38105645995557563,1
2.0,2.0,118256.58,139305.6708586596,15.11,1.0,1.7697977440636854,0.4984862819205586,1
3.0,0.0,38193.42,90078.83180593628,57.6,1.0,1.9111966834235046,0.3744494617350316,2
2.0,2.0,69105.98,94600.92750872717,26.95,1.0,1.5705519937143841,0.3276587283037158,1
5.0,2.0,172995.75,179754.52176825944,3.76,2.0,3.3112413448474616,0.991167695853379,1
2.0,1.0,122974.84,150134.09767946097,18.09,1.0,1.9712984939226312,0.6190319875275501,1
4.0,2.0,40450.71,51694.198251725385,21.75,2.0,3.4983455969021433,0.6735788035697355,2
7.0,2.0,158961.41,134861.6343391387,17.87,4.0,5.0050427704898715,0.478433427467436,2
7.0,0.0,27892.04,35128.51051569496,20.6,4.0,5.486283641449221,0.30538106934433557,2
0.0,0.0,41153.73,46872.1348919072,12.2,0.0,0.06110501389014805,0.8255069297857283,0
2.0,1.0,63767.79,145688.35573916257,56.23,1.0,1.7684752688596812,0.8066270875597965,2
0.0,0.0,37446.77,33919.179467480535,10.4,0.0,0.12318490464171983,0.9807785200225776,1
3.0,2.0,79204.16,63236.8507604858,25.25,1.0,1.8031955186970166,0.3147714576833676,2
1.0,1.0,197195.35,180631.45091687248,9.17,0.0,0.01851329585019884,0.3959145140734542,1
0.0,0.0,180411.07,150279.9408734937,20.05,0.0,0.11916634033639695,0.7984987341349951,1
5.0,0.0,149277.85,186597.30835179376,20.0,3.0,4.150287816599486,0.5310515461397889,2
2.0,0.0,250289.89,177548.33497262865,40.97,1.0,1.957803591039842,0.34464119205730903,2
7.0,0.0,46130.53,69390.09017530938,33.52,4.0,5.291814773424231,0.5106706953285736,2
1.0,1.0,110902.27,130151.71255139695,14.79,0.0,0.3541048611798618,0.36140184784601176,1
1.0,1.0,67962.94,81952.17884313692,17.07,0.0,0.33800759165853517,0.8863240289277978,1
2.0,1.0,98532.54,142449.82300896084,30.83,1.0,1.6961441682995915,0.9138532087832196,1
1.0,1.0,49907.86,76206.83411367347,34.51,0.0,0.007010534281042813,0.7458229453909522,1
1.0,0.0,8892.14,10250.300657211248,13.25,0.0,0.05351038163310046,0.5699180792261603,1
7.0,1.0,28424.72,27848.26088263924,2.07,4.0,5.22940424220185,0.8381524720153837,2
1.0,1.0,187587.37,156492.34198232705,19.87,0.0,0.4706473894339501,0.7421131843373976,1
0.0,0.0,33388.44,25960.996506729593,28.61,0.0,0.12437890371677057,0.8543873854359301,1
5.0,0.0,66752.1,123890.30981564606,46.12,2.0,3.349159359809227,0.6576351482688991,2
3.0,2.0,191867.11,172977.91734824656,10.92,1.0,1.9132979215506785,0.9708414331434785,1
4.0,0.0,112895.79,150809.2350000014,25.14,2.0,3.45339264209138,0.5030235861419468,2
3.0,1.0,89996.79,88553.37101571274,1.63,1.0,1.6467432060038505,0.7229294492151588,1
6.0,1.0,51118.88,49634.80090569907,2.99,3.0,4.465641587280377,0.8656368202175289,2
0.0,0.0,173794.63,185282.12267094725,6.2,0.0,0.3039911302690897,0.9257109732181139,1
2.0,1.0,90046.76,117615.93953916137,23.44,1.0,1.7542033920588869,0.9627238029232503,1
5.0,0.0,105132.01,87029.81126074061,20.8,2.0,3.3891963159304423,0.5765076808519427,2
7.0,1.0,198213.72,188990.96281442288,4.88,4.0,5.119356306680732,0.7895399104195371,2
2.0,1.0,45234.07,50853.37133566306,11.05,1.0,1.906290115770482,0.5031379853862824,1
5.0,1.0,91504.05,94033.55576618809,2.69,2.0,3.3249813472208682,0.7545655153301303,1
0.0,0.0,26073.86,30642.68474106621,14.91,0.0,0.3996830644226751,0.4289584135973217,1
1.0,0.0,32071.24,33727.24957091226,4.91,0.0,0.42786109752472956,0.5950158293475942,0
1.0,1.0,29620.85,85733.28863939867,65.45,0.0,0.3086737215118908,0.9441659529773414,2
6.0,0.0,149439.03,142935.46763716883,4.55,3.0,4.018367554004235,0.8676344220049024,2
1.0,1.0,66013.55,74389.84938929485,11.26,0.0,0.1488738300658327,0.6475543042047791,1
6.0,0.0,116147.05,141023.61479457043,17.64,3.0,4.439009872480793,0.40279172823416176,2
1.0,1.0,204547.67,162986.1891579546,25.5,0.0,0.31347825548034874,0.5790001202548918,1
8.0,0.0,210338.04,176739.8037841339,19.01,4.0,5.445028181310288,0.3970752850122306,2
5.0,1.0,22044.37,18496.705770210014,19.18,3.0,4.1922642510246435,0.3479693467066173,2
1.0,1.0,165440.4,157009.01444488738,5.37,0.0,0.2523637279036623,0.9345579684116401,0
0.0,0.0,28145.12,37957.00322256344,25.85,0.0,0.43129622108545695,0.6440020304273091,1
1.0,0.0,97315.09,142669.8357268735,31.79,0.0,0.3810156788791814,0.3625720989964237,1
7.0,0.0,74908.26,80615.86846400032,7.08,4.0,5.188750565643635,0.8016680139763732,2
0.0,0.0,140334.13,144480.72656202374,2.87,0.0,0.011315143020727614,0.3519270507832811,1
4.0,0.0,61946.72,50626.6064565194,22.36,2.0,3.440169781578853,0.5773157920005632,2
3.0,2.0,102592.34,132548.2365911891,22.6,1.0,1.8931784232414097,0.4612033799687755,1
5.0,2.0,39923.33,33847.676541768706,17.95,3.0,4.224580415358232,0.4152411982387514,2
2.0,2.0,42813.6,42251.65405479332,1.33,1.0,1.773120243570093,0.6734844456035042,1
5.0,2.0,181921.07,126747.76578126634,43.53,2.0,3.1021560085670274,0.8037827292820532,2
8.0,1.0,58678.76,73986.58341356853,20.69,4.0,5.206050544917934,0.6410328143444517,2
1.0,0.0,109124.95,143717.8338916236,24.07,0.0,0.08159771350572692,0.8745617184246917,1
5.0,1.0,123653.04,140180.2927265106,11.79,3.0,4.105284786795418,0.9421708478770345,2
1.0,0.0,121282.17,128110.4581484649,5.33,0.0,0.42318474666171374,0.8650267731733683,0
3.0,2.0,147344.44,148802.70283452037,0.98,1.0,1.6812361888890845,0.9695441586004596,1
7.0,1.0,174664.51,160847.69572609614,8.59,4.0,5.407361661463181,0.9503251800401142,2
5.0,1.0,180093.16,183170.42366964655,1.68,2.0,3.2369499320238893,0.882761787160856,1
4.0,2.0,25674.95,25298.00760153443,1.49,2.0,3.035388887952886,0.5048428204222208,1
0.0,0.0,105335.47,118594.31280790546,11.18,0.0,0.18076359430310057,0.4220324453135819,1
3.0,1.0,122834.27,152267.59838787618,19.33,1.0,1.5791367273055075,0.8089079586778924,1
2.0,0.0,37369.29,51218.876767276684,27.04,1.0,1.8467882073131712,0.8918703239908052,1
4.0,0.0,28475.71,60088.01716561973,52.61,2.0,3.4556970234087347,0.8761864630448479,2
2.0,0.0,57602.05,60723.22542372996,5.14,1.0,1.8815377820566719,0.7505357084956491,1
3.0,1.0,104826.55,118743.26458015846,11.72,1.0,1.889218804323023,0.8809077153262437,1
2.0,2.0,87903.64,79572.40800847535,10.47,1.0,1.9309332733468831,0.795016336090703,1
0.0,0.0,186210.49,136558.0006231038,36.36,0.0,0.3883323253909574,0.7657561029120419,1
3.0,1.0,141676.14,125945.5395739079,12.49,1.0,1.7842866262033459,0.3326035483602933,1
1.0,0.0,131399.06,134851.24828957923,2.56,0.0,0.3571381447300012,0.6223321695593748,0
7.0,0.0,42441.3,57940.34719375301,26.75,4.0,5.207977376947996,0.3236922795126696,2
5.0,0.0,168732.01,155800.5614063694,8.3,2.0,3.035393987949397,0.364659033564832,1
0.0,0.0,176458.5,136166.75464605185,29.59,0.0,0.35278989767239366,0.6787032571931729,1
5.0,1.0,39068.4,34823.42639997567,12.19,2.0,3.3608304820450714,0.3332353237259586,2
6.0,1.0,37393.57,48032.84195772261,22.15,3.0,4.111861295214503,0.9392542679009723,2
1.0,1.0,47014.93,67183.37779822836,30.02,0.0,0.4769707819126528,0.6152386700165347,1
0.0,0.0,191548.49,187847.88648935893,1.97,0.0,0.026255716319746603,0.7899766548001843,0
1.0,0.0,71840.86,72006.47408480433,0.23,0.0,0.36797952413894175,0.40345662772412993,0
1.0,1.0,15105.13,13777.025706410655,9.64,0.0,0.48423919431366275,0.8933166750734733,1
5.0,1.0,12035.99,36908.89015518148,67.39,3.0,4.15457488884999,0.6346468414329085,2
7.0,0.0,14449.82,16112.64649365444,10.32,4.0,5.45623270905419,0.6911431437290041,2
1.0,1.0,76812.42,86539.45638721115,11.24,0.0,0.4132181266152346,0.7539389259049424,1
5.0,1.0,130523.57,161459.14618424376,19.16,3.0,4.372054732635617,0.6779287770138172,2
1.0,1.0,108190.17,95582.79831191064,13.19,0.0,0.476895783903931,0.6942309855783917,1
4.0,0.0,132528.57,169408.88561069788,21.77,2.0,3.327028537404201,0.821166330269173,2
6.0,2.0,21828.07,19030.571058540103,14.7,3.0,4.247440326182867,0.8645299595580338,2
3.0,1.0,100607.03,99247.34418750515,1.37,1.0,1.8378405109010327,0.5143162443929763,1
0.0,0.0,123838.3,159544.32070458998,22.38,0.0,0.2059118962887187,0.9454345065343757,1
4.0,1.0,98659.0,138197.22135425062,28.61,2.0,3.1624435867064427,0.5477276753670273,2
7.0,2.0,216628.8,172036.85205668872,25.92,4.0,5.041122812515764,0.49062792433848873,2
1.0,0.0,70619.56,62028.59754281927,13.85,0.0,0.18900428920519785,0.5180012954884505,1
1.0,1.0,41707.11,105161.65129472924,60.34,0.0,0.40159752924284287,0.5509606101714802,2
0.0,0.0,199774.17,138606.92988502333,44.13,0.0,0.4727178941282737,0.521851424066719,1
5.0,2.0,50436.72,42013.09167016964,20.05,2.0,3.487575858786521,0.8906251238193568,2
5.0,0.0,175167.48,165003.27578863702,6.16,2.0,3.1032629354800076,0.6928068763625874,1
5.0,1.0,97556.66,69179.30965028482,41.02,3.0,4.2857158809879765,0.977351767356148,2
6.0,1.0,26746.8,27728.387743982003,3.54,3.0,4.287874079183755,0.3587689027630086,2
7.0,1.0,149139.53,155483.24522957252,4.08,4.0,5.088023772277668,0.7297861218348014,2
6.0,2.0,99759.72,143953.41614907625,30.7,3.0,4.290814101384719,0.367217008133106,2
0.0,0.0,250606.54,177899.15312404343,40.87,0.0,0.1813814201588938,0.6211950592763698,1
4.0,1.0,186961.16,179494.20163305357,4.16,2.0,3.471203217983077,0.5679145157733714,1
0.0,0.0,68626.73,62919.89907049973,9.07,0.0,0.1276011001128582,0.7765424405783771,0
2.0,2.0,141932.95,131858.92729138577,7.64,1.0,1.9174805977541747,0.8218113692968372,1
7.0,1.0,175793.41,199833.36927267848,12.03,4.0,5.448427814156361,0.4666655564459885,2
5.0,2.0,56610.49,56323.2442076037,0.51,2.0,3.367936127766433,0.4356003715303326,1
7.0,1.0,145706.1,99846.56702613743,45.93,4.0,5.107338638944732,0.5936573027690735,2
3.0,1.0,161894.47,182931.6092816966,11.5,1.0,1.6301845341832344,0.46939111035201186,1
4.0,1.0,28389.89,29585.1318900533,4.04,2.0,3.485558932734871,0.7736368049848499,1
2.0,0.0,278321.2,186367.48053567702,49.34,1.0,1.537914533060572,0.6623883548340146,2
1.0,0.0,102554.34,102749.56296673749,0.19,0.0,0.05854295360206302,0.8788839125519785,0
0.0,0.0,137327.7,179677.7498286803,23.57,0.0,0.4892848671890116,0.986890429595072,1
4.0,0.0,129686.94,128060.56805710722,1.27,2.0,3.38844738709536,0.5646755051643328,1
1.0,1.0,126305.55,137572.75393438488,8.19,0.0,0.3731919255301054,0.938397702233069,0
7.0,1.0,139815.82,156867.2927713187,10.87,4.0,5.0801038805728504,0.8440205660080351,2
1.0,1.0,22603.39,22755.85747699193,0.67,0.0,0.24446941576320952,0.40438638805377436,0
0.0,0.0,88554.05,129275.9844175315,31.5,0.0,0.4203813012422809,0.8851498150344035,1
6.0,2.0,109677.47,185548.07650665316,40.89,3.0,4.164435350604611,0.6370551186119151,2
0.0,0.0,179071.22,191663.50755239182,6.57,0.0,0.09638256620720526,0.7964126098401347,0
7.0,2.0,261059.73,193981.07436063702,34.58,4.0,5.005472658884067,0.7918281230237894,2
6.0,1.0,130080.62,132708.247060908,1.98,3.0,4.31127124243038,0.920175922791405,2
1.0,1.0,103829.53,130324.50114372435,20.33,0.0,0.14690515514089725,0.8328152924149235,1
5.0,1.0,85858.37,114968.3626876858,25.32,2.0,3.4318362134392704,0.8772366166825243,2
4.0,1.0,133801.66,125435.13823882096,6.67,2.0,3.14175904337977,0.5246383573960445,2
5.0,2.0,100587.24,126302.40677280052,20.36,3.0,4.075787906092252,0.9811962681733977,2
6.0,2.0,17176.36,18057.571019120845,4.88,3.0,4.480223756002159,0.7631145134187487,2
5.0,0.0,34999.6,26885.544327349962,30.18,3.0,4.482388506127255,0.8415841511350661,2
4.0,2.0,144607.96,127689.14863520738,13.25,2.0,3.34251191417637,0.9012168998588956,1
2.0,2.0,56660.04,69701.12170731221,18.71,1.0,1.9641928512981357,0.38664825358762933,1
5.0,2.0,59494.33,67270.84215188114,11.56,2.0,3.0809167906243915,0.5354876121425804,2
7.0,2.0,49119.46,46753.72146984426,5.06,4.0,5.230170429985147,0.8851551800406052,2
4.0,2.0,167020.73,162203.29419247687,2.97,2.0,3.102079445482139,0.9453873937925821,1
4.0,0.0,195695.66,193222.41570691968,1.28,2.0,3.2393916290975144,0.8292653954370106,1
2.0,0.0,167022.03,129274.0206073608,29.2,1.0,1.8955889993734027,0.6376162520854607,1
5.0,0.0,78355.03,189629.78016522017,58.68,3.0,4.422463923500032,0.4757855845243192,2
7.0,0.0,176585.66,177937.98973697363,0.76,4.0,5.00208219713385,0.6675192429487671,2
0.0,0.0,52429.11,51406.12590227593,1.99,0.0,0.19475169834993117,0.5781101573261113,0
0.0,0.0,25738.56,39169.92122360556,34.29,0.0,0.4970343435562378,0.9199415574046259,1
5.0,0.0,58630.32,50201.48925043653,16.79,2.0,3.2946574809075173,0.6970855063988896,2
3.0,0.0,33401.25,28279.782934459225,18.11,1.0,1.648097964848976,0.5744464462990887,1
4.0,1.0,131529.75,120747.04172752214,8.93,2.0,3.1944971300208813,0.6489359443538929,2
0.0,0.0,34259.75,63703.50813913695,46.22,0.0,0.16128187331689642,0.9534972806062973,1
2.0,0.0,229776.35,183454.17200277167,25.25,1.0,1.7237992150152173,0.729280934971966,1
4.0,1.0,144719.69,126547.47691317479,14.36,2.0,3.2222433167958178,0.460285580080943,2
4.0,1.0,70869.37,78326.00559605895,9.52,2.0,3.253431652598732,0.6500543053277705,1
5.0,2.0,205201.49,197081.72007323249,4.12,2.0,3.2322530035961616,0.6259607658959738,1
5.0,0.0,95591.7,191106.95421945537,49.98,3.0,4.258056842478242,0.5172829925746047,2
5.0,2.0,189603.24,157936.89470874806,20.05,2.0,3.0139944751625913,0.815409658239415,2
5.0,0.0,190482.59,160419.8983335306,18.74,3.0,4.027213448238622,0.48780086461555494,2
4.0,0.0,127192.86,195681.32498965308,35.0,2.0,3.185571986603989,0.6447842964735441,2
4.0,0.0,141669.77,124086.68230159246,14.17,2.0,3.442470782120984,0.6087326920545473,2
4.0,2.0,174722.92,177203.77137305235,1.4,2.0,3.395416151700792,0.6268038670720477,1
0.0,0.0,30289.0,22317.26723699823,35.72,0.0,0.055076820955781924,0.6967428902316413,1
0.0,0.0,102926.26,115271.87869632123,10.71,0.0,0.24741547937167402,0.7783080862403184,1
4.0,2.0,112576.78,105478.10449898169,6.73,2.0,3.302293635489078,0.40009988988002987,1
8.0,2.0,14889.4,17167.53382196131,13.27,4.0,5.240594621417545,0.5018275711926812,2
5.0,0.0,23592.97,26520.87721158528,11.04,2.0,3.3487833184895304,0.8409857370606946,1
0.0,0.0,16301.52,14149.395563205899,15.21,0.0,0.4986315790447606,0.9354217466706336,1
5.0,0.0,55443.35,65862.8508524248,15.82,2.0,3.0482370649685855,0.33125989022626584,2
0.0,0.0,22677.94,20167.133608092518,12.45,0.0,0.2577670157285011,0.35135590257073723,1
5.0,0.0,100181.66,90400.34010455229,10.82,3.0,4.256185731481277,0.9536807766042981,2
5.0,1.0,186306.36,164421.8181608543,13.31,3.0,4.281189398865341,0.40355862621050503,2
4.0,1.0,90830.02,126627.66360293172,28.27,2.0,3.083483727991479,0.9855023913759757,2
5.0,2.0,128344.88,138020.08333636058,7.01,2.0,3.3191788954946095,0.8797554922557529,1
3.0,1.0,21471.16,15986.270550830819,34.31,1.0,1.522170461294388,0.384493098513359,2
3.0,1.0,245094.52,169510.00844861477,44.59,1.0,1.870561743465911,0.37176753725614503,2
8.0,2.0,44753.43,37776.172082768244,18.47,4.0,5.331579762820056,0.9841078509054118,2
6.0,2.0,116794.84,67503.66644617252,73.02,3.0,4.165211834206332,0.47837595977758784,2
4.0,1.0,79942.21,108190.84003734343,26.11,2.0,3.4944946805500248,0.6770670411589328,2
2.0,1.0,202661.5,186698.75189250012,8.55,1.0,1.914389191335589,0.46536499221899796,1
0.0,0.0,156424.48,199648.3419909579,21.65,0.0,0.2697678175220116,0.7204721591914997,1
1.0,1.0,182066.98,158705.52988806786,14.72,0.0,0.4952552049678033,0.888019980737714,1
0.0,0.0,163976.38,148569.70250821917,10.37,0.0,0.41504532186414,0.759836430478444,1
3.0,1.0,74502.44,110259.64283528604,32.43,1.0,1.5689886400683073,0.3326316612612487,2
8.0,2.0,141927.96,136469.19421984078,4.0,4.0,5.295530302094713,0.7166325405436249,2
4.0,2.0,49455.28,37440.59333138721,32.09,2.0,3.290428818341475,0.7627116442199764,2
0.0,0.0,68705.06,61147.26290922137,12.36,0.0,0.32647258585974986,0.4406286008968028,1
1.0,0.0,212316.59,197082.14406444607,7.73,0.0,0.4703782957887143,0.8334825305185558,1
2.0,0.0,176984.87,196126.8543976523,9.76,1.0,1.7460159566529214,0.7388253587404597,1
5.0,1.0,61345.14,71364.75498593447,14.04,3.0,4.038690731841908,0.306683023923838,2
2.0,2.0,44354.81,55799.22878859627,20.51,1.0,1.7396656802626747,0.9653885511140023,1
6.0,2.0,40249.21,53608.43421530951,24.92,3.0,4.393897193457572,0.6119057132515646,2
5.0,2.0,95445.31,102124.23286579792,6.54,3.0,4.179304387396775,0.4626652706112971,2
1.0,0.0,50215.46,52515.65016031006,4.38,0.0,0.013552452960470918,0.36033841934179156,0
4.0,1.0,113765.06,133214.36018463192,14.6,2.0,3.1516216109533213,0.5621002577209251,1
8.0,2.0,26540.48,24215.764157247693,9.6,4.0,5.341074972351481,0.5154383777361004,2
3.0,2.0,21273.16,29698.672259653078,28.37,1.0,1.5430047140429408,0.5085671990463465,1
0.0,0.0,49993.82,62617.51223780211,20.16,0.0,0.18798240434462427,0.8552407989275597,1
8.0,2.0,167224.38,157714.21434190136,6.03,4.0,5.066565417500418,0.7521448088509602,2
7.0,0.0,83252.99,71425.01241798227,16.56,4.0,5.237964295865595,0.3931371076517026,2
4.0,0.0,68156.64,99455.1886339318,31.47,2.0,3.070756745886044,0.7956518725866093,2
5.0,2.0,89075.16,134758.1887417445,33.9,2.0,3.054518487504855,0.8064374037892781,2
0.0,0.0,183684.1,159822.58517486503,14.93,0.0,0.34889939596425135,0.6599880411825993,1
6.0,2.0,62233.33,68350.71403268402,8.95,3.0,4.079000794318505,0.9970369107477639,2
3.0,1.0,178467.48,148884.1881212022,19.87,1.0,1.5773978972919138,0.498435491189673,1
0.0,0.0,55858.24,64352.80682675319,13.2,0.0,0.2962595877330555,0.3409189467962688,1
4.0,1.0,146673.56,132448.5795896551,10.74,2.0,3.0217969057829244,0.32016434710447933,1
8.0,1.0,61896.7,95667.2267509914,35.3,4.0,5.016496314400096,0.5243836405383167,2
5.0,1.0,208553.85,186059.28567661447,12.09,3.0,4.215723134473553,0.6485425804585565,2
0.0,0.0,204520.63,196597.74338201416,4.03,0.0,0.18254774161227966,0.3547617413643173,1
0.0,0.0,131400.26,157083.3904611555,16.35,0.0,0.2723097010827477,0.6960590264231119,1
7.0,1.0,172000.63,183938.22377225204,6.49,4.0,5.496742308645124,0.9306093956724084,2
8.0,1.0,46058.92,35935.80598459631,28.17,4.0,5.217353248012896,0.8578039703172964,2
4.0,2.0,100599.9,134348.15193410375,25.12,2.0,3.2880291887285957,0.7707279947478438,2
5.0,1.0,37655.95,47689.90889875756,21.04,2.0,3.4596218130895133,0.7632121861808301,2
3.0,1.0,82231.6,62624.015944765175,31.31,1.0,1.7415895515106918,0.8112103960829748,2
3.0,0.0,107269.96,109336.41583096936,1.89,1.0,1.890560262786069,0.6459444689973568,1
1.0,0.0,125703.93,150977.5811183598,16.74,0.0,0.274326267971366,0.5812598726614846,1
1.0,1.0,161851.1,147083.8740971408,10.04,0.0,0.31860362391182717,0.5146588521799873,1
0.0,0.0,173655.54,175197.27497183823,0.88,0.0,0.46625122013858533,0.369732855358382,0
5.0,2.0,106135.78,116262.22190405155,8.71,3.0,4.000351884158844,0.6935137815125352,2
1.0,1.0,224675.57,186005.10414401905,20.79,0.0,0.4504699446259878,0.6307626589254747,1
0.0,0.0,126768.95,178698.83318052872,29.06,0.0,0.2488460098285194,0.3832320267369531,1
5.0,1.0,124892.95,171320.92300129318,27.1,2.0,3.303382184620777,0.4877888239910877,2
0.0,0.0,69498.47,53608.82048282636,29.64,0.0,0.2250289859812557,0.8510420371263256,1
1.0,1.0,74775.03,110975.11870556735,32.62,0.0,0.13045931467616179,0.478922834257813,1
5.0,2.0,136470.25,149884.95343827963,8.95,2.0,3.0330035950584615,0.5980034001321888,2
2.0,1.0,158556.73,195459.47649047207,18.88,1.0,1.9725628547416347,0.41291535910030713,1
5.0,2.0,11696.37,12212.982010050953,4.23,2.0,3.311938103137368,0.41889262839677893,1
7.0,2.0,87144.9,72151.76144956876,20.78,4.0,5.436735368730905,0.8294420030498648,2
0.0,0.0,64907.76,75046.5479913112,13.51,0.0,0.1454041415274399,0.3466719408016465,1
8.0,0.0,60685.95,64821.56825855278,6.38,4.0,5.138999474599394,0.4995183007504323,2
8.0,0.0,130694.57,165310.61695495958,20.94,4.0,5.167892222353645,0.9865911429941929,2
6.0,2.0,19213.3,18563.572962246773,3.5,3.0,4.115519114469704,0.6331250397221356,2
4.0,1.0,89504.1,78292.60250160804,14.32,2.0,3.248985356692316,0.7243493399143637,2
4.0,0.0,119516.12,145220.0755724467,17.7,2.0,3.468120773580601,0.7485527205365547,2
4.0,0.0,96235.53,87280.54663032686,10.26,2.0,3.438031335814991,0.4372970755140889,2
5.0,2.0,36602.22,37372.080901527384,2.06,2.0,3.247550226980995,0.5585394657777216,1
0.0,0.0,82709.26,126061.96982422662,34.39,0.0,0.17438123291301244,0.5804946464336405,1
8.0,0.0,132444.83,109295.94491478757,21.18,4.0,5.305843901381779,0.46147824062899867,2
5.0,1.0,220154.96,196549.37886201506,12.01,2.0,3.306129066739521,0.4637886683576722,2
5.0,1.0,212803.53,152219.98163302976,39.8,3.0,4.341882044502007,0.7255085145513478,2
3.0,2.0,266592.3,197373.43769067997,35.07,1.0,1.7678000129157274,0.3759329137081296,2
0.0,0.0,47459.4,45407.00181204032,4.52,0.0,0.013377630103351246,0.39040181254947304,0
4.0,1.0,181776.09,154703.05176280145,17.5,2.0,3.038023258673647,0.7013114341986115,2
4.0,0.0,142813.73,114811.26174298416,24.39,2.0,3.486887492702419,0.6145366469890605,2
3.0,2.0,163069.16,145376.80484823132,12.17,1.0,1.8731176475665936,0.7283534260783389,1
3.0,1.0,55090.51,98834.77787649898,44.26,1.0,1.9741234493011113,0.3188716600646709,2
1.0,1.0,52156.94,50354.25574545422,3.58,0.0,0.16976280050915166,0.7934410090935273,0
5.0,1.0,22388.71,18689.966058373655,19.79,2.0,3.267474709156647,0.8949227492859144,2
3.0,0.0,246667.19,169274.76889207205,45.72,1.0,1.6609759595433247,0.6668982091119893,2
8.0,2.0,235732.87,164813.58623146528,43.03,4.0,5.454467523391144,0.8885882237148293,2
1.0,0.0,46364.9,40882.549419403906,13.41,0.0,0.14386669158304666,0.5797638569107625,1
2.0,2.0,111583.01,132584.3709133297,15.84,1.0,1.8469056519357432,0.3552469811712478,1
0.0,0.0,141759.92,150169.40310111066,5.6,0.0,0.08752778744556633,0.5642809193633964,0
5.0,0.0,50089.86,115948.74912242622,56.8,2.0,3.0526257255383364,0.6124578718251283,2
3.0,2.0,68664.23,70273.49158826,2.29,1.0,1.5778172821531706,0.9058763914068959,1
5.0,0.0,222948.57,177379.72141530085,25.69,2.0,3.264727633308077,0.534301559215629,2
8.0,1.0,78485.47,132063.7211328718,40.57,4.0,5.422270520254599,0.5205705777302414,2
1.0,1.0,216385.38,146841.3272826316,47.36,0.0,0.49963986258645293,0.9216122041390669,1
5.0,1.0,160722.28,133901.76060544307,20.03,2.0,3.3113415219138904,0.47567620228653007,2
1.0,1.0,115636.07,147044.8476011667,21.36,0.0,0.2668017659235832,0.7497125749206772,1
0.0,0.0,36195.47,37562.75753754437,3.64,0.0,0.3934412952325863,0.5286435990448676,0
3.0,1.0,241788.75,185292.93567914955,30.49,1.0,1.5318721012772794,0.9660191227792172,1
1.0,1.0,91350.34,64304.051612115305,42.06,0.0,0.40469861767296994,0.4327374482793801,1
5.0,0.0,167103.23,168944.732375692,1.09,2.0,3.3791897704959135,0.8067567987122766,1
5.0,2.0,174206.91,179742.9987784137,3.08,2.0,3.264770763052477,0.6850448764861392,1
5.0,0.0,186984.76,133732.48526540783,39.82,3.0,4.0114934878732,0.9850954738187494,2
4.0,0.0,124171.85,123677.14479686158,0.4,2.0,3.101098490262332,0.9958395064595378,1
5.0,2.0,33794.15,30719.160122600395,10.01,2.0,3.184856299702156,0.8555886702967503,1
3.0,0.0,75448.08,92882.03295512938,18.77,1.0,1.9706111129644728,0.3724192459293324,1
0.0,0.0,82972.05,126212.43308314693,34.26,0.0,0.31924441209502386,0.628304861028697,1
0.0,0.0,21655.44,25555.161771726824,15.26,0.0,0.25504630662441335,0.8981590811745699,1
5.0,0.0,14132.89,31177.782180733357,54.67,2.0,3.2442132102029073,0.7469383037638881,2
7.0,2.0,167297.5,198761.43847036967,15.83,4.0,5.389987865809575,0.9152785754388846,2
1.0,0.0,78140.83,73124.48868289296,6.86,0.0,0.16181511948230415,0.8595563469968355,0
4.0,2.0,95110.42,76449.17258532114,24.41,2.0,3.0472624018925716,0.5190723364446945,2
5.0,1.0,70955.22,57790.53861397948,22.78,3.0,4.338521653894885,0.43654576556013225,2
6.0,2.0,87690.53,132743.7562039126,33.94,3.0,4.164508003951956,0.525794729542203,2
5.0,2.0,139019.13,99884.41849329139,39.18,2.0,3.162796418490878,0.787161493737505,2
5.0,0.0,137804.47,160181.8819009658,13.97,2.0,3.2273576180470647,0.6367454832995665,2
5.0,0.0,159836.96,107374.0180525995,48.86,2.0,3.121367010867674,0.3306937430395328,2
7.0,1.0,19063.86,12929.036253905986,47.45,4.0,5.460851264903564,0.8197338873203277,2
1.0,1.0,113183.56,101710.60416209117,11.28,0.0,0.42348521108624887,0.3312878065198042,1
8.0,0.0,23937.41,20485.585213007165,16.85,4.0,5.495544165486531,0.5865129831535261,2
1.0,0.0,98566.04,167089.41229147118,41.01,0.0,0.4822743979653313,0.6235990618850629,1
5.0,1.0,32211.14,31595.036147093124,1.95,3.0,4.157227672606775,0.652118796081366,2
1.0,0.0,53295.72,51221.262843505,4.05,0.0,0.19029897934039258,0.3973636217682881,0
0.0,0.0,116618.85,97393.39613101748,19.74,0.0,0.3491289951500364,0.8234531269159104,1
1.0,0.0,36363.72,47084.97052607875,22.77,0.0,0.007922951276615908,0.8945605612250198,1
3.0,2.0,106896.67,112451.792437436,4.94,1.0,1.996944442694393,0.7885303862525153,1
2.0,2.0,111089.75,97532.700644874,13.9,1.0,1.5054215410330583,0.9657494578987731,1
1.0,0.0,224438.87,190979.29607428488,17.52,0.0,0.26574296255115565,0.48025044756566815,1
3.0,1.0,23192.95,26790.977031676593,13.43,1.0,1.8343501560651851,0.4125110657207448,1
3.0,1.0,104416.46,119579.08917102458,12.68,1.0,1.957073153977568,0.34710668275409273,1
6.0,1.0,163751.97,146875.9258323569,11.49,3.0,4.322068160389055,0.8050638151398386,2
8.0,2.0,37489.1,34249.1317206127,9.46,4.0,5.2984843998517,0.41347508937124067,2
4.0,1.0,128675.85,130927.8042739063,1.72,2.0,3.1501796495751537,0.9567269973190409,1
1.0,1.0,208802.62,174205.42029226696,19.86,0.0,0.29546069748101816,0.7188453335688579,1
1.0,0.0,222308.5,159635.57225134966,39.26,0.0,0.3748507564961372,0.8628949664080703,1
7.0,0.0,137721.37,187682.431181521,26.62,4.0,5.257795839477588,0.604288889137456,2
0.0,0.0,136994.77,146911.28238077954,6.75,0.0,0.38981764914356226,0.8143921047103664,0
2.0,2.0,54240.91,84857.49763774032,36.08,1.0,1.5348065234370925,0.610555791972657,2
8.0,1.0,166082.88,184885.76307225408,10.17,4.0,5.167688725499797,0.6771346654698174,2
7.0,1.0,57766.81,52817.785846812134,9.37,4.0,5.4799069670320195,0.8415072131133432,2
3.0,0.0,81319.65,120903.4329197527,32.74,1.0,1.6617222065328139,0.46670748887973723,2
5.0,1.0,161009.92,155475.00956798717,3.56,2.0,3.310927650907793,0.919156659178183,1
2.0,2.0,130499.64,175733.42172914103,25.74,1.0,1.7599423788334083,0.8014091802787291,1
6.0,1.0,198027.39,184143.00490784293,7.54,3.0,4.468312006661358,0.8225780942171725,2
1.0,0.0,29646.24,26145.373401648998,13.39,0.0,0.08138593820302609,0.4667141046917495,1
1.0,1.0,152892.81,147951.24219629707,3.34,0.0,0.1496940497548796,0.3630891683418379,0
5.0,2.0,39882.38,48779.81575379294,18.24,2.0,3.4311886527154307,0.35099951587899225,2
0.0,0.0,205189.65,158032.69388250157,29.84,0.0,0.33310127238659926,0.7529115918821703,1
4.0,1.0,138393.41,143131.04906738567,3.31,2.0,3.271524680334525,0.4050016677028868,1
2.0,1.0,26145.13,44456.948134058955,41.19,1.0,1.6974501959955943,0.9994340152761878,2
7.0,2.0,240495.84,168237.7327597104,42.95,4.0,5.205657716510255,0.9727333627284074,2
6.0,1.0,105715.45,97739.8727635267,8.16,3.0,4.467461341382251,0.3204237298654843,2
2.0,0.0,179575.61,113332.6688611983,58.45,1.0,1.835537802266906,0.8075403119074898,2
6.0,0.0,107245.17,194566.71317325867,44.88,3.0,4.464549193207568,0.4825404376010132,2
1.0,1.0,114652.84,134758.8616286668,14.92,0.0,0.4860930543939966,0.5386298494373715,1
2.0,2.0,141185.31,121826.9975547077,15.89,1.0,1.7735040030515974,0.4682173059281502,1
1.0,1.0,16842.43,13184.926749115857,27.74,0.0,0.30494447261565627,0.881381936176215,1
7.0,0.0,60148.48,47850.818667848514,25.7,4.0,5.328182464535534,0.9256266280281993,2
6.0,0.0,19236.63,15047.429999488173,27.84,3.0,4.419584501439926,0.32828108972866815,2
7.0,1.0,54659.71,73329.3608860684,25.46,4.0,5.329535856303151,0.48902667922393617,2
7.0,0.0,61006.65,75456.58707519154,19.15,4.0,5.0573237110912155,0.6140889236226595,2
7.0,1.0,113919.45,110762.71337445035,2.85,4.0,5.471215054777083,0.6652754221088061,2
1.0,1.0,162947.9,141056.00492857827,15.52,0.0,0.3304671792268168,0.36135281470042663,1
7.0,0.0,57218.92,44075.5826602995,29.82,4.0,5.434958635894771,0.8810197350830451,2
5.0,0.0,91843.43,124314.33995385106,26.12,2.0,3.212368872890984,0.9537859296885498,2
2.0,1.0,184188.65,184225.49216049231,0.02,1.0,1.7373581789453088,0.5820055580766199,1
4.0,2.0,33633.35,45151.4926702495,25.51,2.0,3.3444281763612667,0.9000638558362091,2
3.0,1.0,157904.25,135226.72575041914,16.77,1.0,1.888201993166024,0.7734484230444953,1
1.0,0.0,10167.02,18661.936837862402,45.52,0.0,0.03922935499102487,0.7142205277563894,1
0.0,0.0,129530.1,110918.0505153136,16.78,0.0,0.20367141676302214,0.8733351049578322,1
0.0,0.0,120472.54,150892.45885009813,20.16,0.0,0.3849281901469195,0.6311207319647691,1
2.0,0.0,13866.0,16467.93842612717,15.8,1.0,1.9961179650731555,0.683401246186657,1
8.0,2.0,90996.89,73396.42431708152,23.98,4.0,5.005821225598127,0.492266101726588,2
4.0,2.0,156425.42,176811.82722447798,11.53,2.0,3.1324041137208676,0.7985293318047713,2
4.0,0.0,44650.78,52841.16120200734,15.5,2.0,3.2324242909519034,0.41134354122365413,2
3.0,2.0,84164.13,147346.1653351823,42.88,1.0,1.6114708508841395,0.4702130953113218,2
2.0,0.0,71841.18,126325.272046224,43.13,1.0,1.5134610992788264,0.635944667949425,2
0.0,0.0,54330.96,41100.656532304034,32.19,0.0,0.26977151205267075,0.5697187400866239,1
6.0,2.0,121056.48,150924.42765654795,19.79,3.0,4.324699304519832,0.46770483601244384,2
0.0,0.0,89831.73,111095.38867611757,19.14,0.0,0.20803103049905658,0.4343219825686466,1
5.0,0.0,32886.69,31284.90213799381,5.12,3.0,4.18493903984417,0.9026280237660305,2
5.0,0.0,155921.68,190380.56662040128,18.1,3.0,4.492805280089742,0.7136012281725331,2
5.0,2.0,122015.11,103472.78553727148,17.92,2.0,3.2387642616100845,0.5641748613084347,2
8.0,0.0,187804.64,151565.3586125706,23.91,4.0,5.399034726620844,0.8920463156647185,2
1.0,1.0,51604.46,51363.05044988975,0.47,0.0,0.14358708609790105,0.8776123406980729,0
8.0,1.0,43425.64,36064.80978682691,20.41,4.0,5.415094126535916,0.37762093983267897,2
5.0,2.0,161045.63,150848.28746468454,6.76,3.0,4.411849844599948,0.6970999384892611,2
5.0,2.0,146073.54,138026.5939260926,5.83,3.0,4.133851060721511,0.5139290417126888,2
4.0,2.0,58337.01,62080.46066373957,6.03,2.0,3.327927476070853,0.678584412283666,1
5.0,2.0,171238.65,151793.85274798595,12.81,3.0,4.341007488343675,0.8025991720006065,2
8.0,1.0,130443.83,105948.52959351549,23.12,4.0,5.221307764471859,0.3059553129754068,2
2.0,1.0,71468.89,76233.4787630072,6.25,1.0,1.8868900314387194,0.6594972574029863,1
6.0,0.0,200806.44,159509.44532113548,25.89,3.0,4.153442630598494,0.5042126380418218,2
6.0,2.0,84694.97,127188.72203301951,33.41,3.0,4.242135919558808,0.6738076301107025,2
2.0,1.0,118582.89,106380.98953467935,11.47,1.0,1.995075852914895,0.3768895008548374,1
8.0,1.0,176752.67,156890.348382683,12.66,4.0,5.0893378358265,0.8722964927646726,2
3.0,0.0,83991.52,113517.38836314177,26.01,1.0,1.5738913610086245,0.6805679164007212,1
4.0,0.0,166400.91,188321.54225738184,11.64,2.0,3.0710993436984486,0.44774441530566533,1
0.0,0.0,57768.36,165430.5816296207,65.08,0.0,0.4990546359172859,0.8387793102650165,2
0.0,0.0,72006.33,78055.63882063742,7.75,0.0,0.07995663829679761,0.3264476998236438,1
6.0,1.0,81185.09,98334.6576037891,17.44,3.0,4.09511961841597,0.7149763727308165,2
3.0,0.0,205824.74,191893.2830521238,7.26,1.0,1.8473932927037113,0.6512331386309658,1
2.0,0.0,175622.63,180088.83501084417,2.48,1.0,1.8797483124024457,0.3277515106820496,1
1.0,1.0,43328.01,46325.252150519176,6.47,0.0,0.2635306527330815,0.47479383126004515,1
2.0,1.0,66689.59,62117.72823643627,7.36,1.0,1.9913345595838092,0.35399830861662296,1
5.0,1.0,89564.86,79239.8986787747,13.03,3.0,4.019454440160622,0.812670852752986,2
7.0,0.0,126039.67,177171.31686734172,28.86,4.0,5.310410434524392,0.7940396789677715,2
0.0,0.0,200584.65,186209.2892601002,7.72,0.0,0.30323465970080854,0.362508577633803,0
4.0,1.0,143649.8,162444.64575249385,11.57,2.0,3.1606223936432043,0.3764450292610578,2
2.0,1.0,67481.43,62384.604751449806,8.17,1.0,1.9497202350389238,0.9161975494900769,1
4.0,2.0,237586.26,178542.313260694,33.07,2.0,3.2764408530525433,0.44059321010207664,2
3.0,2.0,9499.86,16247.413928732709,41.53,1.0,1.6231701340791074,0.5125627498523708,2
2.0,0.0,102554.67,90332.66136919844,13.53,1.0,1.544179258100371,0.7789961150756135,1
3.0,1.0,61974.25,81749.44014303015,24.19,1.0,1.553559446769088,0.342506255812396,1
5.0,2.0,103977.36,111695.52512186901,6.91,2.0,3.4486646231350098,0.9633595582307977,1
5.0,1.0,125365.7,116521.70587461749,7.59,2.0,3.125154381169208,0.316106304966591,2
2.0,0.0,51273.74,52826.8525002572,2.94,1.0,1.9535026508058715,0.8943997578860372,1
6.0,0.0,58487.22,48865.583529293675,19.69,3.0,4.060058954399496,0.5526342395905681,2
5.0,2.0,123293.39,162677.6524405095,24.21,3.0,4.491967628504977,0.4050279456291337,2
2.0,2.0,13900.71,24477.391589570278,43.21,1.0,1.9166745354311547,0.5642437553492912,2
6.0,0.0,100768.2,103724.34833378863,2.85,3.0,4.058114370798507,0.9809890846398754,2
7.0,1.0,33356.89,46412.817253559,28.13,4.0,5.04302825140817,0.6702844496946971,2
1.0,1.0,46235.28,70717.77277298576,34.62,0.0,0.4017185912107583,0.3414961305888266,1
4.0,0.0,69123.79,62685.939642681544,10.27,2.0,3.0390331276448395,0.9590793058994405,1
1.0,1.0,159934.4,144619.22292996876,10.59,0.0,0.1310904928373799,0.40049308824275787,1
6.0,2.0,95551.84,96643.91462596439,1.13,3.0,4.400624904633386,0.33828132728014393,2
1.0,0.0,47541.53,66893.94854475971,28.93,0.0,0.45379000617416215,0.3317981357033029,1
5.0,0.0,160163.68,167956.87961623896,4.64,2.0,3.3838260291293434,0.8784344284089145,1
1.0,1.0,30164.71,26301.076845252384,14.69,0.0,0.44494641037643506,0.40711344657389054,1
4.0,0.0,136188.58,155608.52263999166,12.48,2.0,3.2799441565187135,0.42528802630307505,2
7.0,2.0,61822.39,57179.424001056585,8.12,4.0,5.3898055810247545,0.9608807453733648,2
2.0,1.0,176438.11,184423.6522990887,4.33,1.0,1.6720931642447119,0.7281278017759951,1
8.0,0.0,16892.81,11056.226220214283,52.79,4.0,5.392607034498008,0.4997934128646009,2
8.0,1.0,62687.31,115766.03409827448,45.85,4.0,5.339870453712243,0.7105183213373385,2
8.0,2.0,144310.43,128230.34696524282,12.54,4.0,5.28741503182953,0.470164762956557,2
1.0,1.0,112110.87,119687.06320291107,6.33,0.0,0.496150660341125,0.6459856245321121,0
5.0,1.0,191262.34,164852.90551781238,16.02,3.0,4.234889762437421,0.5342357178583188,2
1.0,0.0,33487.29,31311.16153592413,6.95,0.0,0.3096236187852758,0.7358385759630581,1
3.0,0.0,74117.84,88955.640815591,16.68,1.0,1.7549528434319237,0.8311660694680427,1
7.0,0.0,142578.67,174109.986873795,18.11,4.0,5.130255669787979,0.5439552630553279,2
4.0,0.0,170542.73,178859.70482050828,4.65,2.0,3.165182740483363,0.40073911934674344,1
5.0,0.0,76085.38,104685.43661536544,27.32,2.0,3.4893928839779704,0.5490184236171941,2
2.0,1.0,79214.16,116013.70983531517,31.72,1.0,1.6960552290073534,0.8307084186590066,2
6.0,0.0,123478.0,155142.60369308112,20.41,3.0,4.3397031337183725,0.850957204460036,2
6.0,1.0,136541.78,158125.9749167419,13.65,3.0,4.283548631834357,0.8498856701002862,2
3.0,2.0,200827.15,178735.44690611356,12.36,1.0,1.9449026359047568,0.9822006889373627,1
8.0,2.0,191590.45,170332.90584477817,12.48,4.0,5.378845039031503,0.877347970770125,2
1.0,1.0,70646.26,88740.42944421593,20.39,0.0,0.0403257029999286,0.9780011214131616,1
1.0,0.0,185820.14,133453.13202961476,39.24,0.0,0.17772093571937198,0.7387546689045303,1
5.0,1.0,50327.01,101814.69899372947,50.57,2.0,3.3559567713789042,0.46054385799163694,2
7.0,2.0,32979.9,32412.678619825027,1.75,4.0,5.08067840400585,0.7257374059712941,2
1.0,1.0,178495.27,166119.3748009619,7.45,0.0,0.25171959077988487,0.4384838389647753,1
1.0,1.0,161063.65,124335.07064309627,29.54,0.0,0.15888452416443383,0.3597283773924964,1
1.0,1.0,26517.98,21020.988723123388,26.15,0.0,0.03237711489675149,0.5109271550098593,1
7.0,0.0,143885.82,138604.97301170477,3.81,4.0,5.498573043919312,0.5539428891203201,2
0.0,0.0,85311.67,63789.19682044934,33.74,0.0,0.4646822997545732,0.7962215556455494,1
5.0,0.0,25305.04,23160.38965616934,9.26,2.0,3.373763077154163,0.5541536978825925,2
7.0,0.0,91859.74,125251.89378989248,26.66,4.0,5.100512917626673,0.30220388083719907,2
0.0,0.0,132030.53,149119.64428455627,11.46,0.0,0.49426309679473507,0.9418589104682227,1
5.0,1.0,90146.44,108284.01592108348,16.75,2.0,3.315396141483011,0.7125829336289249,2
4.0,1.0,9557.25,11073.171978317567,13.69,2.0,3.483037718933647,0.44753065278120396,2
6.0,1.0,76489.14,119607.72001909465,36.05,3.0,4.0212894536459345,0.4766013378696258,2
2.0,2.0,10973.21,11255.724310412392,2.51,1.0,1.5867353586675854,0.38689816561822343,1
2.0,2.0,232559.18,186017.57724645242,25.02,1.0,1.8386234426057897,0.9345827237546493,1
1.0,1.0,43755.19,60787.979967759886,28.02,0.0,0.45358985557283676,0.4611460116317595,1
5.0,2.0,157626.24,175491.2546644346,10.18,3.0,4.087891106396405,0.9584529948726741,2
6.0,1.0,17604.85,12300.764837205405,43.12,3.0,4.158549119812562,0.4850179507697634,2
1.0,1.0,13352.96,28471.136993512355,53.1,0.0,0.294088665754295,0.8594758375158298,2
2.0,1.0,92540.21,95767.57787450483,3.37,1.0,1.9998305100781157,0.30731650669163696,1
8.0,0.0,99062.82,154135.4020200071,35.73,4.0,5.39983254339154,0.6382915166520491,2
0.0,0.0,231177.43,189086.72309512098,22.26,0.0,0.4617813894914456,0.5584501731034479,1
1.0,0.0,113346.53,109008.01488200166,3.98,0.0,0.3375062672988713,0.5342100312537159,0
4.0,2.0,85353.32,77537.53559665327,10.08,2.0,3.438685635333326,0.9945094055831947,1
2.0,0.0,15309.63,18465.362584264403,17.09,1.0,1.7535225161585284,0.804606697959424,1
0.0,0.0,128304.17,120904.79963035522,6.12,0.0,0.062079317471096074,0.4790445433700057,0
3.0,2.0,55581.04,82208.31525472141,32.39,1.0,1.854778709615748,0.8267092283885391,2
0.0,0.0,177673.59,182735.36208825777,2.77,0.0,0.3007374611999479,0.3906981405697847,0
5.0,2.0,114267.5,101211.25233960013,12.9,2.0,3.2426750320574294,0.9481499178983275,2
5.0,2.0,163797.33,155434.92679465743,5.38,3.0,4.137495457758886,0.5984703572683655,2
4.0,2.0,213967.12,171160.0003608302,25.01,2.0,3.3921015060961786,0.4334640383707216,2
1.0,1.0,36055.98,28672.746218773314,25.75,0.0,0.41020504070824376,0.490974338905391,1
5.0,0.0,110881.52,93760.7984736865,18.26,3.0,4.182092813717549,0.40860418793066083,2
0.0,0.0,226609.89,179806.3118923393,26.03,0.0,0.4638832797972796,0.9513905962521312,1
6.0,2.0,119970.65,90646.5066807414,32.35,3.0,4.184870847184305,0.5141255287719728,2
3.0,2.0,145315.59,117379.31262380323,23.8,1.0,1.5537812474063912,0.39999562102140496,1
5.0,1.0,151915.98,175889.74998678107,13.63,3.0,4.08326418375529,0.8690305424036298,2
1.0,0.0,57926.66,54192.78147106061,6.89,0.0,0.2472577352044586,0.4492813851738321,1
1.0,1.0,215514.69,179970.51593645805,19.75,0.0,0.039931496675568445,0.3659052450286583,1
2.0,0.0,78472.41,85435.40002602691,8.15,1.0,1.8592062720066702,0.767876438154564,1
1.0,1.0,94313.56,122676.33244522238,23.12,0.0,0.39754792764892116,0.30518397947501547,1
1.0,1.0,88941.13,72327.50159251211,22.97,0.0,0.27473416634765574,0.8826944155726519,1
6.0,0.0,125397.74,110152.6202143221,13.84,3.0,4.446674226490105,0.6938966955080217,2
5.0,0.0,18461.93,19364.302574275476,4.66,3.0,4.477143233373126,0.4727728951058213,2
0.0,0.0,13719.63,22399.39529536504,38.75,0.0,0.22379054385532904,0.6315156300570408,1
8.0,2.0,101450.94,88797.32476814125,14.25,4.0,5.044563584111551,0.4836904650750078,2
6.0,2.0,92220.46,73640.86545237992,25.23,3.0,4.115632054821036,0.6729999850320236,2
7.0,1.0,149746.22,127000.44395227057,17.91,4.0,5.328808021856745,0.7001508848429061,2
4.0,1.0,20705.45,17202.931738323183,20.36,2.0,3.202892191524901,0.8401775119513297,2
5.0,1.0,66251.33,41857.047250009346,58.28,2.0,3.3425046970748222,0.6262611940529321,2
5.0,1.0,42857.28,49822.45988390051,13.98,2.0,3.3333675930763946,0.8506464683589734,2
4.0,1.0,97703.52,93693.43602066208,4.28,2.0,3.3026840683058567,0.3484705678640784,1
7.0,1.0,32113.57,56898.60485200102,43.56,4.0,5.078916283449492,0.9449400522662785,2
1.0,1.0,25587.54,36155.91030346883,29.23,0.0,0.14295764802856137,0.429856106094884,1
3.0,1.0,144256.49,123538.99801866319,16.77,1.0,1.6889308132729062,0.885604137724499,1
1.0,1.0,111352.79,151335.67578261215,26.42,0.0,0.4122089949657946,0.6462422486074144,1
8.0,2.0,114908.68,140200.93269147212,18.04,4.0,5.341111418381733,0.3733021843361607,2
3.0,0.0,68309.31,62474.21809322902,9.34,1.0,1.8224671330013744,0.5518616853122262,1
4.0,0.0,178445.51,172344.51890972315,3.54,2.0,3.3360686723554864,0.9428314301565801,1
5.0,1.0,79484.62,126246.21409120642,37.04,3.0,4.251601040725698,0.8842997687798355,2
7.0,0.0,112358.35,126786.67319141053,11.38,4.0,5.019815857734032,0.805621046597117,2
0.0,0.0,34350.46,50441.20582612688,31.9,0.0,0.10056034374948086,0.5658921166907362,1
6.0,2.0,63342.32,56020.44859386917,13.07,3.0,4.070151077900201,0.7121535694542385,2
8.0,1.0,104130.48,100202.5413132399,3.92,4.0,5.0319983321968556,0.4624853796558632,2
0.0,0.0,56747.76,55185.99589771105,2.83,0.0,0.15973832399164922,0.7534904593081,0
5.0,2.0,161169.46,140734.76993222153,14.52,3.0,4.393865095848174,0.4826582279152638,2
2.0,0.0,55373.8,68625.35732859407,19.31,1.0,1.5575659018219021,0.8803047736688026,1
4.0,1.0,44270.06,38864.069252656336,13.91,2.0,3.0557112585409607,0.793148757358464,2
4.0,0.0,53696.74,38806.63221695977,38.37,2.0,3.062132009595759,0.5702627322572132,2
0.0,0.0,45419.7,34173.277955120524,32.91,0.0,0.1349108456282206,0.761637352238456,1
1.0,0.0,109390.96,93552.51500361114,16.93,0.0,0.10110356902381185,0.5275953075806723,1
0.0,0.0,8348.91,10577.606906048277,21.07,0.0,0.006980558236796941,0.40895706455150027,1
1.0,0.0,141889.98,113050.73477748086,25.51,0.0,0.1382511567921773,0.46462876398708286,1
4.0,0.0,72125.11,66677.55535471457,8.17,2.0,3.4981472323280585,0.49018162381135977,1
2.0,0.0,116718.54,114970.97788244078,1.52,1.0,1.6682432214279643,0.45863163088114667,1
1.0,0.0,270726.63,187730.82855390082,44.21,0.0,0.10562951598691134,0.7748492000666858,1
5.0,0.0,196781.27,175119.0459348619,12.37,2.0,3.2478569647460858,0.8177629511004885,2
4.0,0.0,157995.7,119521.66958830655,32.19,2.0,3.1146842321247385,0.6199974425731054,2
4.0,2.0,76546.01,89433.35940135777,14.41,2.0,3.2798226006603564,0.99145571967305,2
7.0,2.0,166803.33,142688.90750567624,16.9,4.0,5.200327923200415,0.923714423694979,2
2.0,2.0,148576.73,185396.47319865902,19.86,1.0,1.9484206591397246,0.36093512950878787,1
6.0,2.0,110739.99,103013.94290851445,7.5,3.0,4.463959631106626,0.622315459415699,2
0.0,0.0,27762.81,28868.46757621054,3.83,0.0,0.3565306290133233,0.9359336959711064,0
5.0,1.0,138321.07,155556.75808055812,11.08,3.0,4.107847123870118,0.45418494586932123,2
7.0,1.0,13794.49,11991.039239932987,15.04,4.0,5.236949273936724,0.5648772178726587,2
5.0,1.0,197673.11,155281.311131728,27.3,3.0,4.152711583520373,0.9628632192941255,2
4.0,0.0,33530.12,26134.15473844829,28.3,2.0,3.3991387345549366,0.8432436622823201,2
4.0,1.0,28580.9,30257.149129594512,5.54,2.0,3.0145870545768516,0.8826275005982984,1
3.0,2.0,144114.45,158524.30530218995,9.09,1.0,1.8312458471724142,0.9156386441788049,1
4.0,0.0,137526.2,141009.123930127,2.47,2.0,3.1616134130720637,0.4198229706890272,1
5.0,2.0,141993.78,116761.59457396119,21.61,3.0,4.240502291224191,0.7894918121212202,2
8.0,2.0,125544.99,165911.18661493677,24.33,4.0,5.161497485644533,0.8619609030810813,2
3.0,1.0,111712.72,171760.01704131503,34.96,1.0,1.682395013629182,0.4585356488533544,2
0.0,0.0,107240.4,96927.32857469447,10.64,0.0,0.33718131939642354,0.33035190022621314,1
4.0,0.0,204777.41,199296.75054036212,2.75,2.0,3.297747166714875,0.4248490699959881,1
1.0,0.0,82866.01,77940.18853143038,6.32,0.0,0.12204462284741824,0.8189820098457863,0
0.0,0.0,61056.23,42586.47565795167,43.37,0.0,0.02181881407381364,0.7860034461149226,1
3.0,2.0,113556.2,170735.5241927794,33.49,1.0,1.9280109049265353,0.9242083035066726,1
5.0,1.0,96119.5,88958.35311627274,8.05,3.0,4.246153340811765,0.5218671149305232,2
0.0,0.0,198438.53,176154.93373343672,12.65,0.0,0.30936511212459167,0.7352208428644436,1
1.0,1.0,25290.79,21621.605453176766,16.97,0.0,0.24424963623197887,0.3187553837226787,1
0.0,0.0,21418.5,31099.901186261908,31.13,0.0,0.30947010346653,0.9545590136631958,1
8.0,0.0,21725.84,17651.805632552867,23.08,4.0,5.313486235899287,0.6881448243373816,2
5.0,0.0,76271.09,124382.08245745792,38.68,2.0,3.007520268377202,0.8238697433888389,2
0.0,0.0,155853.46,168054.19441213494,7.26,0.0,0.2666295582998042,0.49867116698533787,0
0.0,0.0,73953.59,86505.54888564763,14.51,0.0,0.2510539844520332,0.3573680611827831,1
4.0,1.0,28092.67,27232.135437494508,3.16,2.0,3.047908758144528,0.34397544112340783,1
1.0,1.0,58970.59,80959.07721188116,27.16,0.0,0.37294093049815286,0.8702622749829749,1
4.0,1.0,58345.09,76128.76514454868,23.36,2.0,3.1179296847718874,0.40636216598485,2
3.0,1.0,83786.5,132259.6657051818,36.65,1.0,1.5272626738769923,0.8768012960054139,1
8.0,0.0,188623.95,133908.80947130342,40.86,4.0,5.401579487041705,0.4856859650362372,2
1.0,1.0,22432.26,29574.506277757082,24.15,0.0,0.4325658756561377,0.6788904341227471,1
4.0,2.0,93256.25,89833.5877298502,3.81,2.0,3.120347378157513,0.4833416149862383,1
0.0,0.0,92731.8,132077.76009556543,29.79,0.0,0.3437727584751789,0.33505866953108654,1
8.0,2.0,43588.74,59183.6297461066,26.35,4.0,5.002475337031249,0.679595235062504,2
8.0,2.0,76942.43,87345.25444041075,11.91,4.0,5.360574979191153,0.5569842874447066,2
5.0,0.0,80468.25,126602.03701255358,36.44,3.0,4.232410221720322,0.6045769879731714,2
3.0,0.0,91565.07,86545.43323653136,5.8,1.0,1.8962415532341497,0.7210912327829144,1
0.0,0.0,3466.19,15863.584597457899,78.15,0.0,0.19651698633296338,0.5195624951572622,2
6.0,1.0,52511.46,52297.03913160611,0.41,3.0,4.175537863760391,0.6946638029091021,2
6.0,1.0,186663.35,157455.37374844952,18.55,3.0,4.420392437568736,0.7604412305010755,2
0.0,0.0,42791.68,57215.77496250583,25.21,0.0,0.019323348957582975,0.3626814537561564,1
2.0,2.0,92108.4,165365.17475227668,44.3,1.0,1.5935824934382086,0.5450675968669965,2
2.0,1.0,119629.66,98712.48688334653,21.19,1.0,1.706064434443793,0.3629631087211834,1
5.0,0.0,134994.0,99855.01606748282,35.19,3.0,4.29816908069572,0.30485351135322464,2
4.0,0.0,166094.76,156398.0809129618,6.2,2.0,3.00255625655852,0.3358611068935474,1
5.0,2.0,56859.89,82825.76747302007,31.35,2.0,3.2875738473336873,0.714550352440485,2
4.0,2.0,67042.84,55311.312508950476,21.21,2.0,3.1892462698169,0.3590136893964622,2
0.0,0.0,31172.37,29956.1515763123,4.06,0.0,0.3150010218499817,0.9079511140603511,0
2.0,0.0,127778.68,137662.87647206592,7.18,1.0,1.9534869197946148,0.8316108562691198,1
0.0,0.0,133603.39,99289.08256064783,34.56,0.0,0.22043600581330003,0.30617278964094596,1
6.0,0.0,150733.46,163787.3073330241,7.97,3.0,4.277289321649786,0.701271637377442,2
2.0,0.0,81793.93,96958.19462911821,15.64,1.0,1.7313949592464286,0.3071763387829911,1
3.0,1.0,87393.0,88814.02827181976,1.6,1.0,1.5592610016058033,0.37643636950488346,1
0.0,0.0,94770.19,66781.89597420009,41.91,0.0,0.3965564938735602,0.9917744935716817,1
1.0,0.0,75677.83,47891.29585866798,58.02,0.0,0.44259786028689563,0.619916236007376,2
5.0,0.0,132917.71,167783.01948320828,20.78,2.0,3.4057332906417397,0.3190478411896983,2
0.0,0.0,30722.21,28090.160479885606,9.37,0.0,0.4737982871760375,0.895220163014397,0
0.0,0.0,193268.11,181404.26743681272,6.54,0.0,0.23401425889844218,0.9421413812618469,0
6.0,0.0,11973.82,15112.738735096595,20.77,3.0,4.326160877751369,0.6838684078646386,2
3.0,2.0,71074.62,109227.94369411962,34.93,1.0,1.584170802494054,0.7941594715610846,2
2.0,1.0,18265.81,21082.42680870601,13.36,1.0,1.9884040605901305,0.8460847958073121,1
3.0,0.0,234341.77,158125.35304883026,48.2,1.0,1.7902770249369846,0.8142702373029287,2
6.0,2.0,56492.51,50184.33957123153,12.57,3.0,4.13083155405044,0.6461654850104737,2
3.0,2.0,108640.38,117525.28948494175,7.56,1.0,1.9026871391844413,0.8828791074908959,1
5.0,1.0,173058.86,184124.75949227944,6.01,3.0,4.293245558604283,0.6691299645694262,2
8.0,0.0,176220.84,133359.19776636097,32.14,4.0,5.474837490984412,0.4816522870304529,2
5.0,0.0,54368.3,43880.79334504394,23.9,2.0,3.3849886895243224,0.3028469803940081,2
3.0,1.0,62707.91,161368.77606343114,61.14,1.0,1.9386324116055984,0.5510129471352827,2
5.0,2.0,107644.1,93881.12529358637,14.66,3.0,4.273325004437668,0.3578099700079079,2
3.0,2.0,12574.85,12503.580285123768,0.57,1.0,1.7586542126727236,0.34429349304465984,1
2.0,2.0,122715.95,102485.34432048866,19.74,1.0,1.8786632356053357,0.628456962052637,1
4.0,2.0,145814.48,164372.08868003465,11.29,2.0,3.0525069877476776,0.9605720917922611,1
2.0,1.0,49531.99,91691.94985838648,45.98,1.0,1.5270157957417814,0.37386009963795386,2
0.0,0.0,111569.36,154101.32959119856,27.6,0.0,0.4918511230356786,0.49162499999775006,1
3.0,2.0,168754.48,144049.918061537,17.15,1.0,1.958147764353388,0.8810547120465884,1
1.0,1.0,108179.23,96813.34029427411,11.74,0.0,0.4778304706224534,0.5812807524451946,1
2.0,1.0,94229.28,71423.691154835,31.93,1.0,1.531182031748198,0.8311626118660422,1
4.0,0.0,121957.49,148042.6002968097,17.62,2.0,3.1346507059550244,0.6796340315268399,2
7.0,2.0,75096.6,80094.49937028943,6.24,4.0,5.450771189597009,0.7227519189933124,2
1.0,0.0,21513.73,42316.55027844382,49.16,0.0,0.04473978843806631,0.4128003546203099,1
4.0,1.0,72752.27,70963.98169031608,2.52,2.0,3.2257172560541987,0.546597544127985,1
2.0,1.0,195972.41,176599.44665632918,10.97,1.0,1.6706456765558875,0.7352288081648424,1
1.0,1.0,79217.55,63843.931306103266,24.08,0.0,0.43992523925030147,0.3187377375981357,1
1.0,0.0,53642.54,54642.50162049986,1.83,0.0,0.2590380661685737,0.4318285603189689,0
0.0,0.0,38644.42,35349.813438806814,9.32,0.0,0.1451870911034519,0.570546226109389,1
0.0,0.0,30656.04,20483.790467867562,49.66,0.0,0.2621505878940043,0.7722162121452,1
0.0,0.0,195884.46,195571.54729793,0.16,0.0,0.05622310280608406,0.6567121502296527,0
3.0,0.0,91841.03,111987.59717951599,17.99,1.0,1.865601366278232,0.8031124929186959,1
5.0,1.0,168682.96,148632.44751793254,13.49,2.0,3.309168777229955,0.8088034317598838,2
0.0,0.0,183924.16,156864.95490505398,17.25,0.0,0.3003543905304676,0.32173831687596666,1
0.0,0.0,104938.78,76940.22899688978,36.39,0.0,0.21892217650420465,0.9311986892849382,1
0.0,0.0,180479.11,161792.122930632,11.55,0.0,0.14712207654699538,0.8769506064999917,1
4.0,2.0,134472.77,192682.00643980925,30.21,2.0,3.032690326367261,0.4897478235383654,2
3.0,2.0,128113.42,150934.7515457015,15.12,1.0,1.9735162520640268,0.6391674441390567,1
4.0,2.0,99830.62,145229.294065928,31.26,2.0,3.208276960779451,0.5157049660774321,2
1.0,1.0,78020.17,92124.41945058381,15.31,0.0,0.24796085197444295,0.9346495113979822,1
0.0,0.0,200356.03,169850.823903671,17.96,0.0,0.1878833773965507,0.5679732940777307,1
8.0,0.0,37074.34,26879.101273436434,37.93,4.0,5.493938675336839,0.5772371929501873,2
0.0,0.0,151388.07,152439.9053259702,0.69,0.0,0.39808600530934973,0.9383384262362366,1
1.0,0.0,98347.42,78778.77300714287,24.84,0.0,0.04788011239068457,0.7204857262577802,1
0.0,0.0,101926.39,117535.04400158035,13.28,0.0,0.3040875323536314,0.3965087313686583,1
7.0,1.0,174434.92,179663.11628043518,2.91,4.0,5.242317286826219,0.7382117887662598,2
4.0,2.0,148395.03,124953.71639135029,18.76,2.0,3.3966760176098205,0.8561134206888596,2
5.0,1.0,8024.67,14860.490768868565,46.0,2.0,3.4986580060784265,0.5364888168607052,2
7.0,1.0,170759.0,147294.92064938828,15.93,4.0,5.372153370301206,0.6689038838184148,2
0.0,0.0,141788.44,186514.65617869145,23.98,0.0,0.43246441040249667,0.7387890878956737,1
8.0,1.0,98392.78,131982.26960900627,25.45,4.0,5.251317751177908,0.6572917005419694,2
1.0,1.0,216844.13,173669.814717319,24.86,0.0,0.18679899518048176,0.9993871566285297,1
5.0,1.0,119716.81,166806.1935149675,28.23,2.0,3.321639840752682,0.6547549929509462,2
2.0,1.0,196966.13,173645.53376695287,13.43,1.0,1.8747092068680486,0.7503610945652058,1
2.0,1.0,115631.5,75379.07651153221,53.4,1.0,1.6137669666020154,0.855512605593258,2
7.0,0.0,83205.71,100091.07015064942,16.87,4.0,5.251693739929891,0.3956082291267268,2
0.0,0.0,194570.68,171126.365955649,13.7,0.0,0.056895493395432595,0.3307372239862031,1
8.0,0.0,186031.42,182975.72923697648,1.67,4.0,5.108176406639617,0.9810929011300884,2
3.0,0.0,36190.6,37899.88485935182,4.51,1.0,1.9409294450716152,0.8125814048260291,1
5.0,1.0,50310.59,44491.15212238195,13.08,2.0,3.072365991315363,0.5752973828668988,2
8.0,0.0,95137.67,75897.62401043753,25.35,4.0,5.405674125901106,0.31236815702114235,2
0.0,0.0,169771.98,156356.58735407802,8.58,0.0,0.18629787162652023,0.41647979067041396,1
8.0,2.0,150408.69,176246.41987900002,14.66,4.0,5.3317606877719,0.306823454878074,2
5.0,2.0,115459.85,120245.62686663562,3.98,2.0,3.4551631858212026,0.5775200863794803,1
6.0,0.0,35653.35,31520.953324713886,13.11,3.0,4.390449340041379,0.6883987345653242,2
1.0,1.0,59952.35,67712.16369376154,11.46,0.0,0.41297055989922843,0.41240824076644406,1
4.0,1.0,212931.95,172834.37123075002,23.2,2.0,3.1305745350516716,0.7479001167968451,2
4.0,2.0,68941.34,76035.44587130283,9.33,2.0,3.1808373018135248,0.9679688767682795,1
2.0,1.0,23688.72,29533.376186985184,19.79,1.0,1.8663960102698294,0.9933153233878629,1
1.0,1.0,86856.11,67393.00856148486,28.88,0.0,0.3886172933106429,0.8832165020496128,1
0.0,0.0,146293.69,163274.2069369636,10.4,0.0,0.3950261338004392,0.6107187358037601,1
7.0,0.0,78723.56,103761.11127363703,24.13,4.0,5.370053990702144,0.6831865646510332,2
0.0,0.0,51237.87,42598.82735448885,20.28,0.0,0.11581130562127245,0.6523148834370862,1
5.0,1.0,61849.41,69400.15079018823,10.88,3.0,4.144543320077964,0.4089667078079645,2
8.0,1.0,182118.49,191180.4431379852,4.74,4.0,5.471020503782028,0.898089919717755,2
1.0,1.0,94889.32,92071.92273873903,3.06,0.0,0.2769301908726637,0.7730536558489323,1
1.0,0.0,120281.45,93903.85841315768,28.09,0.0,0.3772252006386866,0.7465549313322654,1
4.0,1.0,50120.33,39083.22438840052,28.24,2.0,3.299597839779711,0.45423181783553523,2
0.0,0.0,32263.17,67865.3178767141,52.46,0.0,0.46225093262340894,0.40721150913763093,2
4.0,0.0,36270.36,164790.36525860883,77.99,2.0,3.4343909090481586,0.9111185339241843,2
5.0,1.0,154134.28,159377.80513662,3.29,2.0,3.130687395677812,0.4255897640355504,1
5.0,2.0,38943.53,92744.77179917916,58.01,2.0,3.4423547359779443,0.3516029275000771,2
2.0,1.0,99030.5,179793.92980985364,44.92,1.0,1.6500196793901565,0.7379236407907825,2
4.0,2.0,62131.04,82249.19424193625,24.46,2.0,3.2204902257153307,0.7930402801166668,2
4.0,1.0,180755.97,174222.62016616747,3.75,2.0,3.4256167890594513,0.3837356872179394,1
1.0,0.0,10140.79,15997.454611093508,36.61,0.0,0.16200953766950354,0.44480158372328926,1
4.0,2.0,100893.15,75973.75514364504,32.8,2.0,3.14538595909375,0.8521346565430774,2
8.0,0.0,120827.59,172463.0108237687,29.94,4.0,5.33432842469796,0.9507096398141643,2
4.0,0.0,171026.38,181248.81668012234,5.64,2.0,3.499838181206988,0.633542101927874,1
2.0,0.0,146710.91,153720.56783187267,4.56,1.0,1.565528490545724,0.8544034809966801,1
3.0,2.0,145950.25,137274.50521018312,6.32,1.0,1.8505303232598516,0.523580082515356,1
1.0,1.0,137597.9,164945.93279783687,16.58,0.0,0.26347769395260917,0.7922637585138078,1
1.0,0.0,156597.57,144436.05576220457,8.42,0.0,0.2053087451543517,0.6900543215950281,1
0.0,0.0,58832.53,58301.98134838389,0.91,0.0,0.37492937485390804,0.8902476395049448,0
7.0,1.0,71622.01,98585.01113202416,27.35,4.0,5.277418164704804,0.8431307670958648,2
1.0,0.0,181086.91,135533.9495983703,33.61,0.0,0.398905574020698,0.49889511725002755,1
6.0,2.0,167276.97,121682.52385247783,37.47,3.0,4.371926972374542,0.4046186546643964,2
0.0,0.0,149251.79,178168.5453533815,16.23,0.0,0.4925594919673141,0.8653597408020706,1
1.0,1.0,91577.91,100030.48167368739,8.45,0.0,0.4054329242650231,0.32295479969664953,1
3.0,1.0,64315.48,43817.6018244092,46.78,1.0,1.5333998987142985,0.7753271686847242,2
3.0,2.0,51572.76,50770.58710844751,1.58,1.0,1.8897896477720626,0.6331399708959962,1
5.0,1.0,117442.36,170750.74618326523,31.22,3.0,4.324851610103975,0.35270951393877553,2
8.0,1.0,16495.79,11656.981302391287,41.51,4.0,5.0448951751134725,0.7819928555213072,2
8.0,1.0,200476.77,175134.7687793984,14.47,4.0,5.302744614259047,0.6380118607590832,2
0.0,0.0,17058.02,20561.736264757106,17.04,0.0,0.37540180028376974,0.9020709311710422,1
5.0,1.0,107392.9,84415.10893698703,27.22,3.0,4.098597256622194,0.44604235037749296,2
1.0,0.0,200710.88,162033.4832146695,23.87,0.0,0.21745582398678837,0.3016097002843842,1
7.0,1.0,89108.41,87446.92159625581,1.9,4.0,5.271243144121954,0.3913407725033292,2
4.0,1.0,143237.69,166246.15554026997,13.84,2.0,3.20657635929792,0.4887270229753199,1
2.0,0.0,29896.52,29056.778559898798,2.89,1.0,1.9380024014756372,0.7565710578907765,1
1.0,1.0,97513.49,107193.02302268542,9.03,0.0,0.08445160271178143,0.553850259261057,1
1.0,1.0,80559.33,120670.06341981175,33.24,0.0,0.38577777627842746,0.38277283931370604,1
1.0,1.0,204093.24,179265.03347507582,13.85,0.0,0.389045596269033,0.9871014242187652,1
8.0,2.0,24411.82,27788.06720444674,12.15,4.0,5.22401498044633,0.37575921164804826,2
6.0,1.0,67837.33,74334.13020376954,8.74,3.0,4.2697389959504894,0.5485842401233265,2
7.0,1.0,104162.63,135276.13803039934,23.0,4.0,5.076781224656476,0.9136229795442079,2
0.0,0.0,228989.13,196186.71555341478,16.72,0.0,0.097578786060327,0.756830761509603,1
4.0,2.0,156245.91,171172.1215519928,8.72,2.0,3.265832406051059,0.5238585382895068,2
0.0,0.0,198252.93,170834.06172221902,16.05,0.0,0.11234039146674579,0.9792427457505957,1
4.0,1.0,126897.03,108264.68059070974,17.21,2.0,3.403232692314295,0.6507689880154134,2
3.0,0.0,161044.21,117216.83319643467,37.39,1.0,1.8081090416910122,0.30567692710866684,2
0.0,0.0,171658.61,173130.2178753239,0.85,0.0,0.02828933920220167,0.3043143353059358,1
4.0,1.0,168044.48,175228.8613887843,4.1,2.0,3.178938334169154,0.9587065307107179,1
1.0,0.0,124585.47,162432.16743970124,23.3,0.0,0.4292129656841222,0.4968264413330513,1
2.0,0.0,185822.34,165528.54228506936,12.26,1.0,1.6387220240168103,0.8684454762252476,1
5.0,2.0,236255.56,177129.6732101676,33.38,2.0,3.3598589443745865,0.3304920153191971,2
1.0,1.0,35517.14,31618.566907466662,12.33,0.0,0.046900068998018296,0.4028419764968792,1
8.0,0.0,68979.96,65601.48161194447,5.15,4.0,5.465266826974688,0.8997456568879112,2
5.0,2.0,254471.42,195461.57145118545,30.19,2.0,3.224672840666897,0.9958639217883725,2
5.0,0.0,127707.25,113507.47039315909,12.51,3.0,4.245782817795875,0.336346052043189,2
5.0,1.0,27953.77,43528.13340792148,35.78,2.0,3.2849150656145847,0.4173458813582559,2
5.0,0.0,148594.09,105580.57030791017,40.74,3.0,4.181716169800063,0.806038323561326,2
6.0,0.0,166616.86,132698.99330768234,25.56,3.0,4.362642650600881,0.6706520693984488,2
8.0,0.0,273520.01,167362.1769481549,63.43,4.0,5.007291782853155,0.5841762322801789,2
5.0,0.0,180761.37,164313.5779444589,10.01,2.0,3.081102133822439,0.43612727656650474,2
0.0,0.0,10450.24,19355.883733159168,46.01,0.0,0.09441045880506349,0.9618047510347767,1
1.0,1.0,88274.21,96169.74752475758,8.21,0.0,0.31767009196639834,0.4205879867267378,1
5.0,2.0,14221.05,13908.12067553154,2.25,2.0,3.445300407287731,0.48567469606367447,1
1.0,0.0,144662.1,178749.66349658763,19.07,0.0,0.03181987074066661,0.5270086869468158,1
0.0,0.0,24572.77,43042.15434853873,42.91,0.0,0.4262292999862259,0.3970082374932855,1
1.0,0.0,126409.12,128726.19208185132,1.8,0.0,0.409756797876265,0.6753631393639296,0
4.0,0.0,116510.97,118417.49054327606,1.61,2.0,3.03831283108099,0.5389275530088012,1
0.0,0.0,68857.76,128850.59258214448,46.56,0.0,0.07161421188945943,0.7254932503749355,1
5.0,2.0,153205.64,117049.15833796753,30.89,2.0,3.175022662115243,0.5575006613795569,2
5.0,2.0,159886.61,145961.84869965544,9.54,3.0,4.057334807177548,0.38149647031968464,2
5.0,2.0,99029.07,128960.89354440165,23.21,3.0,4.379143067550242,0.9108181639915685,2
3.0,2.0,20134.23,27157.04688645471,25.86,1.0,1.7520346568822438,0.6567564511925976,1
5.0,0.0,57222.45,79685.91069141364,28.19,2.0,3.20538230414326,0.5252953429885698,2
4.0,2.0,113089.94,113852.75282758384,0.67,2.0,3.362473812629896,0.31145532659220504,1
2.0,1.0,61816.23,71787.51092065364,13.89,1.0,1.6464476865321331,0.718492529618287,1
4.0,1.0,174465.81,154462.86811330795,12.95,2.0,3.4357657075573305,0.847753030985438,2
0.0,0.0,80312.97,70400.56586044846,14.08,0.0,0.3269833693404042,0.7550428751519893,1
8.0,1.0,187292.82,167449.9931175775,11.85,4.0,5.173252656022613,0.851403520382791,2
0.0,0.0,49853.09,37879.40698648191,31.61,0.0,0.2699363451607649,0.40849008654359364,1
6.0,0.0,166289.73,156184.5873473162,6.47,3.0,4.129724238047196,0.9801920850310348,2
4.0,1.0,40830.15,44858.43374918589,8.98,2.0,3.492490370380834,0.44793330164380973,2
1.0,1.0,131218.06,110322.90327831086,18.94,0.0,0.21780216332118923,0.4867457197014062,1
6.0,2.0,73650.54,70899.63086314531,3.88,3.0,4.448387076342688,0.6586306939241264,2
1.0,1.0,123227.93,131093.54283563752,6.0,0.0,0.4890102286373366,0.30363686888157937,1
5.0,0.0,43402.12,50420.6778699035,13.92,3.0,4.26789622998695,0.6097139416829631,2
4.0,1.0,166928.45,161127.8493368596,3.6,2.0,3.3649977850485078,0.43700769264897377,1
1.0,1.0,183194.95,118980.93460962364,53.97,0.0,0.28612339347060417,0.8243126828941787,1
0.0,0.0,90165.3,191881.8992776081,53.01,0.0,0.04578381639036089,0.8304273689271999,2
6.0,1.0,106966.58,145236.36249400102,26.35,3.0,4.476209026308677,0.7310143912483146,2
1.0,1.0,96737.53,125405.15250561769,22.86,0.0,0.2283182255076323,0.5951796227241657,1
7.0,2.0,123158.77,167540.15118480485,26.49,4.0,5.447031561780765,0.5171638118502373,2
5.0,1.0,65414.49,51739.68787473756,26.43,3.0,4.3278026729692805,0.8792233823943085,2
4.0,2.0,143191.09,130221.06756424689,9.96,2.0,3.0525954455170594,0.654965533449611,2
0.0,0.0,89218.92,84176.73142302182,5.99,0.0,0.20852648548315655,0.6475267501620904,0
5.0,2.0,226859.37,151320.28603782327,49.92,3.0,4.09792407734791,0.37940302221785804,2
8.0,2.0,14611.1,14649.187803340512,0.26,4.0,5.08492993224378,0.452868133499141,2
1.0,1.0,75147.85,91265.29834011369,17.66,0.0,0.3575443718416971,0.5523425043428276,1
2.0,0.0,151233.78,133823.36134825466,13.01,1.0,1.5150099936607309,0.7891969899486889,1
1.0,1.0,83176.07,97521.47392401045,14.71,0.0,0.48307028444698963,0.8916896938374861,1
2.0,0.0,69835.43,55214.60318561268,26.48,1.0,1.724961687973042,0.9950021937809717,1
5.0,1.0,119089.64,98226.35781909281,21.24,3.0,4.244878840529366,0.599202471016821,2
3.0,2.0,114015.22,171451.45984300997,33.5,1.0,1.6497144479855774,0.6172430430622414,2
5.0,1.0,42057.33,49299.41328664511,14.69,2.0,3.042808036406214,0.8362423787854159,2
2.0,0.0,89294.36,79762.71108963221,11.95,1.0,1.7941213391807525,0.5248588834975106,1
0.0,0.0,144243.39,198163.74908502423,27.21,0.0,0.17237724925271397,0.6783625832098843,1
1.0,1.0,225827.15,183435.26208918536,23.11,0.0,0.31203630802220844,0.7739121261952311,1
7.0,2.0,18209.63,16453.985004064576,10.67,4.0,5.277884903903677,0.46537479749324295,2
4.0,1.0,178084.87,110763.07384438273,60.78,2.0,3.1084554234046973,0.49571296456974573,2
2.0,2.0,21120.9,22428.475101097873,5.83,1.0,1.7308269612038143,0.549333446032346,1
5.0,2.0,161978.11,185541.93549496506,12.7,3.0,4.154031504694792,0.7043793845206108,2
1.0,1.0,75349.56,93893.53341015585,19.75,0.0,0.11986204061308231,0.48929081744735736,1
1.0,0.0,80042.56,89503.0307463203,10.57,0.0,0.3848521796484511,0.4457174477555956,1
0.0,0.0,50916.76,61859.746049469024,17.69,0.0,0.005953295999604147,0.40465575104096957,1
7.0,1.0,131607.07,118075.60627450923,11.46,4.0,5.134441429312562,0.8665169284974064,2
5.0,2.0,35345.59,37549.75736874463,5.87,3.0,4.265542841835994,0.920180048084666,2
4.0,2.0,221910.69,161801.45010175396,37.15,2.0,3.238072994215229,0.9333053620110097,2
0.0,0.0,124574.61,103329.96552085089,20.56,0.0,0.4700826634597809,0.8751435694278753,1
1.0,1.0,96466.68,117627.94934969049,17.99,0.0,0.421828740628622,0.39610245622329043,1
5.0,0.0,217640.2,169752.90205435888,28.21,2.0,3.375801313594129,0.3684263589133208,2
3.0,2.0,61916.81,45178.26703814031,37.05,1.0,1.7570390666351796,0.6494150304566237,2
7.0,0.0,39960.51,43284.78393500198,7.68,4.0,5.214453366192066,0.6649988671408321,2
5.0,1.0,85391.74,89952.31784527077,5.07,3.0,4.018284784289397,0.8129762347220486,2
2.0,1.0,210472.52,159364.3658269741,32.07,1.0,1.9108341248194094,0.4560165275593463,1
5.0,0.0,26624.25,21123.65516882776,26.04,3.0,4.215356452081056,0.9516647689005244,2
7.0,1.0,64545.69,161082.33874076165,59.93,4.0,5.160483695861328,0.5169508550966517,2
2.0,2.0,103198.59,105143.75278244386,1.85,1.0,1.8033171899721407,0.7044662656394345,1
5.0,0.0,109135.6,116735.05549016267,6.51,2.0,3.3770689094498714,0.9049495251952517,1
7.0,0.0,79120.77,117233.3282730429,32.51,4.0,5.261525660266368,0.6664136759410717,2
0.0,0.0,24270.76,20671.803901966843,17.41,0.0,0.07479158773769584,0.827490211383336,1
8.0,0.0,55755.74,57456.45156644751,2.96,4.0,5.460823235352023,0.8243183402851113,2
1.0,0.0,128515.66,153506.51578779257,16.28,0.0,0.05642474496318983,0.8530148725569546,1
5.0,1.0,63174.29,88330.94270296389,28.48,2.0,3.484785815748372,0.8677337855328568,2
5.0,2.0,126738.42,116498.2266278523,8.79,3.0,4.2212385509653325,0.5747240631230596,2
4.0,2.0,179802.4,189525.03818504396,5.13,2.0,3.4733115971131374,0.5544893698383522,1
2.0,2.0,18137.69,18791.635980298634,3.48,1.0,1.9573248798689629,0.8624486701155953,1
4.0,2.0,79138.24,95439.26947802576,17.08,2.0,3.2031336327451316,0.7057972749827837,2
1.0,1.0,102022.38,78642.08524110063,29.73,0.0,0.40001264526270025,0.7253992986841327,1
1.0,1.0,14731.86,30225.390977000825,51.26,0.0,0.044886265913382795,0.588342075555849,2
1.0,0.0,243575.62,190650.92626436162,27.76,0.0,0.04136713463590003,0.44113026107145414,1
5.0,2.0,227378.51,192677.32205222326,18.01,2.0,3.177978301860678,0.6198513984794374,2
2.0,0.0,19405.76,69182.7492959873,71.95,1.0,1.8048925500715842,0.9787525260383483,2
0.0,0.0,221623.45,189876.15603092496,16.72,0.0,0.0046605349097424975,0.5036068154735835,1
8.0,0.0,24482.28,16682.985277614265,46.75,4.0,5.257587562504876,0.4904057689618963,2
3.0,0.0,170606.46,196370.23816387838,13.12,1.0,1.9878234518742701,0.39154892298234717,1
3.0,1.0,113401.15,168827.08311764625,32.83,1.0,1.929222714300098,0.6368263087068791,2
3.0,2.0,47988.79,50722.74195413064,5.39,1.0,1.6162353098761246,0.5019712771259099,1
0.0,0.0,97929.2,123913.95924757181,20.97,0.0,0.26403438096503745,0.7809866116975145,1
5.0,0.0,236743.45,161676.87885016756,46.43,3.0,4.085704384558339,0.39458720716812645,2
3.0,1.0,64313.86,70666.80316147802,8.99,1.0,1.6316300736814995,0.4731187378868965,1
0.0,0.0,67306.43,77212.84049763762,12.83,0.0,0.4615004192386373,0.34329573463571295,1
8.0,2.0,180698.09,129504.82736265605,39.53,4.0,5.498889067380507,0.3290296332618415,2
5.0,1.0,42042.44,37947.86967735319,10.79,3.0,4.121280494058923,0.8699004307516507,2
5.0,1.0,42013.0,32460.015847257633,29.43,3.0,4.106033936503934,0.9341146732378676,2
7.0,1.0,50693.86,57463.00284269062,11.78,4.0,5.191929662170787,0.8347221847581521,2
8.0,2.0,209515.86,150839.35161593594,38.9,4.0,5.222928211176023,0.9056144291580579,2
2.0,0.0,65427.67,79653.85301819576,17.86,1.0,1.544624333815444,0.36061730327591646,1
4.0,0.0,130827.06,106398.06211384092,22.96,2.0,3.073854331968697,0.9286939968256858,2
5.0,0.0,50284.26,47135.605793431205,6.68,2.0,3.2124136337118054,0.6262278855295471,1
0.0,0.0,44123.53,46880.07679641866,5.88,0.0,0.11771028403324157,0.8380506760515942,0
0.0,0.0,151553.02,133585.73925461387,13.45,0.0,0.4224673847391987,0.7310301018922931,1
1.0,1.0,43672.14,30591.297855006214,42.76,0.0,0.37577328107140623,0.5449088712546978,2
5.0,1.0,113700.62,136889.73817111718,16.94,2.0,3.2681692154403637,0.48535932290365363,2
6.0,1.0,116047.47,86133.35194629218,34.73,3.0,4.2163146595342,0.38269111360535985,2
5.0,0.0,124433.77,137541.47358734888,9.53,3.0,4.415493901606996,0.588855771036727,2
3.0,1.0,84657.84,82528.60063294285,2.58,1.0,1.582997671786978,0.6458719012906808,1
0.0,0.0,176743.24,170749.91489340467,3.51,0.0,0.44369392943371627,0.9881805659707561,0
3.0,2.0,31953.79,20555.6721509743,55.45,1.0,1.5245386916842822,0.3261033334301095,2
4.0,1.0,180121.89,179726.4892443136,0.22,2.0,3.4616972308944147,0.7131044135533511,1
8.0,1.0,77741.6,61045.623675238094,27.35,4.0,5.069405026182244,0.6674963753498592,2
8.0,2.0,20786.43,18083.01989344151,14.95,4.0,5.406049522018584,0.3160273332173191,2
7.0,0.0,109284.52,116856.84015761469,6.48,4.0,5.00902253919714,0.5308196317017637,2
7.0,1.0,52464.16,52627.30377240831,0.31,4.0,5.407539085204212,0.5960491961029091,2
8.0,1.0,116066.2,97248.59340498275,19.35,4.0,5.2920353865699425,0.6459888332174458,2
3.0,0.0,154171.52,162439.69915179966,5.09,1.0,1.5095171254627482,0.46341926019332136,1
1.0,0.0,196001.33,160393.88454214885,22.2,0.0,0.3871048797621233,0.3238701539281996,1
1.0,0.0,99246.21,124073.26709384879,20.01,0.0,0.05077865052374264,0.5056901790018627,1
3.0,0.0,195795.66,195795.66264495297,0.0,1.0,1.769952712951449,0.8854532897035117,1
0.0,0.0,115498.28,98112.70809673938,17.72,0.0,0.1660019702185797,0.8655005133990687,1
0.0,0.0,13880.38,17483.794167414533,20.61,0.0,0.3795841306489943,0.42652554215116617,1
8.0,0.0,120308.07,165690.77846399,27.39,4.0,5.426610785836325,0.7524101159603611,2
0.0,0.0,51098.6,52045.835310803544,1.82,0.0,0.23213835050144427,0.9465531623415702,0
8.0,1.0,41689.43,43485.37370943465,4.13,4.0,5.378970106778479,0.420475383663961,2
5.0,2.0,34999.43,23301.885173633404,50.2,3.0,4.4583124662185245,0.3900734381454925,2
4.0,2.0,65548.08,72300.98929134138,9.34,2.0,3.344600268737157,0.31550238672969205,2
4.0,0.0,78656.24,71970.20374029569,9.29,2.0,3.160995243047076,0.4206880252873623,1
3.0,1.0,96988.44,67526.59107362595,43.63,1.0,1.7316560397778504,0.8697668044779121,2
4.0,0.0,140131.0,122706.65855604873,14.2,2.0,3.1149988700669833,0.8697928181134724,2
0.0,0.0,109766.5,152793.0121723401,28.16,0.0,0.22920416980460456,0.6783164539203068,1
8.0,2.0,245061.18,188175.67654299445,30.23,4.0,5.122945239528749,0.5334951338537499,2
2.0,2.0,26986.05,27869.51494922804,3.17,1.0,1.9036248624287295,0.8647462933013879,1
1.0,1.0,50344.89,38572.54817274792,30.52,0.0,0.30495871363190424,0.4365106704189015,1
6.0,0.0,94982.73,122070.07699966778,22.19,3.0,4.316622992859733,0.3978977930686286,2
4.0,0.0,35557.99,28645.762836679463,24.13,2.0,3.0551316442354235,0.3624471525529326,2
3.0,1.0,95190.82,80445.21407765996,18.33,1.0,1.500730153774326,0.8959281625656876,1
4.0,0.0,119825.64,128664.92380374702,6.87,2.0,3.3945933174487766,0.8003900861535018,1
0.0,0.0,171316.11,158303.5560873837,8.22,0.0,0.2711532078641378,0.737210398680594,1
5.0,2.0,38682.47,51343.864617026,24.66,2.0,3.4657766874207425,0.8092272235476121,2
0.0,0.0,76153.38,136917.25717843225,44.38,0.0,0.2686196194948043,0.40043508454157334,1
0.0,0.0,153684.24,132715.2365109705,15.8,0.0,0.10733926215731915,0.5693523612438376,1
0.0,0.0,188094.53,173327.06398907973,8.52,0.0,0.3492382926281683,0.8698806605898963,0
3.0,2.0,62428.06,69612.02419515818,10.32,1.0,1.850491490156378,0.9417358566367695,1
2.0,0.0,151068.54,152517.45432875355,0.95,1.0,1.5327663020802753,0.6591669437456389,1
2.0,0.0,146581.32,152879.97424388397,4.12,1.0,1.8468254486605236,0.385443012258085,1
1.0,0.0,60991.66,55446.96297833892,10.0,0.0,0.10626411126221003,0.9849621326888895,0
0.0,0.0,151524.46,128019.98917410124,18.36,0.0,0.12726030789292958,0.5765199789735319,1
4.0,0.0,111233.07,138280.79665700818,19.56,2.0,3.0157073481278904,0.5232962648611998,2
0.0,0.0,39360.36,62141.39839823202,36.66,0.0,0.3136861113864333,0.38399364100048405,1
5.0,0.0,97864.27,95841.99911928145,2.11,2.0,3.365864696732754,0.3088407346963006,1
8.0,0.0,133331.83,92797.76817873366,43.68,4.0,5.115245831575251,0.7225713374063865,2
3.0,2.0,169665.43,156966.81799049687,8.09,1.0,1.896269466076538,0.7287017130440935,1
7.0,2.0,8841.62,10131.338623611291,12.73,4.0,5.381015643070329,0.4639687957054423,2
1.0,1.0,92266.58,105195.05617677172,12.29,0.0,0.20488310408472532,0.4133907293030099,1
1.0,0.0,67339.02,45024.754577124186,49.56,0.0,0.034112581102807016,0.6696061603492536,2
6.0,1.0,68297.3,132899.97393053246,48.61,3.0,4.140092663736339,0.6047847985410331,2
5.0,1.0,60095.04,139270.08396448044,56.85,3.0,4.082714574464549,0.5125578266204391,2
6.0,0.0,99080.06,105214.03665178081,5.83,3.0,4.4794091185635905,0.45276300338195496,2
0.0,0.0,122815.36,112985.61293903794,8.7,0.0,0.40887213208980633,0.9015141007805836,1
6.0,1.0,94570.91,69861.05592048206,35.37,3.0,4.039188235712105,0.9886795713738497,2
3.0,2.0,86858.51,69531.30906707057,24.92,1.0,1.7567300146213782,0.5489072126679065,1
2.0,0.0,149995.89,151572.2413715685,1.04,1.0,1.6334431647878649,0.7886915502687168,1
0.0,0.0,34489.51,35028.95981100075,1.54,0.0,0.01605898825360441,0.9058830500301305,0
8.0,0.0,80751.21,156585.6297917257,48.43,4.0,5.161150635444585,0.3188557465708231,2
0.0,0.0,131978.58,134452.50450436585,1.84,0.0,0.06379264690699654,0.9356454163473291,0
6.0,1.0,140392.57,178050.19008454462,21.15,3.0,4.1113660104899825,0.6494042950088545,2
5.0,0.0,55915.33,59427.49151796153,5.91,2.0,3.1632702309642595,0.689724482281638,1
5.0,0.0,137336.09,106174.01984507877,29.35,3.0,4.204445225073918,0.6779113237532495,2
6.0,1.0,12478.06,17408.007190554064,28.32,3.0,4.234221226596656,0.470049035386264,2
8.0,0.0,212771.46,183376.2492604092,16.03,4.0,5.260098635683194,0.8475690086934984,2
0.0,0.0,83160.62,138324.3775290401,39.88,0.0,0.18500038222165632,0.812636860774991,1
0.0,0.0,129796.61,128346.29732357392,1.13,0.0,0.24917479547961352,0.3670546443128331,0
4.0,2.0,147360.73,149210.9481874546,1.24,2.0,3.20892922970931,0.6939541021510802,1
2.0,1.0,65603.84,64022.48278427925,2.47,1.0,1.982219488798477,0.9699183411935635,1
1.0,1.0,126891.34,124733.45106292452,1.73,0.0,0.03382043529776774,0.9098102103983463,0
1.0,1.0,55544.99,162175.1629769966,65.75,0.0,0.2929756702242747,0.7381330599441212,2
3.0,0.0,25895.91,27155.944493772204,4.64,1.0,1.5968235856902895,0.4390853406327472,1
0.0,0.0,257706.96,192175.20896515684,34.1,0.0,0.18771892662730622,0.5430561910186915,1
1.0,0.0,106490.67,179458.49247525042,40.66,0.0,0.27323290494345703,0.4052506486227157,1
8.0,2.0,116459.55,192973.57844218067,39.65,4.0,5.379904723711344,0.8753514304927188,2
3.0,1.0,128742.35,163586.21671600483,21.3,1.0,1.988865555894338,0.8450695818907588,1
7.0,0.0,69847.89,65919.10756347085,5.96,4.0,5.246810831577019,0.9372508151349737,2
8.0,0.0,90130.66,120495.53885058433,25.2,4.0,5.128489557985514,0.34437688322965093,2
1.0,1.0,27433.47,32830.86022529575,16.44,0.0,0.3957876090668382,0.9752994371546444,1
5.0,2.0,227745.45,153291.67901655065,48.57,3.0,4.110786224923687,0.9764991356076049,2
5.0,1.0,32411.4,39191.53653863461,17.3,2.0,3.253920336108884,0.7720868554852536,2
4.0,0.0,277575.34,174696.54763560407,58.89,2.0,3.4233556488247814,0.9172237747480059,2
1.0,1.0,41361.57,55705.820977434145,25.75,0.0,0.20189925448038454,0.6069065112278491,1
1.0,1.0,55661.66,40478.26238375623,37.51,0.0,0.27848888331673743,0.519383010703901,1
1.0,1.0,13735.71,23471.82910128478,41.48,0.0,0.05977500953687259,0.40805791920338413,1
5.0,1.0,107476.0,145159.37432965418,25.96,2.0,3.0279838867364637,0.3221056289403276,2
7.0,2.0,31746.95,45378.71761195443,30.04,4.0,5.49314123536661,0.3293981469073159,2
5.0,1.0,46929.13,47556.88429172678,1.32,2.0,3.0894478460539716,0.7840966953228672,1
5.0,0.0,64170.36,42242.354733927874,51.91,3.0,4.167774518477624,0.5356022658572037,2
8.0,0.0,67624.37,68101.07326901391,0.7,4.0,5.252342443587092,0.3378431721900777,2
4.0,1.0,218174.38,188830.1724843948,15.54,2.0,3.1872358040987043,0.37854161671030806,2
0.0,0.0,105921.2,102458.1188056212,3.38,0.0,0.048669530012084294,0.7656986354748698,0
8.0,2.0,62259.23,59566.80846809568,4.52,4.0,5.098457061949151,0.9570761507114991,2
2.0,1.0,32162.05,42374.24434384718,24.1,1.0,1.7467238339516546,0.5855847346225369,1
1.0,0.0,10188.02,13591.269744033223,25.04,0.0,0.21940078790604473,0.8443602972461492,1
5.0,1.0,115809.29,79348.60294298602,45.95,2.0,3.3990969218877893,0.9815072670798564,2
7.0,0.0,16426.47,30911.680102955608,46.86,4.0,5.155893978626648,0.7958095092259989,2
0.0,0.0,15142.87,15132.279177140888,0.07,0.0,0.4701575601134007,0.8061045033342085,0
3.0,1.0,31647.6,29566.14412780826,7.04,1.0,1.641405178575086,0.7311305559272039,1
1.0,1.0,87810.37,70519.0881145572,24.52,0.0,0.16564932888565237,0.9843735602819026,1
0.0,0.0,128146.25,152664.1032732748,16.06,0.0,0.47465666462483347,0.5098642240489741,1
1.0,1.0,32725.17,22727.387722019997,43.99,0.0,0.4202416888307342,0.8480919156725026,1
6.0,0.0,85828.21,138948.04551375064,38.23,3.0,4.158483982941651,0.5905546435484907,2
7.0,2.0,142739.84,127903.08047223682,11.6,4.0,5.197642345550585,0.408793749463417,2
1.0,0.0,153640.61,177578.1390386897,13.48,0.0,0.42113013765953305,0.8175606623120302,1
1.0,1.0,39027.63,44957.53160969122,13.19,0.0,0.04304471710692076,0.8805813402978049,1
0.0,0.0,226996.96,160910.86407900508,41.07,0.0,0.14733815552855029,0.9045193836115628,1
1.0,1.0,85593.28,174324.3912391343,50.9,0.0,0.26577804893127027,0.9453149464633077,2
5.0,1.0,184112.92,195531.98501383,5.84,2.0,3.41445208844615,0.821438115262169,1
5.0,0.0,191162.36,163624.37802364005,16.83,2.0,3.2823083370099364,0.6693329885984909,2
4.0,1.0,34223.14,33515.95815564488,2.11,2.0,3.244889423623691,0.9570867984796536,1
2.0,2.0,219967.32,189954.51193105185,15.8,1.0,1.9810587843265821,0.44669597330626704,1
4.0,1.0,153688.25,164848.49003271892,6.77,2.0,3.0582051970754622,0.3541168343970891,1
1.0,1.0,41889.4,50341.78504638862,16.79,0.0,0.3900329628409861,0.6021380042631054,1
1.0,1.0,39144.3,41387.506103796084,5.42,0.0,0.06351742876266347,0.7075530112817952,1
7.0,1.0,146520.2,187918.68857607245,22.03,4.0,5.366413719851966,0.7759925694760819,2
6.0,0.0,44170.38,39582.73896011691,11.59,3.0,4.271544809281361,0.8707953779353681,2
8.0,2.0,139677.58,157649.64322772648,11.4,4.0,5.1323231053852885,0.31872965146959553,2
7.0,0.0,68677.21,86999.25831000006,21.06,4.0,5.271668543620878,0.8614324387075192,2
4.0,2.0,159088.8,147523.00044362416,7.84,2.0,3.4397080435264793,0.720090075637103,1
7.0,0.0,30320.47,27451.76223166326,10.45,4.0,5.236091836028388,0.9670633903064216,2
3.0,1.0,111574.39,147761.07467030917,24.49,1.0,1.5032892829313949,0.5435281960792795,1
0.0,0.0,84265.94,107263.16169062527,21.44,0.0,0.02830280403312524,0.7318849216280194,1
1.0,1.0,154925.11,181071.89321438107,14.44,0.0,0.3163184887231458,0.8365838843987543,1
1.0,1.0,27999.49,45795.69927635173,38.86,0.0,0.3389657809603763,0.6614767945273199,1
1.0,1.0,29512.69,30777.654815250276,4.11,0.0,0.2008874438813627,0.4091353013586864,1
2.0,0.0,46927.24,47281.8567121245,0.75,1.0,1.6213901935698416,0.33485984041398553,1
6.0,2.0,26021.22,24929.319777382196,4.38,3.0,4.357983294117837,0.3779804629374204,2
5.0,2.0,251820.17,196228.60276373132,28.33,3.0,4.152080587269975,0.6464332076434443,2
4.0,2.0,43112.19,33342.75892314303,29.3,2.0,3.0370057929188183,0.7477261414544045,2
0.0,0.0,61565.08,48161.67966299183,27.83,0.0,0.20480526975187646,0.6993647460713266,1
6.0,0.0,162758.95,163840.29198251394,0.66,3.0,4.269569297579276,0.7990412992896676,1
3.0,1.0,69289.59,56883.335183339455,21.81,1.0,1.9828143986663065,0.3272962505021256,1
0.0,0.0,77376.79,52235.734636202185,48.13,0.0,0.29611085641683693,0.3954385050703683,2
0.0,0.0,108248.97,137738.85827746004,21.41,0.0,0.1041600730649504,0.8327980762640126,1
3.0,2.0,75970.99,85765.39378356749,11.42,1.0,1.9160967924946943,0.8468276579342904,1
1.0,1.0,108669.23,168741.03922205933,35.6,0.0,0.14574099590252004,0.7916056840224129,1
5.0,2.0,148848.39,131271.17567589326,13.39,3.0,4.479639091787388,0.8218010302856462,2
5.0,0.0,87601.93,64760.79624605061,35.27,3.0,4.162656133337199,0.974408060551631,2
5.0,2.0,169289.99,123605.42236774231,36.96,2.0,3.454758977728818,0.9609530716271215,2
1.0,0.0,214861.93,174627.70809409957,23.04,0.0,0.4394769840879579,0.7511372884554764,1
5.0,2.0,67728.56,79251.76250496776,14.54,3.0,4.431996373774853,0.5235342051163006,2
5.0,1.0,120618.23,149929.43708960435,19.55,2.0,3.0196926401796236,0.3098769236131511,2
1.0,1.0,147192.97,89008.26627165922,65.37,0.0,0.4249349842238952,0.7421256846362179,2
4.0,0.0,134190.89,113183.94557791494,18.56,2.0,3.3606500594758586,0.6019126927859475,2
3.0,1.0,202904.22,149403.005281665,35.81,1.0,1.667149138199758,0.4029192162587478,2
3.0,2.0,21407.75,21500.200548870336,0.43,1.0,1.7450492132778637,0.4506804236032156,1
0.0,0.0,66514.95,96440.40924492132,31.03,0.0,0.3199575200886042,0.9555705211369914,1
4.0,1.0,28933.29,28090.568038597707,3.0,2.0,3.4717684891279283,0.3463557784592087,1
0.0,0.0,147662.4,147751.0534496977,0.06,0.0,0.3900422438683682,0.8512295429290064,0
0.0,0.0,92267.79,125483.19038517642,26.47,0.0,0.21425037114758733,0.9314345318022528,1
1.0,1.0,77741.73,72116.6354739629,7.8,0.0,0.3227103532172882,0.7818432672747986,1
8.0,0.0,30359.68,24493.487544638745,23.95,4.0,5.092935437721902,0.3429391489209209,2
1.0,1.0,174822.68,185902.4677856844,5.96,0.0,0.2119711978664494,0.892097045972047,0
3.0,2.0,79315.48,69850.70690405578,13.55,1.0,1.8956506666512416,0.7573022587426383,1
2.0,2.0,64633.72,62321.587705380654,3.71,1.0,1.803294857247896,0.4939230295603216,1
8.0,1.0,29158.83,29190.944474340893,0.11,4.0,5.391624573835595,0.7407587679992094,2
4.0,0.0,113197.56,119697.10972835027,5.43,2.0,3.2549083677361117,0.39557994947772523,1
7.0,0.0,43692.58,60474.15652402656,27.75,4.0,5.190071717147415,0.795353287074213,2
0.0,0.0,181711.75,170142.0856202378,6.8,0.0,0.37127018904397313,0.9320969327110453,0
1.0,1.0,90723.89,139725.68888909492,35.07,0.0,0.04687742923998017,0.6651768852328619,1
5.0,0.0,12254.41,10743.832103787268,14.06,2.0,3.489303417114839,0.9664741657309384,2
2.0,2.0,112602.83,117478.17621654541,4.15,1.0,1.9741868870020172,0.6066664774742996,1
6.0,0.0,69236.24,54048.58859574854,28.1,3.0,4.440184303101432,0.9002969222470181,2
8.0,2.0,17112.21,12919.752805281989,32.45,4.0,5.4421390494248225,0.8415538911140914,2
2.0,1.0,71028.25,127679.76096761471,44.37,1.0,1.7555280602507128,0.36190066004029703,2
8.0,1.0,47333.6,48933.72843903108,3.27,4.0,5.248972860226936,0.9388568045529277,2
5.0,0.0,215452.4,180930.80389111355,19.08,2.0,3.410041085741627,0.9372993576891293,2
0.0,0.0,162189.78,118942.34078113397,36.36,0.0,0.1416282561004027,0.5459911061269902,1
3.0,2.0,55092.78,49745.17084680688,10.75,1.0,1.9249568897029925,0.8554072171726832,1
1.0,1.0,143340.22,196034.21354057587,26.88,0.0,0.10044010595189184,0.457246211489799,1
6.0,2.0,115599.55,113823.89765611195,1.56,3.0,4.4395536355389655,0.321275160135575,2
0.0,0.0,10049.13,41439.71270401129,75.75,0.0,0.27054260989282597,0.44555599178169003,2
2.0,0.0,116494.16,108276.01233212407,7.59,1.0,1.9216055138292019,0.6387914874006042,1
5.0,1.0,233808.01,192276.32106238886,21.6,2.0,3.246571391784496,0.340437252438584,2
0.0,0.0,81367.81,90599.94386002157,10.19,0.0,0.3042160930307549,0.4120043281779828,1
0.0,0.0,79073.18,90815.64726000022,12.93,0.0,0.4633930650870378,0.9653065953671083,1
4.0,1.0,121060.98,97614.07722271173,24.02,2.0,3.2091061261540497,0.645688637816663,2
1.0,1.0,96460.58,63219.67471935287,52.58,0.0,0.1101431940203233,0.8761703708470248,2
2.0,2.0,29873.83,40738.88647829379,26.67,1.0,1.5454901692316945,0.4446359244698129,1
3.0,2.0,130363.94,119996.26364000101,8.64,1.0,1.7949895318281077,0.3619651851635443,1
0.0,0.0,162268.03,179898.03737633477,9.8,0.0,0.305542560170006,0.8463836392075048,1
0.0,0.0,161427.23,149788.6509612697,7.77,0.0,0.31035255467058104,0.5441836800192084,0
5.0,1.0,39178.68,28275.607451134765,38.56,3.0,4.018583060379052,0.6218631047502656,2
8.0,1.0,79561.35,86161.30545053132,7.66,4.0,5.013707743452699,0.9944903178189013,2
0.0,0.0,2523.73,11006.217182045393,77.07,0.0,0.4477085100264635,0.521571403146956,2
7.0,2.0,109970.12,68508.67331854452,60.52,4.0,5.347750991612682,0.63120205460066,2
5.0,0.0,143464.47,137181.55259667634,4.58,2.0,3.056658603993319,0.7443679322024332,1
5.0,2.0,70733.91,65144.51386329194,8.58,2.0,3.0373183968706314,0.362348146509674,2
5.0,1.0,123596.94,169706.08062808163,27.17,3.0,4.080928507045716,0.8015024721102229,2
5.0,2.0,88981.17,100703.0005727352,11.64,3.0,4.403459490030453,0.616211714192525,2
6.0,2.0,111537.55,137141.95093958906,18.67,3.0,4.361543013871805,0.4225101342736092,2
2.0,1.0,196777.64,177934.39242348186,10.59,1.0,1.8193265944957189,0.6013793017903166,1
4.0,1.0,182688.18,139733.95864339033,30.74,2.0,3.3203953935534707,0.6224674933210593,2
2.0,1.0,167839.49,180491.97881423982,7.01,1.0,1.9294369332908714,0.748515882435825,1
1.0,1.0,105004.17,163532.41762580775,35.79,0.0,0.16672936918156417,0.9559936714705737,1
4.0,0.0,98667.97,117742.20662493419,16.2,2.0,3.161115010390192,0.8355459122034059,2
0.0,0.0,78572.61,66474.28900332013,18.2,0.0,0.2127134148359725,0.5677150282872483,1
0.0,0.0,86994.4,66647.05688375766,30.53,0.0,0.4948380060464067,0.9787537506930082,1
1.0,1.0,196465.47,176312.90707308764,11.43,0.0,0.277449471301251,0.8535818206263077,1
1.0,0.0,18161.58,20238.003650315346,10.26,0.0,0.27345056752343977,0.3195662642508351,1
5.0,0.0,171251.15,188873.00113839656,9.33,2.0,3.4047968932004693,0.38161048974406636,2
4.0,1.0,70972.67,72141.36203651375,1.62,2.0,3.089032249706797,0.45260781343134854,1
2.0,2.0,91223.85,150385.50136454703,39.34,1.0,1.7027005040917618,0.3584525081048061,2
0.0,0.0,62904.93,72705.65300111516,13.48,0.0,0.3206812030961189,0.6397990534518871,1
3.0,2.0,180118.33,191127.26395430052,5.76,1.0,1.9940083842101717,0.5385026295345164,1
3.0,0.0,15985.37,16930.0657297779,5.58,1.0,1.5772347983490396,0.9810478246119507,1
5.0,0.0,99459.89,77130.58656166012,28.95,3.0,4.226013390113381,0.630915268075821,2
5.0,1.0,94436.47,174817.5989351764,45.98,2.0,3.452790901052445,0.4485084021230138,2
3.0,0.0,38601.79,62070.742436025,37.81,1.0,1.8627655341977236,0.9795115909688243,2
3.0,1.0,48104.21,62367.7005527224,22.87,1.0,1.8068901185974564,0.6597172539968474,1
7.0,1.0,187487.22,180762.84505303708,3.72,4.0,5.128554181508175,0.3511418399356621,2
6.0,2.0,141665.73,167810.62810279126,15.58,3.0,4.093605367096047,0.35661223471296705,2
2.0,0.0,30231.96,30096.527106313955,0.45,1.0,1.6871061467658173,0.7727048773603645,1
2.0,2.0,102631.9,120234.18287517586,14.64,1.0,1.627553953179329,0.6463571223192606,1
0.0,0.0,41667.62,52445.085784585855,20.55,0.0,0.40423794942984,0.736961570114227,1
8.0,2.0,58802.79,50876.27163532302,15.58,4.0,5.360351713896596,0.8947620057345504,2
3.0,2.0,130772.64,126926.75751167687,3.03,1.0,1.9175990604421689,0.7769685276833449,1
0.0,0.0,40130.82,33534.5711913524,19.67,0.0,0.08554115535224982,0.9032529006178349,1
7.0,0.0,67971.89,99258.01019056543,31.52,4.0,5.154984679184856,0.8198819429686048,2
6.0,1.0,45712.78,58606.129509947204,22.0,3.0,4.384275731487341,0.7720798270957343,2
1.0,1.0,173623.23,172245.26978969792,0.8,0.0,0.08177420828056658,0.3942891189489571,0
0.0,0.0,91302.62,115353.90414994508,20.85,0.0,0.07280252856110875,0.6379793290124567,1
0.0,0.0,39964.0,50870.67793970688,21.44,0.0,0.1915294402688903,0.6031648848670219,1
4.0,1.0,154347.82,186028.47401714302,17.03,2.0,3.093218443975584,0.6784867438113081,2
0.0,0.0,177046.67,166350.34077728284,6.43,0.0,0.03945132901960208,0.5738000021154598,0
8.0,0.0,68258.24,60405.52376952359,13.0,4.0,5.156387262277496,0.7343060739363931,2
7.0,2.0,124496.43,192599.67248278126,35.36,4.0,5.437799757519915,0.5747191121053656,2
5.0,0.0,68540.06,60870.394256988766,12.6,2.0,3.0282664643198056,0.6903325201970963,2
5.0,2.0,69590.81,65602.1931889255,6.08,2.0,3.2830525603615786,0.5764127169179951,1
1.0,1.0,102074.64,83333.03731790779,22.49,0.0,0.28150194195711986,0.931237147326083,1
1.0,1.0,36830.53,41312.99188636782,10.85,0.0,0.2654202803960211,0.5613909764898716,1
5.0,0.0,129726.07,140533.0663554259,7.69,3.0,4.252754361507521,0.8116527554129118,2
0.0,0.0,136859.33,115894.0919072808,18.09,0.0,0.008618234879964826,0.7296146186073407,1
1.0,1.0,182341.18,179947.87149486542,1.33,0.0,0.023725594673179806,0.5698664695592838,1
3.0,1.0,61236.97,55766.2928728413,9.81,1.0,1.7556035063278284,0.8653417479132726,1
1.0,1.0,51325.0,42343.868453847885,21.21,0.0,0.4841546363565297,0.9492970185860701,1
2.0,1.0,82881.45,78138.44460911064,6.07,1.0,1.7039878902528747,0.8323390323621189,1
6.0,0.0,42174.87,37760.649866536856,11.69,3.0,4.236163381246719,0.9640116321191075,2
5.0,2.0,225919.63,189768.69535165592,19.05,3.0,4.491031557668303,0.6054146843053084,2
4.0,2.0,85681.99,146314.8724051876,41.44,2.0,3.3895567027178632,0.9396180396534517,2
6.0,1.0,99330.14,161276.41438334103,38.41,3.0,4.385054923558828,0.9133560796682583,2
2.0,2.0,136230.88,152128.28844069675,10.45,1.0,1.7523677235198858,0.8336711207311671,1
5.0,2.0,37633.34,56135.643206810506,32.96,3.0,4.448956326599171,0.8846404866076807,2
4.0,1.0,39916.14,36724.76122384494,8.69,2.0,3.290588152696533,0.8110935477271963,2
0.0,0.0,53471.63,91592.38077179529,41.62,0.0,0.32834866295217785,0.658615923601775,1
8.0,1.0,109788.44,167513.63313715145,34.46,4.0,5.3937777601461026,0.6866934057993581,2
1.0,1.0,77944.72,72797.91243414601,7.07,0.0,0.20329244005253222,0.5923807443648352,1
1.0,1.0,5517.34,11816.959023379723,53.31,0.0,0.4766351422715916,0.765004881942347,2
0.0,0.0,121599.56,135411.53340307937,10.2,0.0,0.49400361642453966,0.5273529144485253,0
3.0,1.0,43599.68,48011.98346210118,9.19,1.0,1.7935689160276684,0.8177616342226968,1
3.0,1.0,108703.64,113138.68085441159,3.92,1.0,1.6110276936291112,0.6535807523958452,1
4.0,1.0,11450.85,12827.209504867586,10.73,2.0,3.3874510086627194,0.5472315407140956,2
8.0,1.0,151903.75,106681.47256809968,42.39,4.0,5.161069301739974,0.403059542743693,2
1.0,1.0,73534.56,84785.61229576982,13.27,0.0,0.2885517507944351,0.4788681362985013,1
5.0,1.0,143701.77,177278.27752671306,18.94,2.0,3.043351760229159,0.7481402540522083,2
3.0,1.0,96423.87,147144.6218943657,34.47,1.0,1.9036953525150753,0.5588945138885022,2
6.0,2.0,17279.96,16845.34943155016,2.58,3.0,4.479543479435339,0.3232183883342747,2
1.0,0.0,216236.51,160009.2553613771,35.14,0.0,0.047110762316823596,0.5308166207984151,1
1.0,0.0,141750.6,160333.21633137553,11.59,0.0,0.3657995302234318,0.5564503892856226,1
5.0,2.0,105137.75,136047.8141832918,22.72,2.0,3.430419431782373,0.4640106165391413,2
4.0,2.0,136473.31,186566.37982169577,26.85,2.0,3.0547531097077516,0.5004205201163294,2
6.0,1.0,141949.4,162618.17025656585,12.71,3.0,4.123398234781744,0.7934491997601967,2
5.0,1.0,56708.55,51590.74627437131,9.92,2.0,3.1959356240275265,0.8223865177162442,1
5.0,1.0,49413.74,82493.71815462128,40.1,3.0,4.418380165853393,0.9712292761943502,2
3.0,1.0,79001.78,76485.4122629109,3.29,1.0,1.7467156327515236,0.3826617858292789,1
1.0,0.0,74067.99,105932.4851234867,30.08,0.0,0.06848165127081857,0.5182075030581451,1
1.0,1.0,211549.86,191205.58783755073,10.64,0.0,0.1281855295185444,0.3539311681865847,1
1.0,0.0,197149.22,126963.69000508424,55.28,0.0,0.2336889204350338,0.7293126137312025,2
2.0,0.0,53274.61,69458.42128982447,23.3,1.0,1.51963212307761,0.311471805312664,1
3.0,1.0,194951.69,188888.37029323334,3.21,1.0,1.8154985344846102,0.44374943894040203,1
3.0,2.0,28653.23,143051.57983764246,79.97,1.0,1.5126609482073627,0.7108860312976661,2
4.0,0.0,46700.25,60555.299461580646,22.88,2.0,3.390435672136344,0.5511170531486345,2
3.0,2.0,129151.66,182237.42607242358,29.13,1.0,1.8669254687527383,0.6810633813635126,2
4.0,1.0,46507.0,75400.45058252547,38.32,2.0,3.432719995986324,0.7481662559249649,2
4.0,2.0,101487.25,108080.142361052,6.1,2.0,3.0788563702515788,0.8872580475008407,1
3.0,1.0,135096.87,101052.34068105259,33.69,1.0,1.8012926054787386,0.5750126549219112,2
3.0,2.0,197416.86,185489.86592684552,6.43,1.0,1.8905137917933788,0.495227840247034,1
5.0,1.0,61322.7,60476.03828618704,1.4,2.0,3.2578743902951866,0.6771635934582583,1
4.0,2.0,67689.34,73328.28190459941,7.69,2.0,3.0654021635064175,0.3487769153721002,1
3.0,1.0,172402.94,135430.4348340889,27.3,1.0,1.5494628083385638,0.3293399559331923,1
2.0,1.0,203762.18,178456.98355360056,14.18,1.0,1.8029487039706278,0.616566064506929,1
5.0,1.0,34428.32,31827.97722708217,8.17,2.0,3.248803804136956,0.452655125023259,2
5.0,2.0,60107.82,49877.868592036364,20.51,2.0,3.464780068366075,0.3050516026493576,2
1.0,1.0,260625.48,190126.5516720036,37.08,0.0,0.41692038551163546,0.7755593223544683,1
2.0,0.0,128183.32,157686.4498368418,18.71,1.0,1.8618745958269074,0.8713088757218004,1
8.0,2.0,76775.92,75753.25582269777,1.35,4.0,5.491198380273671,0.403514999319163,2
0.0,0.0,90227.84,77950.61353512936,15.75,0.0,0.3473053417615998,0.6947315919409784,1
8.0,2.0,134461.26,99211.43542660374,35.53,4.0,5.046181366849553,0.9887894669748951,2
0.0,0.0,130568.72,138021.90495301184,5.4,0.0,0.038781488753696525,0.48812897837911823,1
5.0,1.0,125820.7,116597.80988375955,7.91,2.0,3.407934596704969,0.8115703124840281,2
2.0,2.0,191805.43,157462.79097470635,21.81,1.0,1.6803517918015356,0.4134718043294172,1
1.0,1.0,18617.63,20291.690438226884,8.25,0.0,0.4621418932811726,0.9524650871082605,1
8.0,1.0,153312.34,165617.74107788227,7.43,4.0,5.059123717525737,0.3003035096300075,2
2.0,1.0,19589.22,21029.75683296848,6.85,1.0,1.5993935059676208,0.5063111261605867,1
8.0,1.0,181553.59,177385.0457541362,2.35,4.0,5.38658374965501,0.9835027628963364,2
0.0,0.0,15706.03,18218.34271602478,13.79,0.0,0.4237372208640197,0.7694831666011399,1
8.0,0.0,29456.96,34288.161961972495,14.09,4.0,5.433598172142916,0.44829191957883824,2
7.0,0.0,35697.67,44235.03064523911,19.3,4.0,5.049569632625736,0.8539559072715086,2
4.0,1.0,46727.88,52379.64860653327,10.79,2.0,3.1909011512442347,0.9286599056922329,1
0.0,0.0,21031.16,86334.79379214818,75.64,0.0,0.3231931765515915,0.6410898195161139,2
5.0,1.0,114239.26,134541.58130668284,15.09,2.0,3.4593978083407815,0.4092165572453519,2
5.0,2.0,231281.98,179594.64256247782,28.78,2.0,3.119507515520883,0.48101511556296694,2
8.0,0.0,76671.15,109655.53392593029,30.08,4.0,5.300171441740192,0.9601798821070182,2
2.0,1.0,98921.78,111173.05076096955,11.02,1.0,1.5717596477242535,0.412771957931967,1
1.0,0.0,80575.62,70667.96861044,14.02,0.0,0.3736393557110581,0.5183347858663522,1
0.0,0.0,164107.26,162129.28061811128,1.22,0.0,0.06376222833477718,0.40187637223479067,0
4.0,1.0,26380.72,30992.38334245751,14.88,2.0,3.4999912442211194,0.37392413781937306,2
7.0,0.0,60441.6,67209.60432505555,10.07,4.0,5.04613344984372,0.665417541013041,2
0.0,0.0,29117.23,28426.468610437198,2.43,0.0,0.34266857801902517,0.5776965039061184,0
6.0,2.0,56042.61,50694.35557698063,10.55,3.0,4.388519417082441,0.33231790577700865,2
8.0,2.0,108421.63,121453.60319559895,10.73,4.0,5.128994891728321,0.4016364136945191,2
1.0,0.0,42500.42,33932.47371637332,25.25,0.0,0.12741433465812008,0.3263608657112222,1
1.0,0.0,20719.93,29117.381100069117,28.84,0.0,0.29807352580001006,0.3172129647466183,1
5.0,0.0,164385.82,166923.0541735234,1.52,2.0,3.315237292439987,0.4249290656649894,1
4.0,1.0,29985.86,32476.834337886095,7.67,2.0,3.3602629880828987,0.8205545046454956,1
0.0,0.0,170344.4,125530.1364833091,35.7,0.0,0.2901469938409629,0.31033897774637575,1
6.0,0.0,62274.52,76882.12474989235,19.0,3.0,4.087233386985216,0.5131341974021111,2
4.0,0.0,145870.59,180309.75313748678,19.1,2.0,3.462071737327137,0.6953516497264824,2
7.0,1.0,179633.2,144434.50699356152,24.37,4.0,5.083305787856723,0.8205924979051606,2
8.0,2.0,19694.86,21291.74398748147,7.5,4.0,5.2826192591859416,0.774524329271338,2
5.0,1.0,151442.81,180138.94099676976,15.93,3.0,4.460001422330641,0.9918971092604334,2
5.0,2.0,137065.25,88640.78996184679,54.63,2.0,3.4564847957256624,0.49293908369510464,2
1.0,1.0,71689.62,66663.21530697869,7.54,0.0,0.0839532374053244,0.30009710960181624,1
5.0,0.0,101800.19,137828.58409694448,26.14,2.0,3.1193013478654783,0.3267534931151171,2
1.0,1.0,90264.88,146415.04503421835,38.35,0.0,0.30092528852975853,0.3682630972940175,1
4.0,2.0,97295.03,67617.64760546353,43.89,2.0,3.1685821665390734,0.9826663820088026,2
0.0,0.0,42847.26,76814.74373943864,44.22,0.0,0.36544161973914147,0.6990338060112234,1
5.0,0.0,48878.11,39702.79680627119,23.11,2.0,3.261202160467034,0.8595579737460497,2
1.0,0.0,100437.55,122754.2773137431,18.18,0.0,0.1330450279720945,0.9895553112005742,1
0.0,0.0,207349.55,191812.72013300814,8.1,0.0,0.20551895880617138,0.8909875194223542,1
1.0,1.0,116450.11,89158.64784524473,30.61,0.0,0.3455555355391195,0.5853311134557907,1
5.0,1.0,263407.21,199279.17450294257,32.18,2.0,3.3925706795953676,0.9131170048648543,2
5.0,1.0,64916.96,43518.774854209456,49.17,3.0,4.184780495072284,0.603625641554491,2
1.0,1.0,73872.7,161258.8972179391,54.19,0.0,0.052492691682283044,0.3797776311313763,2
8.0,1.0,200893.77,186340.56818670878,7.81,4.0,5.176638503617974,0.6836919456829706,2
8.0,0.0,124743.36,140730.32700601764,11.36,4.0,5.315235359794252,0.9410231385515078,2
3.0,1.0,29193.39,30771.99496906449,5.13,1.0,1.879916080423201,0.8491768097405847,1
5.0,1.0,80428.65,72042.85722930648,11.64,2.0,3.439829619317992,0.5813490178434192,2
3.0,2.0,16328.22,26276.504503685406,37.86,1.0,1.9809709411292697,0.8984063989194551,2
0.0,0.0,98197.53,124332.14297400213,21.02,0.0,0.26468208724713166,0.6249277463557896,1
5.0,1.0,204899.02,199648.27374019692,2.63,2.0,3.440103721575439,0.7792023088425781,1
1.0,0.0,35104.22,81203.37651469922,56.77,0.0,0.13103900881281633,0.5331946181332425,2
8.0,0.0,44056.1,40959.55807998964,7.56,4.0,5.279825857212683,0.4362998047328719,2
8.0,0.0,66596.43,61041.63698673478,9.1,4.0,5.2696924629322375,0.5194292826506737,2
5.0,0.0,127419.22,118452.37414993589,7.57,3.0,4.384347070588749,0.9126145420285225,2
4.0,2.0,134377.3,118102.73949851122,13.78,2.0,3.3865614247511258,0.992839689350411,2
4.0,0.0,40303.13,53665.95825789815,24.9,2.0,3.1426714791614794,0.48474178131247425,2
8.0,0.0,222158.64,152633.90070218674,45.55,4.0,5.442930717034887,0.41575438900404327,2
1.0,1.0,27689.68,26722.335383738482,3.62,0.0,0.4457464916659337,0.3497579103172236,1
0.0,0.0,118749.33,128377.65372516423,7.5,0.0,0.4741207628781291,0.8276736893672021,1
5.0,2.0,59637.29,90882.80030057255,34.38,2.0,3.228822163744585,0.6696001788233858,2
2.0,2.0,33630.31,34163.25377021688,1.56,1.0,1.9937071620732985,0.6892701406561013,1
2.0,2.0,140153.39,130533.10289817429,7.37,1.0,1.8924556653821492,0.33164447051008156,1
1.0,1.0,121981.9,137879.38945703662,11.53,0.0,0.32659369110673947,0.35673989404406004,1
4.0,1.0,43132.66,93603.85616992637,53.92,2.0,3.2161289851520904,0.940236092750494,2
1.0,1.0,189206.94,161618.63569842884,17.07,0.0,0.42121561040412525,0.7037115771247103,1
1.0,0.0,139687.39,106770.15103799225,30.83,0.0,0.3820687774874327,0.45344467686373324,1
0.0,0.0,63277.51,64293.34589872304,1.58,0.0,0.2927791326202427,0.44522290756967414,0
2.0,2.0,152545.91,191184.24280824984,20.21,1.0,1.9985729435033694,0.4686322303023969,1
7.0,0.0,207774.97,189368.36717247544,9.72,4.0,5.124730682797032,0.34463052366667085,2
2.0,0.0,36283.28,28168.064996485544,28.81,1.0,1.8208770456433068,0.3348342761385993,1
5.0,1.0,214973.94,189755.44368419284,13.29,2.0,3.160563582775837,0.8039897447382875,2
6.0,1.0,201790.67,157341.65234028015,28.25,3.0,4.2289216201707625,0.4846297701137424,2
3.0,2.0,32762.06,30262.39088587458,8.26,1.0,1.6694732470719298,0.5691254966880585,1
6.0,2.0,119430.31,108671.80165192076,9.9,3.0,4.167277602626789,0.6761540476308996,2
5.0,2.0,24050.87,16640.74891474381,44.53,2.0,3.1884130542367877,0.524044866100916,2
5.0,1.0,112205.35,121882.8434065666,7.94,2.0,3.028339788235,0.6351504892737205,1
1.0,1.0,197832.23,187305.6519549555,5.62,0.0,0.01993054167397823,0.9055074579366373,0
1.0,0.0,55500.13,79959.85012223703,30.59,0.0,0.36246113108715267,0.4708696370183993,1
8.0,1.0,120139.25,106638.78306972003,12.66,4.0,5.155454276481779,0.8538817711856648,2
5.0,0.0,56760.72,53236.46192150845,6.62,3.0,4.010607305411737,0.48476405831286407,2
7.0,2.0,119140.57,112779.78558648958,5.64,4.0,5.040740578288369,0.4308633254863298,2
8.0,1.0,209513.56,162489.18706123918,28.94,4.0,5.09792462061802,0.35086112458053725,2
0.0,0.0,49199.04,50899.07204807367,3.34,0.0,0.02410612812502666,0.7789410648687468,0
5.0,0.0,138989.6,115162.48477325827,20.69,3.0,4.473073602199872,0.5881436654629089,2
2.0,2.0,44401.92,77382.22265240373,42.62,1.0,1.784180440079662,0.8392988397435788,2
5.0,1.0,90725.08,152095.694834014,40.35,3.0,4.197012184890967,0.3928697917231457,2
1.0,1.0,225232.84,143387.34577186857,57.08,0.0,0.2663561169263443,0.7223453872821036,2
1.0,1.0,114715.72,142770.03466167615,19.65,0.0,0.05641005042955777,0.309090931307537,1
5.0,0.0,95554.78,81782.59540763503,16.84,3.0,4.350922790005442,0.4636809892753621,2
6.0,1.0,96092.97,123863.06756439083,22.42,3.0,4.484795247116309,0.7267530420975108,2
5.0,1.0,156342.64,133706.18490042974,16.93,2.0,3.0653285677895754,0.33922707377436423,2
3.0,0.0,158989.73,139354.65475024853,14.09,1.0,1.576300061295394,0.5640601239235441,1
3.0,0.0,122913.46,119298.70726713874,3.03,1.0,1.8143316924177184,0.6931639740186692,1
7.0,2.0,111646.23,174692.90189641275,36.09,4.0,5.075964963676411,0.8093105947738262,2
2.0,1.0,81526.31,57271.73006130049,42.35,1.0,1.563026394124883,0.7939592384778876,2
3.0,1.0,16513.54,20603.289978661538,19.85,1.0,1.83524190878507,0.4037264199373656,1
5.0,1.0,176905.55,192875.65623602198,8.28,2.0,3.309328733692275,0.35261924724010507,1
3.0,2.0,28729.26,21539.408058535024,33.38,1.0,1.608868505403323,0.5634508798598603,2
5.0,0.0,169941.63,181561.5746004714,6.4,2.0,3.411589474413463,0.46856422835712763,1
3.0,1.0,138676.98,126334.13802130247,9.77,1.0,1.5526254226602978,0.5139839763718199,1
5.0,0.0,178599.36,184560.6732097739,3.23,3.0,4.166287449626269,0.5397392542044739,2
8.0,0.0,146054.65,117341.24680690141,24.47,4.0,5.369433821901814,0.5780244651105331,2
7.0,0.0,158721.22,165991.65784363335,4.38,4.0,5.3069506051062065,0.6630202914788837,2
4.0,1.0,105960.74,147045.1500145614,27.94,2.0,3.300035476576766,0.3065126136093016,2
2.0,1.0,81636.92,109771.30539552742,25.63,1.0,1.8431370644735714,0.5086016551142888,1
6.0,1.0,68291.1,79031.48209118766,13.59,3.0,4.323231362419374,0.48505699790870144,2
5.0,2.0,6775.07,10543.213930785041,35.74,3.0,4.437135369895142,0.4653561227907256,2
5.0,1.0,81161.81,57672.00216818162,40.73,2.0,3.2843836737849976,0.8520334385155308,2
5.0,1.0,100112.4,190835.69361004923,47.54,2.0,3.200642241180788,0.4759085976566156,2
6.0,2.0,37832.78,62337.75109434834,39.31,3.0,4.383044663597924,0.4056752487389619,2
4.0,1.0,198646.41,152851.96410581807,29.96,2.0,3.1296198472474535,0.896278204295907,2
6.0,2.0,123161.12,106614.54676095382,15.52,3.0,4.379796017875925,0.5680590475027399,2
0.0,0.0,46186.6,68617.73308441187,32.69,0.0,0.1399919894682689,0.42882379801794,1
3.0,2.0,187123.2,198307.75530285228,5.64,1.0,1.7401903792254987,0.8258454989615507,1
5.0,2.0,17770.7,18925.13172971089,6.1,2.0,3.3695966591203055,0.7600220299303899,1
0.0,0.0,144496.51,120594.65023006452,19.82,0.0,0.31382962391077024,0.961709836913051,1
7.0,0.0,131293.29,97688.46104184515,34.4,4.0,5.042844522647999,0.9144569056983591,2
4.0,1.0,17590.28,24540.017843391703,28.32,2.0,3.223279838442991,0.7860207533620576,2
1.0,1.0,40557.83,50678.279104917456,19.97,0.0,0.40592777998412066,0.41269378786664324,1
6.0,1.0,189884.39,141905.97499879936,33.81,3.0,4.4983824861856085,0.6382268669066791,2
5.0,0.0,33616.22,30582.439660752363,9.92,3.0,4.233398990866967,0.3831520831472195,2
6.0,0.0,269324.42,162194.77100444536,66.05,3.0,4.0429628612775526,0.6845787964356327,2
2.0,1.0,168819.32,128761.58885090155,31.11,1.0,1.6830928551974689,0.9417484898624962,1
8.0,2.0,25774.21,29162.94302788531,11.62,4.0,5.244961498823023,0.3026760629399816,2
2.0,1.0,70454.1,64494.779465017,9.24,1.0,1.5367142641486837,0.9132103573852588,1
4.0,2.0,31025.68,36063.79384590425,13.97,2.0,3.4321294916284475,0.6775226519812079,1
1.0,1.0,116990.34,161544.24615597574,27.58,0.0,0.2693955524535626,0.40587466392405924,1
4.0,0.0,84904.28,111262.32877387672,23.69,2.0,3.2080577987206835,0.8991060191749745,2
5.0,0.0,11738.98,10537.687976151434,11.4,3.0,4.198592252305499,0.6758274433375777,2
5.0,2.0,127329.6,113151.69297334898,12.53,2.0,3.01415426842227,0.6137159914812007,2
2.0,1.0,85618.24,101732.70001034069,15.84,1.0,1.759437810700148,0.6498027184335168,1
6.0,2.0,126355.18,132184.516568576,4.41,3.0,4.237788040825586,0.4031601029890658,2
4.0,2.0,11062.52,16620.370542529257,33.44,2.0,3.1729426285204085,0.3789167225411369,2
0.0,0.0,16187.15,16730.900467278985,3.25,0.0,0.3293386459529184,0.7630895238996495,0
7.0,0.0,124652.06,76379.93996811779,63.2,4.0,5.205516122584024,0.9162883083316671,2
6.0,2.0,196024.56,140822.23827068257,39.2,3.0,4.285882001919357,0.7861210977771564,2
7.0,1.0,125632.37,136646.0375918522,8.06,4.0,5.442521212395185,0.8885496329581415,2
7.0,0.0,100202.33,62870.08004994839,59.38,4.0,5.181943350459032,0.8913401481375329,2
8.0,1.0,74036.82,51052.83346695022,45.02,4.0,5.198961919844274,0.3224284016555907,2
5.0,0.0,183255.78,139793.86350240192,31.09,3.0,4.432951985633422,0.8396684293036578,2
4.0,0.0,15972.63,15151.419865422497,5.42,2.0,3.1790469651189244,0.8404647993678487,1
0.0,0.0,64563.85,115788.8330219464,44.24,0.0,0.21968144953434215,0.5449838762036197,1
4.0,1.0,86004.52,90578.74198838414,5.05,2.0,3.4004061111791306,0.5868943070046448,1
5.0,1.0,65153.85,55426.49540768992,17.55,3.0,4.295933451195715,0.8218430000879668,2
5.0,2.0,118044.14,108856.63697316831,8.44,2.0,3.466942924385132,0.9905883186093192,1
7.0,1.0,44715.72,51261.85475833257,12.77,4.0,5.235331470086114,0.9914776130079788,2
0.0,0.0,114818.07,117221.10505435603,2.05,0.0,0.23951320419007904,0.6316900029887721,0
3.0,2.0,32000.02,38305.028883005245,16.46,1.0,1.5214641853582396,0.8526855183177939,1
4.0,2.0,102852.14,87081.6532973577,18.11,2.0,3.098651581830908,0.6262430448414705,2
3.0,0.0,149944.57,106981.00370791301,40.16,1.0,1.7699996580258954,0.9061714038837587,2
0.0,0.0,19588.36,16023.195328327218,22.25,0.0,0.09355531848557658,0.7548093627130172,1
1.0,0.0,124801.12,126036.27568922672,0.98,0.0,0.22679169784114922,0.9556482736471337,0
6.0,1.0,144367.44,152559.90576452564,5.37,3.0,4.141658590063782,0.9980681129451225,2
2.0,1.0,270366.27,191653.97693409747,41.07,1.0,1.5104066653552863,0.531131362240013,2
1.0,0.0,60494.68,48594.00696823784,24.49,0.0,0.23755471376945791,0.9855266693184863,1
0.0,0.0,34771.38,49652.11977741995,29.97,0.0,0.3231349911268924,0.7847590767814944,1
3.0,2.0,71456.38,67917.8566034791,5.21,1.0,1.6691168482317331,0.46666034016032276,1
0.0,0.0,166769.7,179245.16711681205,6.96,0.0,0.38826348076460654,0.3021783649438792,1
6.0,0.0,106500.76,87302.86110164573,21.99,3.0,4.0730269653972995,0.7786869446475688,2
6.0,1.0,67832.41,67340.82448443142,0.73,3.0,4.045645867711051,0.4556657763922322,2
1.0,0.0,99091.6,150824.34855708142,34.3,0.0,0.4674207470230314,0.4619650347326171,1
4.0,2.0,16787.68,17218.133739752066,2.5,2.0,3.460828273853506,0.6865176453964041,1
1.0,1.0,103681.49,114274.75714857821,9.27,0.0,0.20327212425261942,0.32164814518547497,1
3.0,2.0,103198.09,95536.09830448953,8.02,1.0,1.7099659440239512,0.5914584786331432,1
8.0,1.0,99644.52,128723.0600411046,22.59,4.0,5.425517789898666,0.859561430505515,2
5.0,0.0,161640.65,148908.93796317838,8.55,2.0,3.26526055902298,0.31908216716615184,2
7.0,0.0,62112.06,71747.79325360157,13.43,4.0,5.058556894133599,0.7367591053325556,2
1.0,0.0,123993.64,130919.26534441607,5.29,0.0,0.05743672135900074,0.4108657607972432,1
3.0,2.0,117493.35,109622.45356258898,7.18,1.0,1.565565369154848,0.9039875620688371,1
2.0,0.0,52326.39,35453.88397415256,47.59,1.0,1.890382602167778,0.57348085023075,2
3.0,2.0,135329.58,177527.9795218355,23.77,1.0,1.8009481327967216,0.8684856303122499,1
8.0,2.0,194797.94,153372.13188786246,27.01,4.0,5.149883095554536,0.8066741848132009,2
0.0,0.0,238556.78,185114.28550351545,28.87,0.0,0.08103671020162473,0.9144845881705952,1
7.0,2.0,170920.62,146876.8723781599,16.37,4.0,5.061731760317,0.6618019264186437,2
7.0,2.0,46510.4,56513.24648950452,17.7,4.0,5.370693754392156,0.640279103624719,2
4.0,1.0,80086.3,91799.98277583798,12.76,2.0,3.442931284804553,0.3262013726559401,2
3.0,1.0,58086.08,83505.00083452511,30.44,1.0,1.7655391933356095,0.6736698613968954,2
5.0,0.0,25084.89,16806.16720010967,49.26,2.0,3.3863550485925495,0.6653834572341787,2
1.0,1.0,101539.19,88004.14906598847,15.38,0.0,0.14156420249582125,0.7244763477868761,1
6.0,2.0,85614.81,75658.19625957878,13.16,3.0,4.2928318967270425,0.3917151471119358,2
2.0,1.0,13640.36,10745.519378167171,26.94,1.0,1.7190194239225713,0.6779775367864588,1
8.0,0.0,175090.49,170953.4192273455,2.42,4.0,5.043847096090146,0.6178226133180446,2
5.0,1.0,51116.91,37336.1407514921,36.91,2.0,3.243683387237379,0.7171831938725988,2
4.0,2.0,99027.83,105180.91180320017,5.85,2.0,3.423393374499479,0.7623850581510689,1
5.0,0.0,113462.12,159088.7863954686,28.68,3.0,4.025891258912997,0.5529963861821641,2
5.0,2.0,122416.86,124851.46012896372,1.95,2.0,3.2385529884855777,0.652837145091713,1
8.0,0.0,36891.99,42176.73282270367,12.53,4.0,5.436631538030517,0.5765684735103974,2
1.0,0.0,165392.24,127460.11387637121,29.76,0.0,0.39503596473832175,0.8358429534173364,1
7.0,1.0,179297.89,153943.40994525986,16.47,4.0,5.246724989833325,0.857496588911075,2
5.0,1.0,212661.89,172405.25806739414,23.35,3.0,4.085672319631843,0.5050589779629946,2
7.0,2.0,47370.44,70544.21435013093,32.85,4.0,5.42426309814575,0.4816821567688033,2
3.0,0.0,20896.75,16445.066101843673,27.07,1.0,1.5765672911773108,0.774826174298321,1
6.0,0.0,136806.07,125510.15922415233,9.0,3.0,4.138410356598551,0.8418113437221237,2
2.0,1.0,82020.56,52896.016927342265,55.06,1.0,1.5621375957261172,0.3076058441047286,2
5.0,2.0,183044.12,158370.06404947236,15.58,3.0,4.22950455721395,0.5992051870305581,2
1.0,1.0,107347.62,139177.52477956362,22.87,0.0,0.3145989639863254,0.5154116148894006,1
3.0,1.0,186764.62,156905.50238842628,19.03,1.0,1.9135591554928708,0.836564317747921,1
3.0,2.0,266401.23,193830.9280610663,37.44,1.0,1.7306688041909282,0.4004785072345842,2
3.0,2.0,95132.1,121064.00507822284,21.42,1.0,1.985360135792595,0.8447725521005554,1
3.0,2.0,158928.49,181819.57457792087,12.59,1.0,1.7979284937276092,0.7629846318660203,1
6.0,2.0,166163.71,131959.74267006843,25.92,3.0,4.3022050176375375,0.8900507016074244,2
1.0,1.0,39521.64,44531.42577774997,11.25,0.0,0.08764401481316775,0.9931703431848655,1
6.0,2.0,106250.52,161868.55410670218,34.36,3.0,4.095058017260048,0.6335885840351563,2
0.0,0.0,108394.01,141802.7386006059,23.56,0.0,0.28831307854175015,0.7895880463077032,1
6.0,1.0,253082.56,195808.55775823403,29.25,3.0,4.360439701877716,0.7969726569224154,2
6.0,2.0,67570.0,56252.077898741365,20.12,3.0,4.102353343823898,0.8912012745483526,2
2.0,0.0,55417.48,73293.84809394718,24.39,1.0,1.7420088388462966,0.6626876273025275,1
6.0,1.0,148212.73,166083.29505445066,10.76,3.0,4.178100030654082,0.3753534183976273,2
7.0,2.0,22726.02,21949.02362638028,3.54,4.0,5.219381878040895,0.985554068562642,2
5.0,0.0,85156.25,130307.95527683875,34.65,3.0,4.111065469007677,0.3397861412017103,2
2.0,2.0,128736.17,111740.45001924627,15.21,1.0,1.5703614320161738,0.9736621548094926,1
2.0,1.0,32869.89,42076.1557308358,21.88,1.0,1.6602505145269353,0.47875075797970584,1
6.0,2.0,43706.57,41373.124759446204,5.64,3.0,4.434458333419577,0.6447387447089664,2
1.0,1.0,160117.8,163937.5480382561,2.33,0.0,0.4026128797543831,0.9654630526206505,0
5.0,0.0,14431.11,12934.579533158207,11.57,3.0,4.050827066856356,0.7736623780920218,2
3.0,2.0,170522.8,151899.87365888897,12.26,1.0,1.5439042561401803,0.7098929416436188,1
6.0,0.0,114501.28,149206.77313085253,23.26,3.0,4.246475614409522,0.5281250012184303,2
1.0,0.0,127341.02,133439.19551004434,4.57,0.0,0.13869110106973886,0.5046842312370675,0
1.0,1.0,110410.23,87808.35598544056,25.74,0.0,0.41171289750563006,0.32294436486481065,1
8.0,2.0,11234.23,15380.929869599335,26.96,4.0,5.2430905897897,0.7104325588659242,2
8.0,0.0,157694.71,162337.56697567325,2.86,4.0,5.426353870225933,0.6010708859069065,2
8.0,1.0,31122.79,33884.368723223844,8.15,4.0,5.054099409321188,0.45701083786542473,2
8.0,0.0,56032.74,63349.62199034408,11.55,4.0,5.485038538364223,0.5689498870710228,2
2.0,0.0,193515.63,189888.75609032862,1.91,1.0,1.883550671038723,0.9586595456847389,1
1.0,1.0,95271.66,67353.59503807253,41.45,0.0,0.36593828153301794,0.8938800829103579,1
0.0,0.0,73996.09,58476.43857503511,26.54,0.0,0.4701080806158477,0.6012851093365118,1
5.0,1.0,246482.65,194940.4055218968,26.44,2.0,3.235151370112587,0.9859671185982111,2
1.0,1.0,26879.99,26327.11839817709,2.1,0.0,0.07444445703092567,0.6234824410760988,1
8.0,2.0,23491.87,40531.173704296016,42.04,4.0,5.248450372920538,0.5443993147505688,2
1.0,1.0,85071.66,93280.32782753918,8.8,0.0,0.40761191970527944,0.5715444266841233,1
1.0,1.0,181978.07,159657.89428989464,13.98,0.0,0.42977147948281713,0.912231680557503,1
1.0,1.0,139111.23,178028.1983992225,21.86,0.0,0.24427285281391642,0.48742832541368697,1
1.0,0.0,109618.83,153570.78730972554,28.62,0.0,0.36615111008714685,0.45547193407016384,1
1.0,0.0,146604.94,195473.25600454223,25.0,0.0,0.1234763501195939,0.9723831269071246,1
4.0,2.0,19687.62,13200.767095322135,49.14,2.0,3.1152735209549385,0.8139882355998089,2
3.0,2.0,154447.93,127706.24544837352,20.94,1.0,1.7931297761915341,0.8346465703362942,1
5.0,1.0,31142.61,32105.778358137428,3.0,2.0,3.2108755843787997,0.8182032791980871,1
8.0,2.0,110769.38,182968.9207149253,39.46,4.0,5.080526204711049,0.7780351540150626,2
5.0,2.0,213705.98,187708.36939828453,13.85,2.0,3.3806812464141895,0.36387357730207504,2
5.0,1.0,53283.17,67575.36136372155,21.15,2.0,3.266073723862981,0.8275751930558342,2
2.0,0.0,103319.36,167264.6216847697,38.23,1.0,1.7601961537082789,0.47424533009514414,2
0.0,0.0,173712.46,129752.35932358666,33.88,0.0,0.0946547598398399,0.39268368494602574,1
2.0,2.0,31021.73,29092.86905216105,6.63,1.0,1.6205703181329636,0.9881020942710665,1
8.0,0.0,139705.66,124525.9502724044,12.19,4.0,5.3463539421913335,0.3195046483862546,2
5.0,2.0,152393.02,195450.83747795701,22.03,2.0,3.425951541250674,0.32214526550146294,2
1.0,0.0,56584.86,68537.86931108739,17.44,0.0,0.08860607340715687,0.5169387727094583,1
3.0,2.0,8903.9,10216.747467740453,12.85,1.0,1.906172860597091,0.8909414442585151,1
5.0,1.0,229584.03,195590.41866860402,17.38,3.0,4.394047583446374,0.9845608849321719,2
5.0,2.0,47883.56,88656.8493155956,45.99,2.0,3.407455909287664,0.38296940601772816,2
5.0,2.0,84187.1,91877.22589024274,8.37,2.0,3.2908719069459154,0.5768078836928643,1
8.0,1.0,160372.12,145396.30224781032,10.3,4.0,5.175921009345376,0.8140112799638388,2
5.0,0.0,88956.16,124833.22355744061,28.74,2.0,3.3855104608095217,0.7518697734591039,2
4.0,2.0,68118.61,67377.45633927791,1.1,2.0,3.2399727107860183,0.4633636752411054,1
1.0,1.0,19940.41,28995.79694463379,31.23,0.0,0.1109320407026263,0.5304441580538413,1
1.0,1.0,145981.34,167198.8787899672,12.69,0.0,0.20119338007860071,0.7160622563019343,1
8.0,0.0,105090.41,101841.66350581648,3.19,4.0,5.228858420640175,0.32478458998004045,2
4.0,0.0,164897.05,137770.11579287704,19.69,2.0,3.2526725763958497,0.8307602841483936,2
2.0,1.0,139056.96,173495.89302263764,19.85,1.0,1.9487817877043925,0.4927834434924391,1
4.0,1.0,14944.59,13367.252064192247,11.8,2.0,3.2055825062881342,0.8798423290258928,2
0.0,0.0,272591.81,173283.20261911137,57.31,0.0,0.1424054085205098,0.7785681892745508,2
5.0,1.0,190378.87,152841.09935378592,24.56,3.0,4.481173978845651,0.7517901646066283,2
0.0,0.0,124192.07,189896.13249742813,34.6,0.0,0.12097409546554538,0.8371527846608933,1
5.0,2.0,37306.23,54382.25300106891,31.4,3.0,4.005558145371046,0.3525941651317406,2
4.0,1.0,86980.25,71260.24406760432,22.06,2.0,3.424910509060613,0.48197951231662356,2
1.0,1.0,159642.22,135680.96109637874,17.66,0.0,0.47722288538407875,0.665216227348509,1
1.0,1.0,219623.05,185900.66784563434,18.14,0.0,0.34106597373645936,0.8440094335570192,1
5.0,1.0,99541.92,198607.17867538423,49.88,3.0,4.20382482709606,0.8943390268607494,2
1.0,1.0,101861.57,89180.1536112794,14.22,0.0,0.27187734259715174,0.5674725583147966,1
0.0,0.0,170873.3,112453.63838694134,51.95,0.0,0.41600078554832814,0.8555533557759056,1
6.0,0.0,51555.62,42404.691446608995,21.58,3.0,4.442670164973298,0.45419187709577086,2
2.0,1.0,113682.85,141855.3197753337,19.86,1.0,1.55126294335546,0.3577046702218538,1
2.0,0.0,211274.02,169100.38034965374,24.94,1.0,1.933998358620502,0.47260839754704503,1
0.0,0.0,112621.91,161743.3693644398,30.37,0.0,0.30867490810815823,0.9322037136967061,1
7.0,2.0,80305.79,75710.17850365963,6.07,4.0,5.016139276067999,0.6808254944119869,2
0.0,0.0,223227.82,193020.16298564852,15.65,0.0,0.05424285128519846,0.6369443770665054,1
0.0,0.0,21251.06,32865.85153722596,35.34,0.0,0.022767106856844133,0.8203342829609817,1
2.0,2.0,88805.81,103854.30286827036,14.49,1.0,1.974279286292721,0.3070650520465395,1
1.0,1.0,141886.27,115373.45473669001,22.98,0.0,0.21325895133334227,0.3828121830880194,1
3.0,1.0,77695.91,111937.63284019438,30.59,1.0,1.8578078154289255,0.36972190803296023,2
0.0,0.0,109416.47,153999.24813899936,28.95,0.0,0.0008586706739555638,0.3851669777524317,1
0.0,0.0,125296.91,125825.37417067782,0.42,0.0,0.3965859832877702,0.6174152552891687,0
3.0,2.0,15105.87,24654.592325893183,38.73,1.0,1.7410176936566581,0.4964780401953279,2
8.0,1.0,63863.61,44171.81415298179,44.58,4.0,5.461801334881339,0.8500075054550511,2
1.0,0.0,142129.4,111125.41392446969,27.9,0.0,0.2604487456275952,0.8873273824301771,1
0.0,0.0,97969.39,141964.04420204958,30.99,0.0,0.3944000746120248,0.9474575430493342,1
8.0,2.0,52608.11,107693.16112000986,51.15,4.0,5.314733345680159,0.43724367944041953,2
8.0,1.0,56228.95,77546.4788536883,27.49,4.0,5.260269236319809,0.6519961790738475,2
4.0,2.0,24246.2,19715.566731714258,22.98,2.0,3.474122094434251,0.3340884733997562,2
1.0,1.0,140884.35,159317.3708736711,11.57,0.0,0.24779961106268733,0.46793568759394466,1
2.0,0.0,60256.51,104466.90558063684,42.32,1.0,1.9461941824870883,0.7305541593680434,2
0.0,0.0,104874.86,112369.9348039476,6.67,0.0,0.018038815067434488,0.5956746207224971,1
1.0,1.0,94949.67,99102.04665090407,4.19,0.0,0.3287094226245591,0.7834894729978523,1
3.0,1.0,52724.72,60415.62899169187,12.73,1.0,1.9558307896170728,0.8874591663878513,1
5.0,1.0,66217.86,62510.958301369144,5.93,2.0,3.449637664743137,0.34167457621899844,2
2.0,1.0,24271.66,22065.14957749822,10.0,1.0,1.7425268152526752,0.9570290778394412,1
4.0,1.0,154583.77,144443.81307836724,7.02,2.0,3.23604858298484,0.32968233006640774,1
1.0,0.0,63542.51,61655.845895369166,3.06,0.0,0.4052567173116198,0.9871681057888377,0
3.0,0.0,20578.5,66726.65615311277,69.16,1.0,1.6675079425531019,0.7463422075644837,2
6.0,0.0,153486.35,198765.0229905396,22.78,3.0,4.468580712578272,0.3303100135010951,2
8.0,2.0,105829.89,83304.38560659777,27.04,4.0,5.12534206027713,0.575540172722977,2
3.0,1.0,116943.68,107032.46947326168,9.26,1.0,1.5371989136565598,0.4807459200521812,1
4.0,2.0,66919.11,83429.8891446245,19.79,2.0,3.385961976306428,0.8590006433320088,2
0.0,0.0,57867.1,65136.31151643133,11.16,0.0,0.20236212775612478,0.4578186185041168,1
0.0,0.0,7291.46,11111.640266885428,34.38,0.0,0.17788868428167004,0.8783487594171648,1
5.0,2.0,124682.98,172428.40607729845,27.69,3.0,4.160454977389793,0.5186389803055118,2
0.0,0.0,108490.53,99899.1983336117,8.6,0.0,0.49022111709301947,0.992400569867,0
3.0,1.0,110172.44,146779.15770478922,24.94,1.0,1.785838326536608,0.48928637495977517,1
2.0,0.0,216297.37,192144.77140961838,12.57,1.0,1.9959572212993955,0.7794725622576613,1
1.0,1.0,12787.81,10537.954591210088,21.35,0.0,0.17179049417173475,0.8601356297633942,1
0.0,0.0,151184.6,138257.52530040886,9.35,0.0,0.20698461933015538,0.45152159043792295,1
3.0,1.0,31139.19,32541.733766448346,4.31,1.0,1.605881349054334,0.35302902149102217,1
8.0,1.0,84799.38,97013.3609596791,12.59,4.0,5.215182058169752,0.6858732370985667,2
4.0,2.0,136146.94,170888.5953693753,20.33,2.0,3.031002671451808,0.7739553441283151,2
2.0,0.0,17541.94,23584.21130704897,25.62,1.0,1.5002789259664935,0.8720933287435355,1
0.0,0.0,194897.74,198026.56212694052,1.58,0.0,0.22653673805267677,0.49093476235028005,0
5.0,0.0,116844.33,120358.80734248899,2.92,2.0,3.373011962296412,0.9106001246505195,1
1.0,0.0,51207.86,85048.7571942595,39.79,0.0,0.21853258323102703,0.9410366542337392,1
5.0,1.0,13776.86,13706.950413726825,0.51,2.0,3.25900269958171,0.8454308845284708,1
6.0,2.0,119200.1,121496.38485066318,1.89,3.0,4.222807947782761,0.3053177948550286,2
2.0,0.0,91431.25,104029.18816142602,12.11,1.0,1.7634021399606459,0.3610514785444041,1
1.0,1.0,52157.53,50910.23041277288,2.45,0.0,0.3878020238748386,0.9984161476708633,0
0.0,0.0,82021.78,103185.03138162513,20.51,0.0,0.40189314530922265,0.8137640860206279,1
1.0,0.0,11255.33,12429.960164367418,9.45,0.0,0.4190290218562353,0.738754145826149,1
3.0,2.0,197961.71,199900.74666547083,0.97,1.0,1.606214954034808,0.9309534056771052,1
8.0,0.0,39431.08,73101.74382146941,46.06,4.0,5.2289222281719585,0.32774902566895875,2
1.0,1.0,121197.05,101242.20813162606,19.71,0.0,0.41550284810178567,0.8301645036884353,1
5.0,2.0,182799.01,159107.85192957727,14.89,2.0,3.4709395099386477,0.7582742989435103,2
5.0,2.0,118916.38,145427.8852827493,18.23,2.0,3.271491691202057,0.8937545820114461,1
0.0,0.0,192595.84,178826.2177333992,7.7,0.0,0.24649998900085418,0.8445329635426491,0
0.0,0.0,250682.0,188851.8900046447,32.74,0.0,0.38229738557373,0.6394515990012932,1
3.0,2.0,51967.02,45943.78788360962,13.11,1.0,1.9958471568012703,0.34967791702671663,1
4.0,1.0,88149.08,84175.97078289717,4.72,2.0,3.212966099175662,0.9365810783310835,1
2.0,0.0,137010.95,140495.22847285436,2.48,1.0,1.5825498391174166,0.8344515721356982,1
5.0,0.0,18283.71,18554.612331778786,1.46,3.0,4.417153400543473,0.5494772453214908,2
8.0,2.0,113861.15,146219.53217406658,22.13,4.0,5.35521260423999,0.9887497730641599,2
6.0,2.0,9354.24,10927.853600237071,14.4,3.0,4.07253788599764,0.5177757541418186,2
8.0,0.0,202871.04,183676.8104908314,10.45,4.0,5.161754648369026,0.559392428582774,2
6.0,0.0,99397.11,146452.19545090455,32.13,3.0,4.2766116961150065,0.9822729892173638,2
8.0,0.0,117151.23,117444.84276834672,0.25,4.0,5.365732780163438,0.7676777539416739,2
6.0,0.0,100914.78,91491.18473723278,10.3,3.0,4.390323291777532,0.9154364343653247,2
5.0,2.0,158713.62,197724.70602381817,19.73,3.0,4.077865684914957,0.921427902714502,2
6.0,2.0,179714.76,149937.22933829972,19.86,3.0,4.108375335283573,0.6755138351438897,2
8.0,0.0,119075.47,163385.6619276395,27.12,4.0,5.372061257212523,0.4868767737051291,2
2.0,2.0,121664.12,166823.14814461154,27.07,1.0,1.5580561863870428,0.8932121024238511,1
4.0,2.0,9706.93,14156.237324682315,31.43,2.0,3.249080119462281,0.6513212969592722,2
5.0,1.0,22310.77,20390.033161829364,9.42,2.0,3.272996077195835,0.6950457257132516,2
8.0,2.0,41890.32,47689.34728682216,12.16,4.0,5.169677273562808,0.6789575743680224,2
2.0,0.0,130819.73,134491.34325654237,2.73,1.0,1.8981681070634406,0.30671164228659054,1
5.0,2.0,140762.63,128550.34727788862,9.5,3.0,4.027707905372895,0.33210837343971816,2
6.0,0.0,81830.43,71781.07541267961,14.0,3.0,4.388722247390398,0.7314690281469888,2
8.0,2.0,259819.86,194869.7650031474,33.33,4.0,5.323016374157494,0.8561061510859576,2
1.0,1.0,31705.35,27690.262004343713,14.5,0.0,0.253608787836699,0.6199270089077467,1
6.0,0.0,192732.21,157576.8233265995,22.31,3.0,4.436186348739301,0.4332858083780107,2
6.0,2.0,149079.94,101366.65274019627,47.07,3.0,4.101123219016807,0.5846447843405692,2
8.0,2.0,91755.26,89578.49799478035,2.43,4.0,5.400387017562174,0.8378264862133755,2
7.0,1.0,10793.86,14857.34870703071,27.35,4.0,5.093887270380773,0.3760349710712798,2
4.0,0.0,117498.6,148281.93190784196,20.76,2.0,3.4952230486115003,0.6921392206118384,2
5.0,0.0,98360.05,156599.34704572512,37.19,2.0,3.0163823849449054,0.7915489574807908,2
0.0,0.0,102810.52,70601.92438984901,45.62,0.0,0.2765986295890253,0.591083059209794,1
8.0,0.0,135538.42,108222.94541321068,25.24,4.0,5.084008407110654,0.7208834837914702,2
0.0,0.0,83925.13,125224.00341462385,32.98,0.0,0.20398753323668584,0.9184338620744623,1
5.0,1.0,55561.44,79852.59614408777,30.42,3.0,4.073973335087281,0.44896926219511296,2
5.0,2.0,109287.67,126960.58117027872,13.92,3.0,4.09691272589527,0.39455820958788596,2
2.0,2.0,100095.59,92484.14128918205,8.23,1.0,1.5304902543632442,0.342593810826798,1
1.0,1.0,200705.76,176833.27254412632,13.5,0.0,0.004001772636925471,0.8083491513935461,1
1.0,0.0,173476.74,146517.51307121673,18.4,0.0,0.359652943053333,0.9303715827083823,1
8.0,2.0,36741.47,30994.996797277945,18.54,4.0,5.226730266373085,0.7832755384149517,2
4.0,0.0,191556.81,161924.60489516176,18.3,2.0,3.0227960925890613,0.9835170083960865,2
1.0,1.0,47092.29,74126.06996505169,36.47,0.0,0.46948490944193577,0.7956775152895323,1
5.0,0.0,197446.31,187758.00018608163,5.16,3.0,4.332805072731266,0.501946338854653,2
0.0,0.0,114881.19,124640.54315783014,7.83,0.0,0.132136566016747,0.4789125652065661,0
7.0,0.0,17054.87,15239.812521751322,11.91,4.0,5.219347573560049,0.7666685569832417,2
2.0,1.0,125245.42,149528.91396920136,16.24,1.0,1.7446333414528166,0.7730681740217,1
0.0,0.0,46308.7,34839.530104498815,32.92,0.0,0.2849639073854321,0.6666686321347276,1
0.0,0.0,125991.09,176680.82176188295,28.69,0.0,0.4287251388347811,0.6688223574286931,1
4.0,0.0,168749.16,190182.75843590643,11.27,2.0,3.2949501413670763,0.5916490029064261,2
3.0,0.0,141444.96,142098.61207557496,0.46,1.0,1.9893630745224316,0.5449447205111246,1
6.0,1.0,128210.82,111245.82757602935,15.25,3.0,4.363404544648363,0.7438367581937803,2
2.0,0.0,164097.89,124391.97148826621,31.92,1.0,1.9942585991354045,0.8232621072292199,1
2.0,2.0,71969.27,91482.48252722714,21.33,1.0,1.7753745756382404,0.8693840135244713,1
0.0,0.0,27438.75,25880.728582772124,6.02,0.0,0.3392245942315448,0.5154857738875069,1
1.0,1.0,241491.94,186480.26477852013,29.5,0.0,0.3689492860323233,0.9004139653995218,1
8.0,1.0,78835.13,72545.44160334402,8.67,4.0,5.377373517284498,0.5119195476679681,2
0.0,0.0,79336.43,69441.07700307656,14.25,0.0,0.01221481416814546,0.5134147509081396,1
7.0,0.0,44163.91,46351.707408236485,4.72,4.0,5.063737160367579,0.8642016069365781,2
2.0,0.0,203978.19,198557.56727854782,2.73,1.0,1.6138611930145448,0.9785628041936629,1
0.0,0.0,179084.53,189087.2430832554,5.29,0.0,0.13574724543820904,0.9525579864742948,0
0.0,0.0,61900.56,76392.150272214,18.97,0.0,0.4526840946476613,0.37775553286942426,1
0.0,0.0,58777.31,59401.02237953277,1.05,0.0,0.3613016117362178,0.5019336300501266,0
6.0,0.0,144680.44,163020.21063964843,11.25,3.0,4.071640805267185,0.8319275681028007,2
5.0,2.0,68019.91,90295.9095372665,24.67,2.0,3.21317751654054,0.8643705170898035,2
3.0,2.0,317671.94,193879.72951674712,63.85,1.0,1.6215607725645413,0.6529865703330524,2
4.0,0.0,168363.76,181231.1786257737,7.1,2.0,3.414931823285405,0.31127194462835983,1
4.0,0.0,162149.41,154295.75502943658,5.09,2.0,3.458898493009778,0.6512933013222546,1
7.0,1.0,30920.94,27085.615121729705,14.16,4.0,5.082145068406795,0.32180284614841176,2
7.0,1.0,128676.65,143404.26994554506,10.27,4.0,5.208285390988755,0.4969768113561836,2
4.0,2.0,197183.18,197578.33350356636,0.2,2.0,3.4764184926265815,0.7598020352551373,1
5.0,0.0,81014.6,80925.58126691569,0.11,3.0,4.328544721345795,0.3942216797607706,2
5.0,1.0,218056.43,177498.1105793697,22.85,3.0,4.434048434171467,0.7987426806007909,2
2.0,0.0,97142.1,87546.94947577672,10.96,1.0,1.6788468655020772,0.734970365453619,1
6.0,0.0,274765.17,194551.56013478254,41.23,3.0,4.104851183118285,0.6007859530174132,2
1.0,1.0,192981.07,134182.36060163577,43.82,0.0,0.34565186448951707,0.560508536244134,1
6.0,1.0,22719.08,28335.091753620625,19.82,3.0,4.068713167438735,0.9402664801195841,2
7.0,1.0,117161.48,101018.69037097841,15.98,4.0,5.41995094836313,0.6872194633364899,2
0.0,0.0,27892.99,19448.463145566377,43.42,0.0,0.3774185784277058,0.9222296801531833,1
6.0,1.0,101915.64,85064.38750036054,19.81,3.0,4.152453317513402,0.5887095773891287,2
8.0,1.0,120046.17,183922.43068680543,34.73,4.0,5.249355759859484,0.7162481262574518,2
1.0,1.0,110282.51,54118.41695145887,103.78,0.0,0.39959694980968746,0.9682260912811322,2
4.0,1.0,247542.45,190607.8778355275,29.87,2.0,3.467455159886213,0.38686019794046544,2
8.0,0.0,21472.37,28985.378480676685,25.92,4.0,5.176080247943614,0.4839464660001666,2
8.0,2.0,154198.62,136314.19394409255,13.12,4.0,5.394995909192632,0.9416857602098614,2
1.0,0.0,234478.72,193480.25566859523,21.19,0.0,0.09723354054714167,0.5954030885479364,1
3.0,2.0,100878.03,134289.17900931765,24.88,1.0,1.951770069593282,0.4904247718514794,1
4.0,1.0,230587.95,180810.7512135038,27.53,2.0,3.3431250050999783,0.9981377980991957,2
1.0,1.0,258300.1,198295.79018270157,30.26,0.0,0.07636966003507412,0.3715465156683924,1
3.0,1.0,173963.21,131950.2528480682,31.84,1.0,1.8699144608049654,0.7280801074249837,2
0.0,0.0,119940.24,158630.13098521534,24.39,0.0,0.36202883563414034,0.85165217526989,1
0.0,0.0,16308.7,16077.186818150043,1.44,0.0,0.3711487284585442,0.8507172985844451,0
4.0,0.0,93486.93,91188.97191861838,2.52,2.0,3.1724387087123405,0.6092894134687754,1
5.0,0.0,65023.02,64770.4171659333,0.39,2.0,3.3699001249634177,0.33077272394319757,1
4.0,2.0,213475.11,166595.21345945977,28.14,2.0,3.4132850284050287,0.8887189633778307,2
6.0,2.0,115473.15,138739.8223904481,16.77,3.0,4.173564454770541,0.8619162319788884,2
3.0,2.0,107081.53,126738.70225223592,15.51,1.0,1.6039788332905218,0.4661665266457637,1
0.0,0.0,121304.4,186996.15068559433,35.13,0.0,0.4439399607464594,0.5383691965847174,1
0.0,0.0,30275.07,26884.88296547404,12.61,0.0,0.3103470324905842,0.658814631780555,1
1.0,1.0,139540.42,191229.8417207688,27.03,0.0,0.23019358452247485,0.37990059536442194,1
3.0,2.0,33353.87,29145.294362151995,14.44,1.0,1.9398719529699935,0.8743951689696394,1
0.0,0.0,88477.52,75933.33390767833,16.52,0.0,0.06800282178907385,0.9454699797750699,1
1.0,1.0,171713.79,129751.99631146465,32.34,0.0,0.40529230293048757,0.5157360319726758,1
0.0,0.0,80436.61,74880.47873482047,7.42,0.0,0.2454106379416517,0.9468206257350917,0
5.0,1.0,204494.29,139681.89287592948,46.4,2.0,3.0212621307590157,0.8606086585231185,2
5.0,1.0,118752.34,157329.53764715762,24.52,2.0,3.486306342839269,0.8094778108025593,2
8.0,1.0,185279.41,167416.10768885445,10.67,4.0,5.389033371374421,0.9784075998046196,2
5.0,2.0,42911.72,44075.30317175997,2.64,3.0,4.107377911927289,0.5272551131781519,2
4.0,1.0,56777.81,44594.572275880855,27.32,2.0,3.4618477900006335,0.9409499580287783,2
1.0,0.0,21413.21,19939.665306492825,7.39,0.0,0.4676727793278901,0.36888251832624575,0
5.0,1.0,92130.22,103261.849392297,10.78,2.0,3.400232800048259,0.6346099052206878,1
1.0,1.0,35527.99,36131.38758073696,1.67,0.0,0.06358521657103755,0.6864078816823713,0
2.0,2.0,71965.26,70533.42836355115,2.03,1.0,1.5931906666166864,0.38596743194585,1
3.0,2.0,165796.79,169682.52066382646,2.29,1.0,1.8770164674521246,0.8161478042455248,1
3.0,0.0,127502.33,190245.19911635987,32.98,1.0,1.956902885231496,0.6326252746824502,1
0.0,0.0,114541.2,166194.42999593218,31.08,0.0,0.10750906894721007,0.6188783076560895,1
5.0,0.0,7424.35,10123.192800866549,26.66,2.0,3.2304139176118,0.7070077660900584,2
5.0,1.0,148702.93,117924.60585436669,26.1,3.0,4.077396979841226,0.39429817629572095,2
6.0,2.0,44798.66,41665.42461771819,7.52,3.0,4.239003921415347,0.4400176122113586,2
5.0,2.0,85974.28,81391.91312928397,5.63,2.0,3.321264565017362,0.4264790987755205,2
5.0,0.0,64908.44,91304.59938758332,28.91,2.0,3.00927744420468,0.9663528182203018,2
0.0,0.0,277439.13,189158.74398428717,46.67,0.0,0.3214635958471484,0.8412329179710469,1
6.0,2.0,108553.58,130410.35905921858,16.76,3.0,4.319874963842867,0.6704378827306674,2
5.0,1.0,55432.33,60854.459876233406,8.91,2.0,3.227504243432818,0.761618591961027,2
1.0,1.0,179737.83,132131.0197203535,36.03,0.0,0.44770113129710654,0.7549846742981812,1
2.0,2.0,182418.67,190854.44073524533,4.42,1.0,1.5674095087600273,0.4836415070787513,1
8.0,2.0,15065.7,21240.233577496467,29.07,4.0,5.025655915226862,0.3606254858396418,2
4.0,2.0,199778.08,165037.6568900986,21.05,2.0,3.247915579987328,0.6884571332740883,2
3.0,2.0,52833.91,51210.53558568644,3.17,1.0,1.7665172600410548,0.484129742519535,1
5.0,2.0,57076.05,39090.510892151826,46.01,2.0,3.1333445931218424,0.9114301541684884,2
3.0,2.0,213127.1,180784.71454795552,17.89,1.0,1.9808138533268431,0.4652371309447776,1
3.0,2.0,9972.54,10351.396829600486,3.66,1.0,1.6268636199915747,0.701003032636705,1
1.0,1.0,166806.84,150806.29067084953,10.61,0.0,0.13508091436656394,0.594065031329334,1
3.0,0.0,39434.92,26573.397878983735,48.4,1.0,1.9054932274106033,0.8200319788728216,2
5.0,2.0,153692.93,127419.1060577171,20.62,2.0,3.4614118379143823,0.9655223520773315,2
1.0,1.0,219942.75,127970.41126420797,71.87,0.0,0.2680698730024298,0.5880997487518826,2
5.0,0.0,219739.94,173927.4494033777,26.34,3.0,4.0095269934732825,0.3310481692512878,2
0.0,0.0,186500.11,166295.23447361423,12.15,0.0,0.17771744127793015,0.7630019737949186,1
5.0,1.0,139242.01,140181.2251863472,0.67,2.0,3.1119699143079127,0.39042941129771624,1
4.0,1.0,57291.84,82304.04217997708,30.39,2.0,3.2555090236673276,0.3731510529581639,2
5.0,2.0,26847.19,41617.091939038335,35.49,2.0,3.3412858946343897,0.7630906954288341,2
4.0,1.0,119179.59,130779.75595886409,8.87,2.0,3.196218142704006,0.3719686348310014,2
7.0,2.0,136952.42,104424.26175450339,31.15,4.0,5.268679990362962,0.3901439922301984,2
5.0,2.0,21578.89,24809.029833463617,13.02,2.0,3.3799301572061156,0.6073565112243096,1
6.0,2.0,171845.57,191556.759189082,10.29,3.0,4.123073504236583,0.61662826036379,2
5.0,1.0,80674.9,69739.70878324434,15.68,3.0,4.09798394913188,0.9396000141534153,2
0.0,0.0,8433.63,10406.745348538008,18.96,0.0,0.4028174734135908,0.49329394909672997,1
1.0,1.0,193252.09,181321.1577291139,6.58,0.0,0.018511811920417565,0.5806545754081311,1
2.0,0.0,118359.52,119639.66717542661,1.07,1.0,1.5752982918552825,0.7952647184499315,1
0.0,0.0,141742.81,149281.5279745603,5.05,0.0,0.006178372731135251,0.8789139553499339,0
3.0,0.0,37251.29,39006.585656123105,4.5,1.0,1.7776923967279534,0.5443842574919928,1
3.0,0.0,85311.33,86875.07806494796,1.8,1.0,1.8000428659036842,0.7417541940126564,1
5.0,2.0,166802.3,132561.63366461184,25.83,2.0,3.265515347184752,0.7369301211291267,2
1.0,1.0,47150.32,57683.29455100362,18.26,0.0,0.2071345146551401,0.512245335580201,1
6.0,0.0,157427.01,143284.79958499,9.87,3.0,4.264514561709232,0.38303483642670383,2
3.0,0.0,82466.76,54386.83530803639,51.63,1.0,1.5969689007579813,0.7777619587300197,2
5.0,0.0,32963.89,49734.287156575825,33.72,3.0,4.413121362418078,0.487647647523448,2
0.0,0.0,13486.93,12208.68354947274,10.47,0.0,0.4903865018531379,0.5227976539961217,1
2.0,2.0,61998.65,63562.281617128276,2.46,1.0,1.7703114413230272,0.7006486216142672,1
1.0,0.0,52568.49,56879.99048566549,7.58,0.0,0.1871777691591947,0.41256625749707304,1
5.0,0.0,113549.1,155227.74576926616,26.85,2.0,3.3958913582795858,0.46904880910842134,2
2.0,1.0,127361.56,118244.88217190493,7.71,1.0,1.5965359655420976,0.612255171862345,1
8.0,2.0,46352.55,43786.65190909074,5.86,4.0,5.160386783047918,0.9149382953585874,2
2.0,0.0,141969.46,117944.21948027906,20.37,1.0,1.969990291717663,0.8405792872633253,1
5.0,2.0,28916.2,52834.282209206474,45.27,2.0,3.093147086308968,0.5223177975412685,2
0.0,0.0,122813.94,90845.43321029711,35.19,0.0,0.05605778891829111,0.5114482207057036,1
4.0,0.0,184873.11,178759.53172671382,3.42,2.0,3.2731768478222616,0.9911414384646717,1
2.0,1.0,148477.25,146658.6817081338,1.24,1.0,1.7937086683413792,0.7573689913697239,1
2.0,0.0,132144.61,133709.00317323237,1.17,1.0,1.79857505200546,0.7798738227028246,1
1.0,0.0,61152.07,63481.85537120639,3.67,0.0,0.08223911452045651,0.33858702777118627,1
0.0,0.0,40801.93,33670.5163303499,21.18,0.0,0.36057236364428336,0.37348077361261084,1
0.0,0.0,188891.72,153060.30701698753,23.41,0.0,0.12114056396636846,0.5061175445025827,1
8.0,2.0,111803.79,117899.17306408007,5.17,4.0,5.47405127547345,0.8894077856398845,2
2.0,0.0,129761.67,128324.43226660507,1.12,1.0,1.6139785886743558,0.9374685307365962,1
1.0,0.0,133214.24,195271.53068203866,31.78,0.0,0.008655739550458452,0.43372054216326317,1
8.0,0.0,77369.4,76180.97483176885,1.56,4.0,5.283922596658708,0.7999377370579851,2
1.0,0.0,238883.85,162142.03054878922,47.33,0.0,0.10142393655335602,0.9118963417904073,1
3.0,1.0,133097.54,116201.79976572367,14.54,1.0,1.8142869126737065,0.9152306331366304,1
5.0,2.0,46997.72,54699.389726119065,14.08,3.0,4.1146066802854735,0.6211650854809814,2
8.0,0.0,18611.29,20048.783077452426,7.17,4.0,5.214042182094901,0.4811449421113092,2
6.0,2.0,186751.84,127042.06947790252,47.0,3.0,4.089757200394006,0.9693987647360054,2
3.0,1.0,76063.3,66547.06591173893,14.3,1.0,1.714405678538707,0.4936081969167154,1
8.0,0.0,90671.67,142140.88583136618,36.21,4.0,5.068260169361698,0.47688654276806824,2
0.0,0.0,166226.35,143138.16073029637,16.13,0.0,0.16898652886292231,0.44397801642259005,1
7.0,0.0,123693.48,96537.48888567224,28.13,4.0,5.099465808408901,0.6727748224286758,2
6.0,1.0,59953.11,111915.4521995236,46.43,3.0,4.408050936391554,0.3750290459556242,2
8.0,1.0,152658.94,129043.90295690246,18.3,4.0,5.364677041797255,0.6994813689133104,2
0.0,0.0,118772.6,99034.93932201416,19.93,0.0,0.08340969908194673,0.9605825034533013,1
0.0,0.0,147156.11,176700.41513032367,16.72,0.0,0.04145227626383885,0.6534784519603782,1
4.0,0.0,24405.58,24427.569297454673,0.09,2.0,3.0128723030065148,0.9757433085629514,1
4.0,2.0,206974.17,196165.45029184542,5.51,2.0,3.1133358980672203,0.9339924120658825,1
4.0,2.0,17373.0,16355.67316757344,6.22,2.0,3.2400886829983557,0.8546111666700942,1
8.0,0.0,42152.15,49538.307620313,14.91,4.0,5.1999415984321,0.7256400744417124,2
5.0,1.0,85995.29,144578.4923843285,40.52,2.0,3.4857495158812797,0.9164745074891854,2
3.0,2.0,33331.62,26142.449274906066,27.5,1.0,1.8961228225959763,0.688488654526491,1
2.0,0.0,49548.94,59812.82309855208,17.16,1.0,1.5390933413739323,0.4450409195192875,1
1.0,1.0,34109.16,39255.5690192867,13.11,0.0,0.079466191266649,0.9476256323934849,1
1.0,1.0,205703.15,147478.59712508044,39.48,0.0,0.013299525937428225,0.6515329160055285,1
1.0,1.0,144920.79,119997.34434892755,20.77,0.0,0.06911318071912825,0.9354236520888555,1
5.0,1.0,25937.92,22250.936240491916,16.57,3.0,4.264708574413145,0.575202106404674,2
5.0,2.0,83678.77,97425.50472630534,14.11,3.0,4.038369017662605,0.5350070209373456,2
4.0,1.0,54170.26,49615.55632304865,9.18,2.0,3.0299339736550635,0.8361939265388314,1
3.0,0.0,198011.4,193862.73361665633,2.14,1.0,1.559080752147967,0.744111820147342,1
4.0,2.0,41620.22,30504.409988719864,36.44,2.0,3.3347068225366066,0.607807454484323,2
6.0,0.0,195521.61,123630.48331916668,58.15,3.0,4.009679062454055,0.9150123519371856,2
7.0,0.0,99743.37,101550.97481089544,1.78,4.0,5.484813050097031,0.6616036294482986,2
5.0,1.0,134791.59,119836.05442969236,12.48,2.0,3.1903931317572765,0.30895378936740153,2
5.0,2.0,217656.03,191733.64163416793,13.52,3.0,4.16829368051186,0.7852426997111877,2
4.0,2.0,87058.03,74843.55678513236,16.32,2.0,3.2374064169839314,0.34420966997809666,2
3.0,2.0,225079.03,152265.61091010494,47.82,1.0,1.7589308973083153,0.6367716036684083,2
8.0,1.0,49485.7,95018.63066334758,47.92,4.0,5.210006694481917,0.4344556695249338,2
3.0,1.0,126097.24,135544.70679785174,6.97,1.0,1.7431629404071554,0.4693884489476464,1
2.0,1.0,103547.89,79474.93379786974,30.29,1.0,1.669866950374643,0.9858706399218256,1
2.0,0.0,58537.64,53153.21899793997,10.13,1.0,1.6610037103617161,0.3794355190687474,1
4.0,1.0,21758.11,25887.108281728313,15.95,2.0,3.0136576325576305,0.8303950433795626,2
5.0,0.0,22102.22,29332.737750966786,24.65,2.0,3.335900267038524,0.746211588831713,2
4.0,0.0,190580.36,192291.76056506817,0.89,2.0,3.3086359897826187,0.43652988879735166,1
2.0,2.0,57210.82,159806.75773821102,64.2,1.0,1.8344101886861006,0.9547365525860223,2
1.0,1.0,61003.44,56542.25749449138,7.89,0.0,0.47052752703248607,0.44099151581032153,1
7.0,0.0,113036.13,110537.97499911796,2.26,4.0,5.2365423698344005,0.6609092910774594,2
2.0,0.0,96193.92,145704.21762651278,33.98,1.0,1.9408852171511208,0.8533653581355705,2
7.0,0.0,106104.57,76982.2013804736,37.83,4.0,5.221971623428924,0.8344998060188904,2
1.0,0.0,107506.35,93597.73105035906,14.86,0.0,0.23880701373078084,0.5237956036547823,1
4.0,2.0,155194.22,146492.56471881422,5.94,2.0,3.3164762588574446,0.8874906564814546,1
4.0,2.0,61097.66,53216.31980309541,14.81,2.0,3.1079506996928092,0.9734676340100599,2
5.0,2.0,112249.54,110005.42810866502,2.04,3.0,4.108678061278551,0.6318138771170564,2
1.0,1.0,66239.53,49916.75262038413,32.7,0.0,0.254915922109807,0.7566207097500406,1
8.0,0.0,4040.2,10584.744192949942,61.83,4.0,5.034304908860147,0.5551598542805438,2
4.0,0.0,114839.73,141150.10975735076,18.64,2.0,3.118329024711997,0.5478579817261042,2
4.0,2.0,183651.77,144380.32332803606,27.2,2.0,3.396706076790471,0.6288011060737819,2
4.0,2.0,284658.59,199187.31273341484,42.91,2.0,3.23186671366312,0.4379931670640916,2
1.0,1.0,41631.69,44392.93443501191,6.22,0.0,0.013310966774558175,0.7825810652390668,1
2.0,1.0,209614.52,150520.2617624906,39.26,1.0,1.5303707091811447,0.4159025313260658,2
0.0,0.0,152452.26,190113.81062890118,19.81,0.0,0.459757689286316,0.3036267014762004,1
2.0,2.0,127701.33,132470.2639941101,3.6,1.0,1.9783592241701464,0.6076332726529187,1
5.0,0.0,176090.2,192996.7064893162,8.76,2.0,3.320551918910792,0.3534941969191234,2
3.0,1.0,108344.79,198943.787202779,45.54,1.0,1.5924725542708733,0.6937071343348549,2
1.0,0.0,150460.11,162308.63633659243,7.3,0.0,0.18404310372626148,0.6642583375508633,0
0.0,0.0,276991.96,199864.32265411655,38.59,0.0,0.15273352826065217,0.3960850784890217,1
0.0,0.0,76531.88,128906.64726847467,40.63,0.0,0.3925781604107188,0.4721978216124517,1
0.0,0.0,109474.62,104440.5815965987,4.82,0.0,0.2685448425628826,0.3171165528842513,1
4.0,0.0,235692.61,184350.8883303416,27.85,2.0,3.3898282743073485,0.7157671720756817,2
1.0,1.0,168183.8,167881.60987245716,0.18,0.0,0.18025530510749987,0.50500633625344,0
8.0,1.0,31991.17,30921.293935309768,3.46,4.0,5.4347557317383535,0.7990892824569497,2
0.0,0.0,64425.01,67517.30289176534,4.58,0.0,0.21458118736473858,0.7408781157608862,0
1.0,0.0,72974.67,59522.572881697255,22.6,0.0,0.20868703419062196,0.5615113134083625,1
7.0,0.0,211260.4,172499.71528176466,22.47,4.0,5.244549219011244,0.31520622217166716,2
1.0,1.0,53105.36,54316.6173182927,2.23,0.0,0.2959028768522067,0.5241151068285862,0
3.0,2.0,75243.37,67768.50677007805,11.03,1.0,1.9470559265790641,0.5274046427487175,1
7.0,2.0,141043.08,108569.8443161903,29.91,4.0,5.228877772398693,0.5328935519090294,2
8.0,2.0,25553.74,24462.702475614486,4.46,4.0,5.4650681186069905,0.9674104065692881,2
6.0,2.0,139794.23,192633.63210120436,27.43,3.0,4.19683416768344,0.4151917411078727,2
0.0,0.0,78251.21,103301.92754182211,24.25,0.0,0.1622863472708579,0.4890417112891052,1
4.0,2.0,55386.56,46182.40756555585,19.93,2.0,3.1475228036593936,0.8826792669141554,2
8.0,1.0,69838.53,61455.94018651088,13.64,4.0,5.010576002349932,0.9476102669229298,2
7.0,2.0,201592.31,161635.91194656072,24.72,4.0,5.424571970306928,0.6277999222249109,2
0.0,0.0,109052.54,130461.23123390024,16.41,0.0,0.03961686888131716,0.6780341499411322,1
3.0,1.0,63900.97,98278.94460244512,34.98,1.0,1.6671656762936344,0.3370008684963357,2
3.0,2.0,75522.91,73004.25980372286,3.45,1.0,1.6252283931936156,0.8656269003587704,1
1.0,1.0,209802.91,181130.02897168355,15.83,0.0,0.37221836709661077,0.7161922587306704,1
4.0,0.0,187564.6,156787.26265551412,19.63,2.0,3.466293587835449,0.6353070415603226,2
1.0,1.0,149765.5,146441.28709647374,2.27,0.0,0.4083548919644219,0.5118029074590028,0
2.0,1.0,89519.92,94740.09587727429,5.51,1.0,1.6599991648786263,0.6106396895469715,1
1.0,1.0,144604.72,196420.42864436432,26.38,0.0,0.22787867176546456,0.814718422316302,1
3.0,1.0,167070.61,144913.35638939816,15.29,1.0,1.6235184482173044,0.3565419038142442,1
0.0,0.0,103500.97,90488.6977474652,14.38,0.0,0.4619900956606848,0.6547699364753099,1
3.0,1.0,233219.67,192504.88830897675,21.15,1.0,1.5593722872949398,0.32424664548691945,1
1.0,1.0,231433.15,180187.74934089318,28.44,0.0,0.47597722782235324,0.84057706157514,1
8.0,2.0,130669.88,150593.38677342335,13.23,4.0,5.406828413708002,0.44771252208413576,2
0.0,0.0,150465.61,155729.26310781552,3.38,0.0,0.35578885626315515,0.9323713807624867,0
5.0,2.0,89249.52,90489.22494184195,1.37,2.0,3.386996828325018,0.6332662046051513,1
0.0,0.0,72488.0,106396.5956897328,31.87,0.0,0.1696734034510236,0.6200846085035496,1
0.0,0.0,30944.79,46393.99441700016,33.3,0.0,0.1479432537035561,0.5522463667180708,1
0.0,0.0,72446.92,123125.28665143119,41.16,0.0,0.1907104327838261,0.6614526304985677,1
1.0,1.0,67278.11,80284.1441882237,16.2,0.0,0.09080662421037733,0.5366195345812096,1
1.0,1.0,80300.43,76013.2818583671,5.64,0.0,0.3731800425980519,0.5519472410652646,1
3.0,1.0,168218.51,190163.35821623253,11.54,1.0,1.73752191850301,0.436928914292419,1
4.0,2.0,37925.66,41308.852304959495,8.19,2.0,3.4429049791598585,0.5416501148309263,1
1.0,0.0,240072.13,167694.98097777387,43.16,0.0,0.4391907546384263,0.8682005695274584,1
2.0,1.0,40264.75,63479.02849153787,36.57,1.0,1.5779269392912725,0.47198358181676514,2
4.0,2.0,17432.29,15444.569513804843,12.87,2.0,3.109409134336893,0.8748876803585792,2
1.0,1.0,13862.07,17687.985167477218,21.63,0.0,0.20532011283056328,0.9029189042035792,1
3.0,0.0,104945.72,91543.7235913156,14.64,1.0,1.5594072298088169,0.7664340766454993,1
1.0,0.0,137372.37,96347.57216821,42.58,0.0,0.344716942380191,0.3214787473608219,1
0.0,0.0,76409.26,70847.71440442622,7.85,0.0,0.36879782766825264,0.692723454622824,1
3.0,2.0,153612.25,137068.12505722954,12.07,1.0,1.860675179397966,0.8832042319516185,1
8.0,1.0,136079.0,102215.12791362245,33.13,4.0,5.235105157009034,0.5560483400489746,2
8.0,0.0,28758.11,24081.48260291981,19.42,4.0,5.421608110933668,0.49797560503878313,2
7.0,0.0,100435.35,76133.52703352235,31.92,4.0,5.3029228733693,0.524963763473677,2
2.0,1.0,29572.66,29372.91943148175,0.68,1.0,1.9968058880933048,0.596153478039942,1
1.0,1.0,23631.27,21953.981839145978,7.64,0.0,0.4077191090545895,0.34911842280967875,1
3.0,0.0,54967.42,49578.258749514,10.87,1.0,1.8611294078915308,0.46637956951284937,1
1.0,1.0,142408.1,143109.33762069774,0.49,0.0,0.06165140125874552,0.7528545360883823,0
1.0,1.0,180716.32,142240.31268788825,27.05,0.0,0.4163000188158405,0.6307389693910256,1
0.0,0.0,202005.89,173663.9341496766,16.32,0.0,0.15278610782902463,0.4731389397506909,1
3.0,0.0,142329.04,153719.6655731772,7.41,1.0,1.7094571477724305,0.9516154102832797,1
2.0,1.0,104816.04,111744.18057961775,6.2,1.0,1.7313801423101425,0.5068796696956696,1
1.0,1.0,69236.69,69396.29672175957,0.23,0.0,0.16565526448935491,0.39052251100161567,0
